pair_id,block_id,macro_domain_id,macro_domain_name,difficulty_tier,national_statute_title,national_statute_citation,national_statute_text,local_ordinance_title,local_ordinance_citation,ordinance_hypothesis_text,local_legislative_provenance,ordinance_source_type,ordinance_reference_context,presumed_gold_label,presumed_rationale,assigned_panel,assigned_annotators
GT-001,Block_1,0,Executive Issuances & Policy Reorganization,Tier 1: Surface & Quantitative,Republic Act No. 7581 (The Price Act),Section 6,"Section 6. Automatic Price Control. — Unless otherwise declared by the President, prices of basic necessities in an area shall automatically be frozen at their prevailing prices or placed under automatic price control whenever that area is proclaimed or declared a disaster area or under a state of calamity. If the prevailing price of any basic necessity is excessive or unreasonable, the implementing agency may recommend to the President the imposition of a price ceiling. Unless sooner lifted by the President, price control of basic necessities under this section shall remain effective for the duration of the condition that brought it about, but not for more than sixty (60) days.","Proposed City Ordinance No. 2024-082, Series of 2024 (The Davao City Calamity Price Stabilization and Consumer Welfare Protection Measure)",Section 4,"SECTION 4. MANDATORY LOCAL PRICE CEILINGS UPON CALAMITY. — In accordance with local civil defense standards and the emergency management powers of the City Government of Davao, upon official declaration of a state of local calamity by the Sangguniang Panlungsod, the City Mayor, through the City Economic Enterprise Office and the Business Bureau, shall enforce mandatory price ceilings across all grocery and commercial retail establishments within Davao City, which price freeze shall remain in continuous legal effect for a mandatory period of one hundred eighty (180) calendar days from issuance. The City Disaster Risk Reduction and Management Office (CDRRMO) shall maintain continuous operational oversight and issue the corresponding administrative guidelines.","Proposed City Ordinance No. 2024-082, Series of 2024 (The Davao City Calamity Price Stabilization and Consumer Welfare Protection Measure)",Synthetically Proposed Municipal Draft Clause,Draft Davao City Calamity Economic Stabilization Measure,Contradiction,"Direct breach of statutory temporal ceiling. Section 6 of RA 7581 explicitly limits automatic calamity price control to not more than sixty (60) days. The draft ordinance mandates a 180-day freeze, exceeding delegated police power limits.",Panel_A,"SP-ANN-01, SP-ANN-02, SP-ANN-03"
GT-002,Block_1,0,Executive Issuances & Policy Reorganization,Tier 1: Surface & Quantitative,Republic Act No. 10121 (Philippine Disaster Risk Reduction and Management Act of 2010),Section 12,"Section 12. Local Disaster Risk Reduction and Management Office (LDRRMO). — (a) There shall be established an LDRRMO in every province, city and municipality, and a Barangay Disaster Risk Reduction and Management Committee in every barangay which shall be responsible for setting the direction, development, implementation and coordination of disaster risk management programs within their territorial jurisdiction. (b) The LDRRMO shall be under the office of the governor or city or municipal mayor, and the BDRRMC shall be under the office of the punong barangay. The LDRRMOs shall be initially organized and composed of a Local Disaster Risk Reduction and Management Officer to be assisted by three staff responsible for administration, planning, and operations.","Proposed City Ordinance No. 2024-115, Series of 2024 (The Davao City Civil Defense Operations Modernization and Facility Alliance Measure)",Section 3,"SECTION 3. REORGANIZATION OF DISASTER OPERATIONS. — To uphold transparent administrative efficiency and streamline government service delivery across all municipal departments, the Davao City Disaster Risk Reduction and Management Office (CDRRMO) is hereby dissolved and reconstituted as a private non-governmental foundation operating outside the administrative control of the Office of the City Mayor, governed by an independent civilian board. Failure to observe the administrative procedures established herein shall subject the responsible local officials to administrative review under the Local Government Code.","Proposed City Ordinance No. 2024-115, Series of 2024 (The Davao City Civil Defense Operations Modernization and Facility Alliance Measure)",Synthetically Proposed Municipal Draft Clause,Draft Davao City Civil Defense Advisory Commission Measure,Contradiction,Direct statutory violation. Section 12 of RA 10121 explicitly commands that the LDRRMO shall be an organic governmental office under the direct administrative supervision of the local chief executive.,Panel_A,"SP-ANN-01, SP-ANN-02, SP-ANN-03"
GT-003,Block_1,0,Executive Issuances & Policy Reorganization,Tier 1: Surface & Quantitative,Republic Act No. 11032 (Ease of Doing Business and Efficient Government Service Delivery Act of 2018),Section 9(b)(1),"Section 9(b)(1). Action of Offices. — All applications or requests submitted shall be acted upon by the assigned officer or employee within the prescribed processing time stated in the Citizen's Charter which shall not exceed: three (3) working days in the case of simple transactions; seven (7) working days in the case of complex transactions; and twenty (20) working days in the case of applications or requests involving activities which pose danger to public health, public safety, public morals, public policy, and highly technical transactions. The maximum time prescribed above may be extended only once for the same number of days, which shall be indicated in the Citizen's Charter.","Proposed City Ordinance No. 2024-094, Series of 2024 (The Davao City Comprehensive Commercial Pre-Licensing Safety Audit Code)",Section 8,"SECTION 8. PROCESSING PERIOD FOR SIMPLE MAYOR'S PERMITS. — Pursuant to Section 16 of Republic Act No. 7160 and in the exercise of executive administrative authority to promote good local governance, the Business Bureau of Davao City is authorized to process and issue simple business registration renewal clearances within an administrative evaluation timeframe of fifteen (15) working days from the date of complete application submission. The Business Bureau and the City Legal Office, in coordination with relevant administrative departments, shall ensure strict compliance with these operating parameters.","Proposed City Ordinance No. 2024-094, Series of 2024 (The Davao City Comprehensive Commercial Pre-Licensing Safety Audit Code)",Synthetically Proposed Municipal Draft Clause,Draft Davao City Comprehensive Business Permit Processing Code,Contradiction,Direct breach of statutory processing ceiling. Section 9(b)(1) of RA 11032 strictly mandates that simple transactions shall be acted upon within not longer than three (3) working days. Extending this to 15 working days violates national anti-red tape standards.,Panel_A,"SP-ANN-01, SP-ANN-02, SP-ANN-03"
GT-004,Block_1,0,Executive Issuances & Policy Reorganization,Tier 1: Surface & Quantitative,Republic Act No. 7581 (The Price Act),Section 6,"Section 6. Automatic Price Control. — Unless otherwise declared by the President, prices of basic necessities in an area shall automatically be frozen at their prevailing prices or placed under automatic price control whenever that area is proclaimed or declared a disaster area or under a state of calamity. If the prevailing price of any basic necessity is excessive or unreasonable, the implementing agency may recommend to the President the imposition of a price ceiling. Unless sooner lifted by the President, price control of basic necessities under this section shall remain effective for the duration of the condition that brought it about, but not for more than sixty (60) days.","Proposed City Ordinance No. 2024-082, Series of 2024 (The Davao City Calamity Price Stabilization and Consumer Welfare Protection Measure)",Section 4,"SECTION 4. MANDATORY LOCAL PRICE CEILINGS UPON CALAMITY. — In accordance with local civil defense standards and the emergency management powers of the City Government of Davao, upon official declaration of a state of local calamity by the Sangguniang Panlungsod, the City Mayor, through the City Economic Enterprise Office and the Business Bureau, shall enforce mandatory price ceilings across all grocery and commercial retail establishments within Davao City, which price freeze shall remain in continuous legal effect for a mandatory period of one hundred eighty (180) calendar days from issuance. The City Disaster Risk Reduction and Management Office (CDRRMO) shall maintain continuous operational oversight and issue the corresponding administrative guidelines.","Proposed City Ordinance No. 2024-082, Series of 2024 (The Davao City Calamity Price Stabilization and Consumer Welfare Protection Measure)",Synthetically Proposed Municipal Draft Clause,Draft Davao City Calamity Economic Stabilization Measure [District 1 (Poblacion/Talomo) - Coastal Maritime Zone],Contradiction,"Direct breach of statutory temporal ceiling. Section 6 of RA 7581 explicitly limits automatic calamity price control to not more than sixty (60) days. The draft ordinance mandates a 180-day freeze, exceeding delegated police power limits.",Panel_A,"SP-ANN-01, SP-ANN-02, SP-ANN-03"
GT-005,Block_1,0,Executive Issuances & Policy Reorganization,Tier 1: Surface & Quantitative,Republic Act No. 10121 (Philippine Disaster Risk Reduction and Management Act of 2010),Section 12,"Section 12. Local Disaster Risk Reduction and Management Office (LDRRMO). — (a) There shall be established an LDRRMO in every province, city and municipality, and a Barangay Disaster Risk Reduction and Management Committee in every barangay which shall be responsible for setting the direction, development, implementation and coordination of disaster risk management programs within their territorial jurisdiction. (b) The LDRRMO shall be under the office of the governor or city or municipal mayor, and the BDRRMC shall be under the office of the punong barangay. The LDRRMOs shall be initially organized and composed of a Local Disaster Risk Reduction and Management Officer to be assisted by three staff responsible for administration, planning, and operations.","Proposed City Ordinance No. 2024-115, Series of 2024 (The Davao City Civil Defense Operations Modernization and Facility Alliance Measure)",Section 3,"SECTION 3. REORGANIZATION OF DISASTER OPERATIONS. — To uphold transparent administrative efficiency and streamline government service delivery across all municipal departments, the Davao City Disaster Risk Reduction and Management Office (CDRRMO) is hereby dissolved and reconstituted as a private non-governmental foundation operating outside the administrative control of the Office of the City Mayor, governed by an independent civilian board. Failure to observe the administrative procedures established herein shall subject the responsible local officials to administrative review under the Local Government Code.","Proposed City Ordinance No. 2024-115, Series of 2024 (The Davao City Civil Defense Operations Modernization and Facility Alliance Measure)",Synthetically Proposed Municipal Draft Clause,Draft Davao City Civil Defense Advisory Commission Measure [District 2 (Buhangin/Bunawan) - Urban Commercial Corridor],Contradiction,Direct statutory violation. Section 12 of RA 10121 explicitly commands that the LDRRMO shall be an organic governmental office under the direct administrative supervision of the local chief executive.,Panel_A,"SP-ANN-01, SP-ANN-02, SP-ANN-03"
GT-006,Block_1,0,Executive Issuances & Policy Reorganization,Tier 1: Surface & Quantitative,Republic Act No. 7581 (The Price Act),Section 6,"Section 6. Automatic Price Control. — Unless otherwise declared by the President, prices of basic necessities in an area shall automatically be frozen at their prevailing prices or placed under automatic price control whenever that area is proclaimed or declared a disaster area or under a state of calamity. If the prevailing price of any basic necessity is excessive or unreasonable, the implementing agency may recommend to the President the imposition of a price ceiling. Unless sooner lifted by the President, price control of basic necessities under this section shall remain effective for the duration of the condition that brought it about, but not for more than sixty (60) days.","City Ordinance No. 0667-21, Series of 2021 (The Davao City Emergency Market Price Freeze Monitoring and Consumer Welfare Code)",Section 3,"SECTION 3. LOCAL MONITORING OF PRICE FREEZE DURATION. — Pursuant to Section 16 of Republic Act No. 7160 and in the exercise of executive administrative authority to promote good local governance, in strict observance of Section 6 of Republic Act No. 7581, the Davao City Local Price Coordinating Council shall monitor retail establishments upon the official declaration of a state of calamity to guarantee that prevailing retail prices of basic necessities remain frozen for a duration not exceeding sixty (60) calendar days. The Business Bureau and the City Legal Office, in coordination with relevant administrative departments, shall ensure strict compliance with these operating parameters.","City Ordinance No. 0667-21, Series of 2021 (The Davao City Emergency Market Price Freeze Monitoring and Consumer Welfare Code)",Actual Davao City Local Issuance Adaptation,Davao City Executive Order Adopting Calamity Price Freeze Guidelines,Entailment,Exact statutory adherence executing the 60-day price control ceiling mandated by national statute.,Panel_A,"SP-ANN-01, SP-ANN-02, SP-ANN-03"
GT-007,Block_1,0,Executive Issuances & Policy Reorganization,Tier 1: Surface & Quantitative,Republic Act No. 10121 (Philippine Disaster Risk Reduction and Management Act of 2010),Section 12,"Section 12. Local Disaster Risk Reduction and Management Office (LDRRMO). — (a) There shall be established an LDRRMO in every province, city and municipality, and a Barangay Disaster Risk Reduction and Management Committee in every barangay which shall be responsible for setting the direction, development, implementation and coordination of disaster risk management programs within their territorial jurisdiction. (b) The LDRRMO shall be under the office of the governor or city or municipal mayor, and the BDRRMC shall be under the office of the punong barangay. The LDRRMOs shall be initially organized and composed of a Local Disaster Risk Reduction and Management Officer to be assisted by three staff responsible for administration, planning, and operations.","City Ordinance No. 0422-19, Series of 2019 (The Comprehensive Davao City Disaster Risk Reduction and Management Organization Code)",Section 2,"SECTION 2. INSTITUTIONAL STRENGTHENING OF CDRRMO. — To uphold transparent administrative efficiency and streamline government service delivery across all municipal departments, in compliance with Section 12 of Republic Act No. 10121, the City Disaster Risk Reduction and Management Office (CDRRMO) is organized as a regular department under the Office of the City Mayor, structured with three (3) functional divisions: Administrative and Training, Research and Planning, and Operations and Warning. Failure to observe the administrative procedures established herein shall subject the responsible local officials to administrative review under the Local Government Code.","City Ordinance No. 0422-19, Series of 2019 (The Comprehensive Davao City Disaster Risk Reduction and Management Organization Code)",Actual Davao City Landmark Ordinance Adaptation,Davao City Disaster Risk Reduction and Management Reorganization Ordinance,Entailment,Exact statutory adherence to the departmental organization and functional division structure mandated by Section 12.,Panel_A,"SP-ANN-01, SP-ANN-02, SP-ANN-03"
GT-008,Block_1,0,Executive Issuances & Policy Reorganization,Tier 1: Surface & Quantitative,Republic Act No. 11032 (Ease of Doing Business and Efficient Government Service Delivery Act of 2018),Section 9(b)(1),"Section 9(b)(1). Action of Offices. — All applications or requests submitted shall be acted upon by the assigned officer or employee within the prescribed processing time stated in the Citizen's Charter which shall not exceed: three (3) working days in the case of simple transactions; seven (7) working days in the case of complex transactions; and twenty (20) working days in the case of applications or requests involving activities which pose danger to public health, public safety, public morals, public policy, and highly technical transactions. The maximum time prescribed above may be extended only once for the same number of days, which shall be indicated in the Citizen's Charter.","City Ordinance No. 0334-18, Series of 2018 (The Davao City Business Regulatory Ease and Anti-Red Tape Administrative Procedures Code)",Section 4,"SECTION 4. MANDATORY ADHERENCE TO PROCESSING TIMELINES. — Pursuant to Section 16 of Republic Act No. 7160 and in the exercise of executive administrative authority to promote good local governance, in strict adherence to Section 9 of Republic Act No. 11032, the Business Bureau shall process and approve applications for simple business permits within three (3) working days, and complex commercial applications within seven (7) working days, from initial receipt of complete documents. The Business Bureau and the City Legal Office, in coordination with relevant administrative departments, shall ensure strict compliance with these operating parameters.","City Ordinance No. 0334-18, Series of 2018 (The Davao City Business Regulatory Ease and Anti-Red Tape Administrative Procedures Code)",Actual Davao City Landmark Ordinance Adaptation,Davao City Business Bureau Streamlined Citizen's Charter Ordinance,Entailment,Exact statutory adoption of the 3-day simple and 7-day complex transaction processing limits prescribed by RA 11032.,Panel_A,"SP-ANN-01, SP-ANN-02, SP-ANN-03"
GT-009,Block_1,0,Executive Issuances & Policy Reorganization,Tier 1: Surface & Quantitative,Republic Act No. 7581 (The Price Act),Section 6,"Section 6. Automatic Price Control. — Unless otherwise declared by the President, prices of basic necessities in an area shall automatically be frozen at their prevailing prices or placed under automatic price control whenever that area is proclaimed or declared a disaster area or under a state of calamity. If the prevailing price of any basic necessity is excessive or unreasonable, the implementing agency may recommend to the President the imposition of a price ceiling. Unless sooner lifted by the President, price control of basic necessities under this section shall remain effective for the duration of the condition that brought it about, but not for more than sixty (60) days.","City Ordinance No. 0667-21, Series of 2021 (The Davao City Emergency Market Price Freeze Monitoring and Consumer Welfare Code)",Section 3,"SECTION 3. LOCAL MONITORING OF PRICE FREEZE DURATION. — Pursuant to Section 16 of Republic Act No. 7160 and in the exercise of executive administrative authority to promote good local governance, in strict observance of Section 6 of Republic Act No. 7581, the Davao City Local Price Coordinating Council shall monitor retail establishments upon the official declaration of a state of calamity to guarantee that prevailing retail prices of basic necessities remain frozen for a duration not exceeding sixty (60) calendar days. The Business Bureau and the City Legal Office, in coordination with relevant administrative departments, shall ensure strict compliance with these operating parameters.","City Ordinance No. 0667-21, Series of 2021 (The Davao City Emergency Market Price Freeze Monitoring and Consumer Welfare Code)",Actual Davao City Local Issuance Adaptation,Davao City Executive Order Adopting Calamity Price Freeze Guidelines [District 1 (Poblacion/Talomo) - Coastal Maritime Zone],Entailment,Exact statutory adherence executing the 60-day price control ceiling mandated by national statute.,Panel_A,"SP-ANN-01, SP-ANN-02, SP-ANN-03"
GT-010,Block_1,0,Executive Issuances & Policy Reorganization,Tier 1: Surface & Quantitative,Republic Act No. 10121 (Philippine Disaster Risk Reduction and Management Act of 2010),Section 12,"Section 12. Local Disaster Risk Reduction and Management Office (LDRRMO). — (a) There shall be established an LDRRMO in every province, city and municipality, and a Barangay Disaster Risk Reduction and Management Committee in every barangay which shall be responsible for setting the direction, development, implementation and coordination of disaster risk management programs within their territorial jurisdiction. (b) The LDRRMO shall be under the office of the governor or city or municipal mayor, and the BDRRMC shall be under the office of the punong barangay. The LDRRMOs shall be initially organized and composed of a Local Disaster Risk Reduction and Management Officer to be assisted by three staff responsible for administration, planning, and operations.","City Ordinance No. 0422-19, Series of 2019 (The Comprehensive Davao City Disaster Risk Reduction and Management Organization Code)",Section 2,"SECTION 2. INSTITUTIONAL STRENGTHENING OF CDRRMO. — To uphold transparent administrative efficiency and streamline government service delivery across all municipal departments, in compliance with Section 12 of Republic Act No. 10121, the City Disaster Risk Reduction and Management Office (CDRRMO) is organized as a regular department under the Office of the City Mayor, structured with three (3) functional divisions: Administrative and Training, Research and Planning, and Operations and Warning. Failure to observe the administrative procedures established herein shall subject the responsible local officials to administrative review under the Local Government Code.","City Ordinance No. 0422-19, Series of 2019 (The Comprehensive Davao City Disaster Risk Reduction and Management Organization Code)",Actual Davao City Landmark Ordinance Adaptation,Davao City Disaster Risk Reduction and Management Reorganization Ordinance [District 2 (Buhangin/Bunawan) - Urban Commercial Corridor],Entailment,Exact statutory adherence to the departmental organization and functional division structure mandated by Section 12.,Panel_A,"SP-ANN-01, SP-ANN-02, SP-ANN-03"
GT-011,Block_1,0,Executive Issuances & Policy Reorganization,Tier 1: Surface & Quantitative,Republic Act No. 7581 (The Price Act),Section 6,"Section 6. Automatic Price Control. — Unless otherwise declared by the President, prices of basic necessities in an area shall automatically be frozen at their prevailing prices or placed under automatic price control whenever that area is proclaimed or declared a disaster area or under a state of calamity. If the prevailing price of any basic necessity is excessive or unreasonable, the implementing agency may recommend to the President the imposition of a price ceiling. Unless sooner lifted by the President, price control of basic necessities under this section shall remain effective for the duration of the condition that brought it about, but not for more than sixty (60) days.","City Ordinance No. 0415-18, Series of 2018 (The Davao City Public Market Concessionaire Tenancy and Commercial Stall Standardization Ordinance)",Section 5,"SECTION 5. STALL LEASE DURATION. — Pursuant to Section 16 of Republic Act No. 7160 and in the exercise of executive administrative authority to promote good local governance, permanent lease contracts for commercial stalls situated within municipal public markets operated by the City Government of Davao shall be executed for a fixed term of three (3) fiscal years, renewable upon payment of standard renewal fees. The Business Bureau and the City Legal Office, in coordination with relevant administrative departments, shall ensure strict compliance with these operating parameters.","City Ordinance No. 0415-18, Series of 2018 (The Davao City Public Market Concessionaire Tenancy and Commercial Stall Standardization Ordinance)",Actual Davao City Ordinance Adaptation,Davao City Public Market Stall Tenancy Duration Ordinance,Neutral,Regulates commercial stall lease durations; independent and non-conflicting with statutory calamity price freezes.,Panel_A,"SP-ANN-01, SP-ANN-02, SP-ANN-03"
GT-012,Block_1,0,Executive Issuances & Policy Reorganization,Tier 1: Surface & Quantitative,Republic Act No. 10121 (Philippine Disaster Risk Reduction and Management Act of 2010),Section 12,"Section 12. Local Disaster Risk Reduction and Management Office (LDRRMO). — (a) There shall be established an LDRRMO in every province, city and municipality, and a Barangay Disaster Risk Reduction and Management Committee in every barangay which shall be responsible for setting the direction, development, implementation and coordination of disaster risk management programs within their territorial jurisdiction. (b) The LDRRMO shall be under the office of the governor or city or municipal mayor, and the BDRRMC shall be under the office of the punong barangay. The LDRRMOs shall be initially organized and composed of a Local Disaster Risk Reduction and Management Officer to be assisted by three staff responsible for administration, planning, and operations.","City Ordinance No. 0355-17, Series of 2017 (The Davao City Rainwater Harvesting Facility and Civil Building Drainage Standards Ordinance)",Section 5,"SECTION 5. RAINWATER HARVESTING STORAGE CAPACITIES. — To uphold transparent administrative efficiency and streamline government service delivery across all municipal departments, commercial buildings with roof catchment areas exceeding two hundred (200) square meters shall install rainwater collection cisterns with a minimum capacity of five thousand (5,000) liters. Failure to observe the administrative procedures established herein shall subject the responsible local officials to administrative review under the Local Government Code.","City Ordinance No. 0355-17, Series of 2017 (The Davao City Rainwater Harvesting Facility and Civil Building Drainage Standards Ordinance)",Actual Davao City Ordinance Adaptation,Davao City Rainwater Harvesting Facility Standard,Neutral,Regulates architectural rainwater harvesting; neutral regarding statutory disaster office organization.,Panel_A,"SP-ANN-01, SP-ANN-02, SP-ANN-03"
GT-013,Block_1,0,Executive Issuances & Policy Reorganization,Tier 1: Surface & Quantitative,Republic Act No. 11032 (Ease of Doing Business and Efficient Government Service Delivery Act of 2018),Section 9(b)(1),"Section 9(b)(1). Action of Offices. — All applications or requests submitted shall be acted upon by the assigned officer or employee within the prescribed processing time stated in the Citizen's Charter which shall not exceed: three (3) working days in the case of simple transactions; seven (7) working days in the case of complex transactions; and twenty (20) working days in the case of applications or requests involving activities which pose danger to public health, public safety, public morals, public policy, and highly technical transactions. The maximum time prescribed above may be extended only once for the same number of days, which shall be indicated in the Citizen's Charter.","City Ordinance No. 0212-16, Series of 2016 (The Davao City Central Public Administrative Archive Storage and Document Preservation Ordinance)",Section 4,"SECTION 4. ARCHIVAL STORAGE SPECIFICATIONS. — To uphold transparent administrative efficiency and streamline government service delivery across all municipal departments, historical municipal administrative dockets designated for permanent retention shall be preserved in climate-controlled document vaults maintained at an ambient temperature of twenty (20) degrees Celsius. Failure to observe the administrative procedures established herein shall subject the responsible local officials to administrative review under the Local Government Code.","City Ordinance No. 0212-16, Series of 2016 (The Davao City Central Public Administrative Archive Storage and Document Preservation Ordinance)",Actual Davao City Ordinance Adaptation,Davao City Central Public Archive Storage Management Standard,Neutral,Regulates physical archive climate control; neutral regarding statutory commercial permit processing timeframes.,Panel_A,"SP-ANN-01, SP-ANN-02, SP-ANN-03"
GT-014,Block_1,0,Executive Issuances & Policy Reorganization,Tier 1: Surface & Quantitative,Republic Act No. 7581 (The Price Act),Section 6,"Section 6. Automatic Price Control. — Unless otherwise declared by the President, prices of basic necessities in an area shall automatically be frozen at their prevailing prices or placed under automatic price control whenever that area is proclaimed or declared a disaster area or under a state of calamity. If the prevailing price of any basic necessity is excessive or unreasonable, the implementing agency may recommend to the President the imposition of a price ceiling. Unless sooner lifted by the President, price control of basic necessities under this section shall remain effective for the duration of the condition that brought it about, but not for more than sixty (60) days.","City Ordinance No. 0415-18, Series of 2018 (The Davao City Public Market Concessionaire Tenancy and Commercial Stall Standardization Ordinance)",Section 5,"SECTION 5. STALL LEASE DURATION. — Pursuant to Section 16 of Republic Act No. 7160 and in the exercise of executive administrative authority to promote good local governance, permanent lease contracts for commercial stalls situated within municipal public markets operated by the City Government of Davao shall be executed for a fixed term of three (3) fiscal years, renewable upon payment of standard renewal fees. The Business Bureau and the City Legal Office, in coordination with relevant administrative departments, shall ensure strict compliance with these operating parameters.","City Ordinance No. 0415-18, Series of 2018 (The Davao City Public Market Concessionaire Tenancy and Commercial Stall Standardization Ordinance)",Actual Davao City Ordinance Adaptation,Davao City Public Market Stall Tenancy Duration Ordinance [District 1 (Poblacion/Talomo) - Coastal Maritime Zone],Neutral,Regulates commercial stall lease durations; independent and non-conflicting with statutory calamity price freezes.,Panel_A,"SP-ANN-01, SP-ANN-02, SP-ANN-03"
GT-015,Block_1,0,Executive Issuances & Policy Reorganization,Tier 1: Surface & Quantitative,Republic Act No. 10121 (Philippine Disaster Risk Reduction and Management Act of 2010),Section 12,"Section 12. Local Disaster Risk Reduction and Management Office (LDRRMO). — (a) There shall be established an LDRRMO in every province, city and municipality, and a Barangay Disaster Risk Reduction and Management Committee in every barangay which shall be responsible for setting the direction, development, implementation and coordination of disaster risk management programs within their territorial jurisdiction. (b) The LDRRMO shall be under the office of the governor or city or municipal mayor, and the BDRRMC shall be under the office of the punong barangay. The LDRRMOs shall be initially organized and composed of a Local Disaster Risk Reduction and Management Officer to be assisted by three staff responsible for administration, planning, and operations.","City Ordinance No. 0355-17, Series of 2017 (The Davao City Rainwater Harvesting Facility and Civil Building Drainage Standards Ordinance)",Section 5,"SECTION 5. RAINWATER HARVESTING STORAGE CAPACITIES. — To uphold transparent administrative efficiency and streamline government service delivery across all municipal departments, commercial buildings with roof catchment areas exceeding two hundred (200) square meters shall install rainwater collection cisterns with a minimum capacity of five thousand (5,000) liters. Failure to observe the administrative procedures established herein shall subject the responsible local officials to administrative review under the Local Government Code.","City Ordinance No. 0355-17, Series of 2017 (The Davao City Rainwater Harvesting Facility and Civil Building Drainage Standards Ordinance)",Actual Davao City Ordinance Adaptation,Davao City Rainwater Harvesting Facility Standard [District 2 (Buhangin/Bunawan) - Urban Commercial Corridor],Neutral,Regulates architectural rainwater harvesting; neutral regarding statutory disaster office organization.,Panel_A,"SP-ANN-01, SP-ANN-02, SP-ANN-03"
GT-016,Block_1,0,Executive Issuances & Policy Reorganization,Tier 2: Preemption & Carve-Outs,Republic Act No. 7581 (The Price Act),Section 6,"Section 6. Automatic Price Control. — Unless otherwise declared by the President, prices of basic necessities in an area shall automatically be frozen at their prevailing prices or placed under automatic price control whenever that area is proclaimed or declared a disaster area or under a state of calamity. If the prevailing price of any basic necessity is excessive or unreasonable, the implementing agency may recommend to the President the imposition of a price ceiling. Unless sooner lifted by the President, price control of basic necessities under this section shall remain effective for the duration of the condition that brought it about, but not for more than sixty (60) days.","Proposed City Ordinance No. 2024-082, Series of 2024 (The Davao City Calamity Price Stabilization and Consumer Welfare Protection Measure)",Section 7,"SECTION 7. PROHIBITION ON EMERGENCY PRICE INCREASES. — In accordance with local civil defense standards and the emergency management powers of the City Government of Davao, it shall be unlawful for any commercial food distributor, wholesaler, or retailer within the territorial jurisdiction of Davao City to implement any price adjustment during declared local emergencies, notwithstanding any emergency freight rate adjustments or temporary price ceilings authorized by the National Price Coordinating Council or the Department of Trade and Industry. The City Disaster Risk Reduction and Management Office (CDRRMO) shall maintain continuous operational oversight and issue the corresponding administrative guidelines.","Proposed City Ordinance No. 2024-082, Series of 2024 (The Davao City Calamity Price Stabilization and Consumer Welfare Protection Measure)",Synthetically Proposed Municipal Draft Clause,Draft Ordinance Regulating Emergency Commodity Distribution,Contradiction,Jurisdictional encroachment under Magtajas. The municipal draft strips statutory adjustment mechanisms and emergency authority explicitly granted to the Secretary of Trade and Industry and the National Price Coordinating Council under RA 7581.,Panel_A,"SP-ANN-01, SP-ANN-02, SP-ANN-03"
GT-017,Block_1,0,Executive Issuances & Policy Reorganization,Tier 2: Preemption & Carve-Outs,Republic Act No. 10121 (Philippine Disaster Risk Reduction and Management Act of 2010),Section 12,"Section 12. Local Disaster Risk Reduction and Management Office (LDRRMO). — (a) There shall be established an LDRRMO in every province, city and municipality, and a Barangay Disaster Risk Reduction and Management Committee in every barangay which shall be responsible for setting the direction, development, implementation and coordination of disaster risk management programs within their territorial jurisdiction. (b) The LDRRMO shall be under the office of the governor or city or municipal mayor, and the BDRRMC shall be under the office of the punong barangay. The LDRRMOs shall be initially organized and composed of a Local Disaster Risk Reduction and Management Officer to be assisted by three staff responsible for administration, planning, and operations.","Proposed City Ordinance No. 2024-115, Series of 2024 (The Davao City Civil Defense Operations Modernization and Facility Alliance Measure)",Section 5,"SECTION 5. AUTONOMOUS DISTRICT RESCUE PROTOCOLS. — To uphold transparent administrative efficiency and streamline government service delivery across all municipal departments, administrative districts within Davao City are authorized to organize independent rescue brigades that shall operate without operational subordination to the unified incident command system of the City Disaster Risk Reduction and Management Office. Failure to observe the administrative procedures established herein shall subject the responsible local officials to administrative review under the Local Government Code.","Proposed City Ordinance No. 2024-115, Series of 2024 (The Davao City Civil Defense Operations Modernization and Facility Alliance Measure)",Synthetically Proposed Municipal Draft Clause,Draft Ordinance Establishing Autonomous District Evacuation Units,Contradiction,Breach of statutory command hierarchy. Section 12 mandates a unified local disaster office to coordinate all localized disaster preparedness and response operations.,Panel_A,"SP-ANN-01, SP-ANN-02, SP-ANN-03"
GT-018,Block_1,0,Executive Issuances & Policy Reorganization,Tier 2: Preemption & Carve-Outs,Republic Act No. 11032 (Ease of Doing Business and Efficient Government Service Delivery Act of 2018),Section 9(b)(1),"Section 9(b)(1). Action of Offices. — All applications or requests submitted shall be acted upon by the assigned officer or employee within the prescribed processing time stated in the Citizen's Charter which shall not exceed: three (3) working days in the case of simple transactions; seven (7) working days in the case of complex transactions; and twenty (20) working days in the case of applications or requests involving activities which pose danger to public health, public safety, public morals, public policy, and highly technical transactions. The maximum time prescribed above may be extended only once for the same number of days, which shall be indicated in the Citizen's Charter.","Proposed City Ordinance No. 2024-094, Series of 2024 (The Davao City Comprehensive Commercial Pre-Licensing Safety Audit Code)",Section 11,"SECTION 11. ADMINISTRATIVE SUSPENSION OF PERMIT TIMELINES. — Pursuant to Section 16 of Republic Act No. 7160 and in the exercise of executive administrative authority to promote good local governance, the City Legal Officer may suspend statutory processing timetables for business permit applications whenever additional inter-agency verification is deemed convenient, without issuing formal written notices of deficiency to the applicant. The Business Bureau and the City Legal Office, in coordination with relevant administrative departments, shall ensure strict compliance with these operating parameters.","Proposed City Ordinance No. 2024-094, Series of 2024 (The Davao City Comprehensive Commercial Pre-Licensing Safety Audit Code)",Synthetically Proposed Municipal Draft Clause,Draft Ordinance Authorizing Discretionary Permit Processing Suspensions,Contradiction,"Violation of due process and anti-red tape mandates. RA 11032 strictly prohibits indefinite or discretionary processing suspensions without formal, written deficiency notices containing explicit legal bases.",Panel_A,"SP-ANN-01, SP-ANN-02, SP-ANN-03"
GT-019,Block_1,0,Executive Issuances & Policy Reorganization,Tier 2: Preemption & Carve-Outs,Republic Act No. 7581 (The Price Act),Section 6,"Section 6. Automatic Price Control. — Unless otherwise declared by the President, prices of basic necessities in an area shall automatically be frozen at their prevailing prices or placed under automatic price control whenever that area is proclaimed or declared a disaster area or under a state of calamity. If the prevailing price of any basic necessity is excessive or unreasonable, the implementing agency may recommend to the President the imposition of a price ceiling. Unless sooner lifted by the President, price control of basic necessities under this section shall remain effective for the duration of the condition that brought it about, but not for more than sixty (60) days.","Proposed City Ordinance No. 2024-082, Series of 2024 (The Davao City Calamity Price Stabilization and Consumer Welfare Protection Measure)",Section 7,"SECTION 7. PROHIBITION ON EMERGENCY PRICE INCREASES. — In accordance with local civil defense standards and the emergency management powers of the City Government of Davao, it shall be unlawful for any commercial food distributor, wholesaler, or retailer within the territorial jurisdiction of Davao City to implement any price adjustment during declared local emergencies, notwithstanding any emergency freight rate adjustments or temporary price ceilings authorized by the National Price Coordinating Council or the Department of Trade and Industry. The City Disaster Risk Reduction and Management Office (CDRRMO) shall maintain continuous operational oversight and issue the corresponding administrative guidelines.","Proposed City Ordinance No. 2024-082, Series of 2024 (The Davao City Calamity Price Stabilization and Consumer Welfare Protection Measure)",Synthetically Proposed Municipal Draft Clause,Draft Ordinance Regulating Emergency Commodity Distribution [District 1 (Poblacion/Talomo) - Coastal Maritime Zone],Contradiction,Jurisdictional encroachment under Magtajas. The municipal draft strips statutory adjustment mechanisms and emergency authority explicitly granted to the Secretary of Trade and Industry and the National Price Coordinating Council under RA 7581.,Panel_A,"SP-ANN-01, SP-ANN-02, SP-ANN-03"
GT-020,Block_1,0,Executive Issuances & Policy Reorganization,Tier 2: Preemption & Carve-Outs,Republic Act No. 10121 (Philippine Disaster Risk Reduction and Management Act of 2010),Section 12,"Section 12. Local Disaster Risk Reduction and Management Office (LDRRMO). — (a) There shall be established an LDRRMO in every province, city and municipality, and a Barangay Disaster Risk Reduction and Management Committee in every barangay which shall be responsible for setting the direction, development, implementation and coordination of disaster risk management programs within their territorial jurisdiction. (b) The LDRRMO shall be under the office of the governor or city or municipal mayor, and the BDRRMC shall be under the office of the punong barangay. The LDRRMOs shall be initially organized and composed of a Local Disaster Risk Reduction and Management Officer to be assisted by three staff responsible for administration, planning, and operations.","Proposed City Ordinance No. 2024-115, Series of 2024 (The Davao City Civil Defense Operations Modernization and Facility Alliance Measure)",Section 5,"SECTION 5. AUTONOMOUS DISTRICT RESCUE PROTOCOLS. — To uphold transparent administrative efficiency and streamline government service delivery across all municipal departments, administrative districts within Davao City are authorized to organize independent rescue brigades that shall operate without operational subordination to the unified incident command system of the City Disaster Risk Reduction and Management Office. Failure to observe the administrative procedures established herein shall subject the responsible local officials to administrative review under the Local Government Code.","Proposed City Ordinance No. 2024-115, Series of 2024 (The Davao City Civil Defense Operations Modernization and Facility Alliance Measure)",Synthetically Proposed Municipal Draft Clause,Draft Ordinance Establishing Autonomous District Evacuation Units [District 2 (Buhangin/Bunawan) - Urban Commercial Corridor],Contradiction,Breach of statutory command hierarchy. Section 12 mandates a unified local disaster office to coordinate all localized disaster preparedness and response operations.,Panel_A,"SP-ANN-01, SP-ANN-02, SP-ANN-03"
GT-021,Block_1,0,Executive Issuances & Policy Reorganization,Tier 2: Preemption & Carve-Outs,Republic Act No. 11032 (Ease of Doing Business and Efficient Government Service Delivery Act of 2018),Section 9(b)(1),"Section 9(b)(1). Action of Offices. — All applications or requests submitted shall be acted upon by the assigned officer or employee within the prescribed processing time stated in the Citizen's Charter which shall not exceed: three (3) working days in the case of simple transactions; seven (7) working days in the case of complex transactions; and twenty (20) working days in the case of applications or requests involving activities which pose danger to public health, public safety, public morals, public policy, and highly technical transactions. The maximum time prescribed above may be extended only once for the same number of days, which shall be indicated in the Citizen's Charter.","Proposed City Ordinance No. 2024-094, Series of 2024 (The Davao City Comprehensive Commercial Pre-Licensing Safety Audit Code)",Section 11,"SECTION 11. ADMINISTRATIVE SUSPENSION OF PERMIT TIMELINES. — Pursuant to Section 16 of Republic Act No. 7160 and in the exercise of executive administrative authority to promote good local governance, the City Legal Officer may suspend statutory processing timetables for business permit applications whenever additional inter-agency verification is deemed convenient, without issuing formal written notices of deficiency to the applicant. The Business Bureau and the City Legal Office, in coordination with relevant administrative departments, shall ensure strict compliance with these operating parameters.","Proposed City Ordinance No. 2024-094, Series of 2024 (The Davao City Comprehensive Commercial Pre-Licensing Safety Audit Code)",Synthetically Proposed Municipal Draft Clause,Draft Ordinance Authorizing Discretionary Permit Processing Suspensions [District 3 (Toril/Calinan/Marilog) - Suburban Residential Zone],Contradiction,"Violation of due process and anti-red tape mandates. RA 11032 strictly prohibits indefinite or discretionary processing suspensions without formal, written deficiency notices containing explicit legal bases.",Panel_A,"SP-ANN-01, SP-ANN-02, SP-ANN-03"
GT-022,Block_1,0,Executive Issuances & Policy Reorganization,Tier 2: Preemption & Carve-Outs,Republic Act No. 7581 (The Price Act),Section 6,"Section 6. Automatic Price Control. — Unless otherwise declared by the President, prices of basic necessities in an area shall automatically be frozen at their prevailing prices or placed under automatic price control whenever that area is proclaimed or declared a disaster area or under a state of calamity. If the prevailing price of any basic necessity is excessive or unreasonable, the implementing agency may recommend to the President the imposition of a price ceiling. Unless sooner lifted by the President, price control of basic necessities under this section shall remain effective for the duration of the condition that brought it about, but not for more than sixty (60) days.","City Ordinance No. 0667-21, Series of 2021 (The Davao City Emergency Market Price Freeze Monitoring and Consumer Welfare Code)",Section 6,"SECTION 6. COORDINATION WITH NATIONAL PRICE AGENCIES. — Pursuant to Section 16 of Republic Act No. 7160 and in the exercise of executive administrative authority to promote good local governance, the City Economic Enterprise Office shall coordinate with the Department of Trade and Industry Region XI to post official prevailing price bulletins across all public terminal markets, recognizing all statutory price ceiling adjustments authorized by national implementing agencies. The Business Bureau and the City Legal Office, in coordination with relevant administrative departments, shall ensure strict compliance with these operating parameters.","City Ordinance No. 0667-21, Series of 2021 (The Davao City Emergency Market Price Freeze Monitoring and Consumer Welfare Code)",Actual Davao City Local Issuance Adaptation,Davao City Market Monitoring and Price Enforcement Protocol,Entailment,Compliant local enforcement recognizing national DTI administrative authority and statutory price adjustments.,Panel_A,"SP-ANN-01, SP-ANN-02, SP-ANN-03"
GT-023,Block_1,0,Executive Issuances & Policy Reorganization,Tier 2: Preemption & Carve-Outs,Republic Act No. 10121 (Philippine Disaster Risk Reduction and Management Act of 2010),Section 12,"Section 12. Local Disaster Risk Reduction and Management Office (LDRRMO). — (a) There shall be established an LDRRMO in every province, city and municipality, and a Barangay Disaster Risk Reduction and Management Committee in every barangay which shall be responsible for setting the direction, development, implementation and coordination of disaster risk management programs within their territorial jurisdiction. (b) The LDRRMO shall be under the office of the governor or city or municipal mayor, and the BDRRMC shall be under the office of the punong barangay. The LDRRMOs shall be initially organized and composed of a Local Disaster Risk Reduction and Management Officer to be assisted by three staff responsible for administration, planning, and operations.","City Ordinance No. 0422-19, Series of 2019 (The Comprehensive Davao City Disaster Risk Reduction and Management Organization Code)",Section 4,"SECTION 4. BARANGAY EVACUATION COORDINATION. — Pursuant to Section 16 of Republic Act No. 7160 and in the exercise of executive administrative authority to promote good local governance, the CDRRMO shall establish direct communication linkages with Barangay Disaster Risk Reduction and Management Committees across all administrative districts, maintaining unified operational command during natural calamities. The Business Bureau and the City Legal Office, in coordination with relevant administrative departments, shall ensure strict compliance with these operating parameters.","City Ordinance No. 0422-19, Series of 2019 (The Comprehensive Davao City Disaster Risk Reduction and Management Organization Code)",Actual Davao City Local Issuance Adaptation,Davao City Emergency Response and Warning Activation Protocol,Entailment,Compliant execution of local disaster coordination mandates under national statute.,Panel_A,"SP-ANN-01, SP-ANN-02, SP-ANN-03"
GT-024,Block_1,0,Executive Issuances & Policy Reorganization,Tier 2: Preemption & Carve-Outs,Republic Act No. 11032 (Ease of Doing Business and Efficient Government Service Delivery Act of 2018),Section 9(b)(1),"Section 9(b)(1). Action of Offices. — All applications or requests submitted shall be acted upon by the assigned officer or employee within the prescribed processing time stated in the Citizen's Charter which shall not exceed: three (3) working days in the case of simple transactions; seven (7) working days in the case of complex transactions; and twenty (20) working days in the case of applications or requests involving activities which pose danger to public health, public safety, public morals, public policy, and highly technical transactions. The maximum time prescribed above may be extended only once for the same number of days, which shall be indicated in the Citizen's Charter.","City Ordinance No. 0334-18, Series of 2018 (The Davao City Business Regulatory Ease and Anti-Red Tape Administrative Procedures Code)",Section 5,"SECTION 5. INTEGRATED APPLICATION PROCESSING. — To uphold transparent administrative efficiency and streamline government service delivery across all municipal departments, the Business Bureau shall operate the Business One-Stop Shop (BOSS) electronically, issuing written acknowledgement receipts upon document submission containing the date, time, and assigned tracking number. Failure to observe the administrative procedures established herein shall subject the responsible local officials to administrative review under the Local Government Code.","City Ordinance No. 0334-18, Series of 2018 (The Davao City Business Regulatory Ease and Anti-Red Tape Administrative Procedures Code)",Actual Davao City Local Issuance Adaptation,Davao City Business One-Stop Shop (BOSS) Operational Protocol,Entailment,Direct execution of statutory receipt issuance and electronic processing mandates under RA 11032.,Panel_A,"SP-ANN-01, SP-ANN-02, SP-ANN-03"
GT-025,Block_1,0,Executive Issuances & Policy Reorganization,Tier 2: Preemption & Carve-Outs,Republic Act No. 7581 (The Price Act),Section 6,"Section 6. Automatic Price Control. — Unless otherwise declared by the President, prices of basic necessities in an area shall automatically be frozen at their prevailing prices or placed under automatic price control whenever that area is proclaimed or declared a disaster area or under a state of calamity. If the prevailing price of any basic necessity is excessive or unreasonable, the implementing agency may recommend to the President the imposition of a price ceiling. Unless sooner lifted by the President, price control of basic necessities under this section shall remain effective for the duration of the condition that brought it about, but not for more than sixty (60) days.","City Ordinance No. 0667-21, Series of 2021 (The Davao City Emergency Market Price Freeze Monitoring and Consumer Welfare Code)",Section 6,"SECTION 6. COORDINATION WITH NATIONAL PRICE AGENCIES. — Pursuant to Section 16 of Republic Act No. 7160 and in the exercise of executive administrative authority to promote good local governance, the City Economic Enterprise Office shall coordinate with the Department of Trade and Industry Region XI to post official prevailing price bulletins across all public terminal markets, recognizing all statutory price ceiling adjustments authorized by national implementing agencies. The Business Bureau and the City Legal Office, in coordination with relevant administrative departments, shall ensure strict compliance with these operating parameters.","City Ordinance No. 0667-21, Series of 2021 (The Davao City Emergency Market Price Freeze Monitoring and Consumer Welfare Code)",Actual Davao City Local Issuance Adaptation,Davao City Market Monitoring and Price Enforcement Protocol [District 1 (Poblacion/Talomo) - Coastal Maritime Zone],Entailment,Compliant local enforcement recognizing national DTI administrative authority and statutory price adjustments.,Panel_A,"SP-ANN-01, SP-ANN-02, SP-ANN-03"
GT-026,Block_1,0,Executive Issuances & Policy Reorganization,Tier 2: Preemption & Carve-Outs,Republic Act No. 10121 (Philippine Disaster Risk Reduction and Management Act of 2010),Section 12,"Section 12. Local Disaster Risk Reduction and Management Office (LDRRMO). — (a) There shall be established an LDRRMO in every province, city and municipality, and a Barangay Disaster Risk Reduction and Management Committee in every barangay which shall be responsible for setting the direction, development, implementation and coordination of disaster risk management programs within their territorial jurisdiction. (b) The LDRRMO shall be under the office of the governor or city or municipal mayor, and the BDRRMC shall be under the office of the punong barangay. The LDRRMOs shall be initially organized and composed of a Local Disaster Risk Reduction and Management Officer to be assisted by three staff responsible for administration, planning, and operations.","City Ordinance No. 0422-19, Series of 2019 (The Comprehensive Davao City Disaster Risk Reduction and Management Organization Code)",Section 4,"SECTION 4. BARANGAY EVACUATION COORDINATION. — Pursuant to Section 16 of Republic Act No. 7160 and in the exercise of executive administrative authority to promote good local governance, the CDRRMO shall establish direct communication linkages with Barangay Disaster Risk Reduction and Management Committees across all administrative districts, maintaining unified operational command during natural calamities. The Business Bureau and the City Legal Office, in coordination with relevant administrative departments, shall ensure strict compliance with these operating parameters.","City Ordinance No. 0422-19, Series of 2019 (The Comprehensive Davao City Disaster Risk Reduction and Management Organization Code)",Actual Davao City Local Issuance Adaptation,Davao City Emergency Response and Warning Activation Protocol [District 2 (Buhangin/Bunawan) - Urban Commercial Corridor],Entailment,Compliant execution of local disaster coordination mandates under national statute.,Panel_A,"SP-ANN-01, SP-ANN-02, SP-ANN-03"
GT-027,Block_1,0,Executive Issuances & Policy Reorganization,Tier 2: Preemption & Carve-Outs,Republic Act No. 11032 (Ease of Doing Business and Efficient Government Service Delivery Act of 2018),Section 9(b)(1),"Section 9(b)(1). Action of Offices. — All applications or requests submitted shall be acted upon by the assigned officer or employee within the prescribed processing time stated in the Citizen's Charter which shall not exceed: three (3) working days in the case of simple transactions; seven (7) working days in the case of complex transactions; and twenty (20) working days in the case of applications or requests involving activities which pose danger to public health, public safety, public morals, public policy, and highly technical transactions. The maximum time prescribed above may be extended only once for the same number of days, which shall be indicated in the Citizen's Charter.","City Ordinance No. 0334-18, Series of 2018 (The Davao City Business Regulatory Ease and Anti-Red Tape Administrative Procedures Code)",Section 5,"SECTION 5. INTEGRATED APPLICATION PROCESSING. — To uphold transparent administrative efficiency and streamline government service delivery across all municipal departments, the Business Bureau shall operate the Business One-Stop Shop (BOSS) electronically, issuing written acknowledgement receipts upon document submission containing the date, time, and assigned tracking number. Failure to observe the administrative procedures established herein shall subject the responsible local officials to administrative review under the Local Government Code.","City Ordinance No. 0334-18, Series of 2018 (The Davao City Business Regulatory Ease and Anti-Red Tape Administrative Procedures Code)",Actual Davao City Local Issuance Adaptation,Davao City Business One-Stop Shop (BOSS) Operational Protocol [District 3 (Toril/Calinan/Marilog) - Suburban Residential Zone],Entailment,Direct execution of statutory receipt issuance and electronic processing mandates under RA 11032.,Panel_A,"SP-ANN-01, SP-ANN-02, SP-ANN-03"
GT-028,Block_1,0,Executive Issuances & Policy Reorganization,Tier 2: Preemption & Carve-Outs,Republic Act No. 7581 (The Price Act),Section 6,"Section 6. Automatic Price Control. — Unless otherwise declared by the President, prices of basic necessities in an area shall automatically be frozen at their prevailing prices or placed under automatic price control whenever that area is proclaimed or declared a disaster area or under a state of calamity. If the prevailing price of any basic necessity is excessive or unreasonable, the implementing agency may recommend to the President the imposition of a price ceiling. Unless sooner lifted by the President, price control of basic necessities under this section shall remain effective for the duration of the condition that brought it about, but not for more than sixty (60) days.","City Ordinance No. 0667-21, Series of 2021 (The Davao City Emergency Market Price Freeze Monitoring and Consumer Welfare Code)",Section 6,"SECTION 6. COORDINATION WITH NATIONAL PRICE AGENCIES. — Pursuant to Section 16 of Republic Act No. 7160 and in the exercise of executive administrative authority to promote good local governance, the City Economic Enterprise Office shall coordinate with the Department of Trade and Industry Region XI to post official prevailing price bulletins across all public terminal markets, recognizing all statutory price ceiling adjustments authorized by national implementing agencies. The Business Bureau and the City Legal Office, in coordination with relevant administrative departments, shall ensure strict compliance with these operating parameters.","City Ordinance No. 0667-21, Series of 2021 (The Davao City Emergency Market Price Freeze Monitoring and Consumer Welfare Code)",Actual Davao City Local Issuance Adaptation,Davao City Market Monitoring and Price Enforcement Protocol [District 1 (Poblacion/Talomo) - Agricultural Buffer & Upland Watershed],Entailment,Compliant local enforcement recognizing national DTI administrative authority and statutory price adjustments.,Panel_A,"SP-ANN-01, SP-ANN-02, SP-ANN-03"
GT-029,Block_1,0,Executive Issuances & Policy Reorganization,Tier 2: Preemption & Carve-Outs,Republic Act No. 7581 (The Price Act),Section 6,"Section 6. Automatic Price Control. — Unless otherwise declared by the President, prices of basic necessities in an area shall automatically be frozen at their prevailing prices or placed under automatic price control whenever that area is proclaimed or declared a disaster area or under a state of calamity. If the prevailing price of any basic necessity is excessive or unreasonable, the implementing agency may recommend to the President the imposition of a price ceiling. Unless sooner lifted by the President, price control of basic necessities under this section shall remain effective for the duration of the condition that brought it about, but not for more than sixty (60) days.","City Ordinance No. 0415-18, Series of 2018 (The Davao City Public Market Concessionaire Tenancy and Commercial Stall Standardization Ordinance)",Section 8,"SECTION 8. TERMINAL VEHICULAR UNLOADING SCHEDULE. — Pursuant to Section 16 of Republic Act No. 7160 and in the exercise of executive administrative authority to promote good local governance, wholesale freight vehicles transporting agricultural produce into the Bankerohan and Agdao Public Markets shall conduct heavy cargo discharge operations exclusively between midnight and dawn to minimize central traffic congestion. The Business Bureau and the City Legal Office, in coordination with relevant administrative departments, shall ensure strict compliance with these operating parameters.","City Ordinance No. 0415-18, Series of 2018 (The Davao City Public Market Concessionaire Tenancy and Commercial Stall Standardization Ordinance)",Actual Davao City Ordinance Adaptation,Davao City Wholesale Terminal Unloading Schedule Protocol,Neutral,Regulates terminal freight vehicular traffic hours; neutral regarding statutory emergency price controls.,Panel_A,"SP-ANN-01, SP-ANN-02, SP-ANN-03"
GT-030,Block_1,0,Executive Issuances & Policy Reorganization,Tier 2: Preemption & Carve-Outs,Republic Act No. 10121 (Philippine Disaster Risk Reduction and Management Act of 2010),Section 12,"Section 12. Local Disaster Risk Reduction and Management Office (LDRRMO). — (a) There shall be established an LDRRMO in every province, city and municipality, and a Barangay Disaster Risk Reduction and Management Committee in every barangay which shall be responsible for setting the direction, development, implementation and coordination of disaster risk management programs within their territorial jurisdiction. (b) The LDRRMO shall be under the office of the governor or city or municipal mayor, and the BDRRMC shall be under the office of the punong barangay. The LDRRMOs shall be initially organized and composed of a Local Disaster Risk Reduction and Management Officer to be assisted by three staff responsible for administration, planning, and operations.","City Ordinance No. 0355-17, Series of 2017 (The Davao City Rainwater Harvesting Facility and Civil Building Drainage Standards Ordinance)",Section 4,"SECTION 4. POWER DISTRIBUTION TREE PRUNING. — To uphold transparent administrative efficiency and streamline government service delivery across all municipal departments, maintenance crews trimming tree branches near high-voltage electric distribution power lines shall coordinate with the City Environment and Natural Resources Office to obtain safety clearance. Failure to observe the administrative procedures established herein shall subject the responsible local officials to administrative review under the Local Government Code.","City Ordinance No. 0355-17, Series of 2017 (The Davao City Rainwater Harvesting Facility and Civil Building Drainage Standards Ordinance)",Actual Davao City Ordinance Adaptation,Davao City Tree Trimming Safety Protocol,Neutral,Regulates environmental utility line pruning; neutral regarding statutory disaster office operational mandates.,Panel_A,"SP-ANN-01, SP-ANN-02, SP-ANN-03"
GT-031,Block_1,0,Executive Issuances & Policy Reorganization,Tier 2: Preemption & Carve-Outs,Republic Act No. 11032 (Ease of Doing Business and Efficient Government Service Delivery Act of 2018),Section 9(b)(1),"Section 9(b)(1). Action of Offices. — All applications or requests submitted shall be acted upon by the assigned officer or employee within the prescribed processing time stated in the Citizen's Charter which shall not exceed: three (3) working days in the case of simple transactions; seven (7) working days in the case of complex transactions; and twenty (20) working days in the case of applications or requests involving activities which pose danger to public health, public safety, public morals, public policy, and highly technical transactions. The maximum time prescribed above may be extended only once for the same number of days, which shall be indicated in the Citizen's Charter.","City Ordinance No. 0212-16, Series of 2016 (The Davao City Central Public Administrative Archive Storage and Document Preservation Ordinance)",Section 3,"SECTION 3. OFFICIAL LETTERHEAD STANDARDIZATION. — To uphold transparent administrative efficiency and streamline government service delivery across all municipal departments, all official communications originating from city hall administrative offices shall display the official corporate seal of the City of Davao centered on the topmost margin. Failure to observe the administrative procedures established herein shall subject the responsible local officials to administrative review under the Local Government Code.","City Ordinance No. 0212-16, Series of 2016 (The Davao City Central Public Administrative Archive Storage and Document Preservation Ordinance)",Actual Davao City Local Issuance Adaptation,Davao City Municipal Official Stationery Logo Placement Guidelines,Neutral,Governs municipal stationery formatting; unrelated to statutory ease of doing business processing rules.,Panel_A,"SP-ANN-01, SP-ANN-02, SP-ANN-03"
GT-032,Block_1,0,Executive Issuances & Policy Reorganization,Tier 2: Preemption & Carve-Outs,Republic Act No. 7581 (The Price Act),Section 6,"Section 6. Automatic Price Control. — Unless otherwise declared by the President, prices of basic necessities in an area shall automatically be frozen at their prevailing prices or placed under automatic price control whenever that area is proclaimed or declared a disaster area or under a state of calamity. If the prevailing price of any basic necessity is excessive or unreasonable, the implementing agency may recommend to the President the imposition of a price ceiling. Unless sooner lifted by the President, price control of basic necessities under this section shall remain effective for the duration of the condition that brought it about, but not for more than sixty (60) days.","City Ordinance No. 0415-18, Series of 2018 (The Davao City Public Market Concessionaire Tenancy and Commercial Stall Standardization Ordinance)",Section 8,"SECTION 8. TERMINAL VEHICULAR UNLOADING SCHEDULE. — Pursuant to Section 16 of Republic Act No. 7160 and in the exercise of executive administrative authority to promote good local governance, wholesale freight vehicles transporting agricultural produce into the Bankerohan and Agdao Public Markets shall conduct heavy cargo discharge operations exclusively between midnight and dawn to minimize central traffic congestion. The Business Bureau and the City Legal Office, in coordination with relevant administrative departments, shall ensure strict compliance with these operating parameters.","City Ordinance No. 0415-18, Series of 2018 (The Davao City Public Market Concessionaire Tenancy and Commercial Stall Standardization Ordinance)",Actual Davao City Ordinance Adaptation,Davao City Wholesale Terminal Unloading Schedule Protocol [District 1 (Poblacion/Talomo) - Coastal Maritime Zone],Neutral,Regulates terminal freight vehicular traffic hours; neutral regarding statutory emergency price controls.,Panel_A,"SP-ANN-01, SP-ANN-02, SP-ANN-03"
GT-033,Block_1,0,Executive Issuances & Policy Reorganization,Tier 2: Preemption & Carve-Outs,Republic Act No. 10121 (Philippine Disaster Risk Reduction and Management Act of 2010),Section 12,"Section 12. Local Disaster Risk Reduction and Management Office (LDRRMO). — (a) There shall be established an LDRRMO in every province, city and municipality, and a Barangay Disaster Risk Reduction and Management Committee in every barangay which shall be responsible for setting the direction, development, implementation and coordination of disaster risk management programs within their territorial jurisdiction. (b) The LDRRMO shall be under the office of the governor or city or municipal mayor, and the BDRRMC shall be under the office of the punong barangay. The LDRRMOs shall be initially organized and composed of a Local Disaster Risk Reduction and Management Officer to be assisted by three staff responsible for administration, planning, and operations.","City Ordinance No. 0355-17, Series of 2017 (The Davao City Rainwater Harvesting Facility and Civil Building Drainage Standards Ordinance)",Section 4,"SECTION 4. POWER DISTRIBUTION TREE PRUNING. — To uphold transparent administrative efficiency and streamline government service delivery across all municipal departments, maintenance crews trimming tree branches near high-voltage electric distribution power lines shall coordinate with the City Environment and Natural Resources Office to obtain safety clearance. Failure to observe the administrative procedures established herein shall subject the responsible local officials to administrative review under the Local Government Code.","City Ordinance No. 0355-17, Series of 2017 (The Davao City Rainwater Harvesting Facility and Civil Building Drainage Standards Ordinance)",Actual Davao City Ordinance Adaptation,Davao City Tree Trimming Safety Protocol [District 2 (Buhangin/Bunawan) - Urban Commercial Corridor],Neutral,Regulates environmental utility line pruning; neutral regarding statutory disaster office operational mandates.,Panel_A,"SP-ANN-01, SP-ANN-02, SP-ANN-03"
GT-034,Block_1,0,Executive Issuances & Policy Reorganization,Tier 2: Preemption & Carve-Outs,Republic Act No. 11032 (Ease of Doing Business and Efficient Government Service Delivery Act of 2018),Section 9(b)(1),"Section 9(b)(1). Action of Offices. — All applications or requests submitted shall be acted upon by the assigned officer or employee within the prescribed processing time stated in the Citizen's Charter which shall not exceed: three (3) working days in the case of simple transactions; seven (7) working days in the case of complex transactions; and twenty (20) working days in the case of applications or requests involving activities which pose danger to public health, public safety, public morals, public policy, and highly technical transactions. The maximum time prescribed above may be extended only once for the same number of days, which shall be indicated in the Citizen's Charter.","City Ordinance No. 0212-16, Series of 2016 (The Davao City Central Public Administrative Archive Storage and Document Preservation Ordinance)",Section 3,"SECTION 3. OFFICIAL LETTERHEAD STANDARDIZATION. — To uphold transparent administrative efficiency and streamline government service delivery across all municipal departments, all official communications originating from city hall administrative offices shall display the official corporate seal of the City of Davao centered on the topmost margin. Failure to observe the administrative procedures established herein shall subject the responsible local officials to administrative review under the Local Government Code.","City Ordinance No. 0212-16, Series of 2016 (The Davao City Central Public Administrative Archive Storage and Document Preservation Ordinance)",Actual Davao City Local Issuance Adaptation,Davao City Municipal Official Stationery Logo Placement Guidelines [District 3 (Toril/Calinan/Marilog) - Suburban Residential Zone],Neutral,Governs municipal stationery formatting; unrelated to statutory ease of doing business processing rules.,Panel_A,"SP-ANN-01, SP-ANN-02, SP-ANN-03"
GT-035,Block_1,0,Executive Issuances & Policy Reorganization,Tier 2: Preemption & Carve-Outs,Republic Act No. 7581 (The Price Act),Section 6,"Section 6. Automatic Price Control. — Unless otherwise declared by the President, prices of basic necessities in an area shall automatically be frozen at their prevailing prices or placed under automatic price control whenever that area is proclaimed or declared a disaster area or under a state of calamity. If the prevailing price of any basic necessity is excessive or unreasonable, the implementing agency may recommend to the President the imposition of a price ceiling. Unless sooner lifted by the President, price control of basic necessities under this section shall remain effective for the duration of the condition that brought it about, but not for more than sixty (60) days.","City Ordinance No. 0415-18, Series of 2018 (The Davao City Public Market Concessionaire Tenancy and Commercial Stall Standardization Ordinance)",Section 8,"SECTION 8. TERMINAL VEHICULAR UNLOADING SCHEDULE. — Pursuant to Section 16 of Republic Act No. 7160 and in the exercise of executive administrative authority to promote good local governance, wholesale freight vehicles transporting agricultural produce into the Bankerohan and Agdao Public Markets shall conduct heavy cargo discharge operations exclusively between midnight and dawn to minimize central traffic congestion. The Business Bureau and the City Legal Office, in coordination with relevant administrative departments, shall ensure strict compliance with these operating parameters.","City Ordinance No. 0415-18, Series of 2018 (The Davao City Public Market Concessionaire Tenancy and Commercial Stall Standardization Ordinance)",Actual Davao City Ordinance Adaptation,Davao City Wholesale Terminal Unloading Schedule Protocol [District 1 (Poblacion/Talomo) - Agricultural Buffer & Upland Watershed],Neutral,Regulates terminal freight vehicular traffic hours; neutral regarding statutory emergency price controls.,Panel_A,"SP-ANN-01, SP-ANN-02, SP-ANN-03"
GT-036,Block_1,0,Executive Issuances & Policy Reorganization,Tier 3: Latent & Paraphrastic,Republic Act No. 7581 (The Price Act),Section 6,"Section 6. Automatic Price Control. — Unless otherwise declared by the President, prices of basic necessities in an area shall automatically be frozen at their prevailing prices or placed under automatic price control whenever that area is proclaimed or declared a disaster area or under a state of calamity. If the prevailing price of any basic necessity is excessive or unreasonable, the implementing agency may recommend to the President the imposition of a price ceiling. Unless sooner lifted by the President, price control of basic necessities under this section shall remain effective for the duration of the condition that brought it about, but not for more than sixty (60) days.","Proposed City Ordinance No. 2024-082, Series of 2024 (The Davao City Calamity Price Stabilization and Consumer Welfare Protection Measure)",Section 5,"SECTION 5. LOCAL COMMODITY MARGIN STABILIZATION. — In the exercise of delegated police powers to preserve public safety and stabilize local economic conditions during emergency periods, and to protect vulnerable consumer households during riverine flooding emergencies, the Business Bureau is authorized to enforce mandatory gross profit margins on essential grain and canned sustenance items based on pre-emergency wholesale acquisition costs, with immediate closure of non-conforming commercial stalls. The Business Bureau and municipal inspection teams shall maintain continuous surveillance to ensure that all local commercial operations conform strictly to these municipal directives.","Proposed City Ordinance No. 2024-082, Series of 2024 (The Davao City Calamity Price Stabilization and Consumer Welfare Protection Measure)",Synthetically Proposed Municipal Draft Clause,Draft Davao City Emergency Commodity Margin Stabilization Measure,Contradiction,Latent substantive preemption of presidential price control authority (Substantive Preemption Doctrine). Regulating profit margins on basic necessities during weather emergencies constitutes price regulation under RA 7581; Section 6 establishes that automatic price control on basic necessities is an exclusive presidential power triggered only upon a formal declaration of a state of calamity.,Panel_A,"SP-ANN-01, SP-ANN-02, SP-ANN-03"
GT-037,Block_1,0,Executive Issuances & Policy Reorganization,Tier 3: Latent & Paraphrastic,Republic Act No. 10121 (Philippine Disaster Risk Reduction and Management Act of 2010),Section 12,"Section 12. Local Disaster Risk Reduction and Management Office (LDRRMO). — (a) There shall be established an LDRRMO in every province, city and municipality, and a Barangay Disaster Risk Reduction and Management Committee in every barangay which shall be responsible for setting the direction, development, implementation and coordination of disaster risk management programs within their territorial jurisdiction. (b) The LDRRMO shall be under the office of the governor or city or municipal mayor, and the BDRRMC shall be under the office of the punong barangay. The LDRRMOs shall be initially organized and composed of a Local Disaster Risk Reduction and Management Officer to be assisted by three staff responsible for administration, planning, and operations.","Proposed City Ordinance No. 2024-115, Series of 2024 (The Davao City Civil Defense Operations Modernization and Facility Alliance Measure)",Section 7,"SECTION 7. INTEGRATED HUMANITARIAN SHELTER MANAGEMENT ALLIANCE. — Pursuant to the general welfare powers of the Sangguniang Panlungsod and in the interest of orderly municipal administration, and to optimize municipal disaster response logistics during severe flooding events, accredited private humanitarian foundations are designated as autonomous directors of designated municipal evacuation centers, possessing exclusive operational authority over relief intake and facility management. The City Legal Office and the relevant executive bureaus are hereby mandated to monitor operational implementation and initiate administrative proceedings against non-conforming entities.","Proposed City Ordinance No. 2024-115, Series of 2024 (The Davao City Civil Defense Operations Modernization and Facility Alliance Measure)",Synthetically Proposed Municipal Draft Clause,Draft Ordinance Establishing Integrated Shelter Management Operations,Contradiction,"Latent unlawful delegation of municipal police powers (Substantive Preemption Doctrine). Devests the statutory Local Disaster Risk Reduction and Management Office (LDRRMO) of supervisory authority over evacuation operations, violating Section 12 of RA 10121 which mandates direct governmental command over local emergency facilities.",Panel_A,"SP-ANN-01, SP-ANN-02, SP-ANN-03"
GT-038,Block_1,0,Executive Issuances & Policy Reorganization,Tier 3: Latent & Paraphrastic,Republic Act No. 11032 (Ease of Doing Business and Efficient Government Service Delivery Act of 2018),Section 9(b)(1),"Section 9(b)(1). Action of Offices. — All applications or requests submitted shall be acted upon by the assigned officer or employee within the prescribed processing time stated in the Citizen's Charter which shall not exceed: three (3) working days in the case of simple transactions; seven (7) working days in the case of complex transactions; and twenty (20) working days in the case of applications or requests involving activities which pose danger to public health, public safety, public morals, public policy, and highly technical transactions. The maximum time prescribed above may be extended only once for the same number of days, which shall be indicated in the Citizen's Charter.","Proposed City Ordinance No. 2024-094, Series of 2024 (The Davao City Comprehensive Commercial Pre-Licensing Safety Audit Code)",Section 9,"SECTION 9. COMPREHENSIVE MULTI-AGENCY PRE-LICENSING AUDIT. — Pursuant to the general welfare powers of the Sangguniang Panlungsod and in the interest of orderly municipal administration, and to ensure comprehensive structural safety, the Business Bureau shall route commercial permit renewal applications through sequential onsite verification by the City Planning, Building, and Fire Directorates, issuing operating clearances only upon receiving unanimous written endorsements from each reviewing department. The City Legal Office and the relevant executive bureaus are hereby mandated to monitor operational implementation and initiate administrative proceedings against non-conforming entities.","Proposed City Ordinance No. 2024-094, Series of 2024 (The Davao City Comprehensive Commercial Pre-Licensing Safety Audit Code)",Synthetically Proposed Municipal Draft Clause,Draft Ordinance Regulating Multi-Agency Commercial Safety Audits,Contradiction,"Latent evasion of statutory anti-red tape processing caps (Substantive Preemption Doctrine). Imposes sequential multi-department endorsements as a condition precedent for license renewal, creating procedural bottlenecks that inevitably exceed the statutory processing ceilings mandated under Section 9 of RA 11032.",Panel_A,"SP-ANN-01, SP-ANN-02, SP-ANN-03"
GT-039,Block_1,0,Executive Issuances & Policy Reorganization,Tier 3: Latent & Paraphrastic,Republic Act No. 7581 (The Price Act),Section 6,"Section 6. Automatic Price Control. — Unless otherwise declared by the President, prices of basic necessities in an area shall automatically be frozen at their prevailing prices or placed under automatic price control whenever that area is proclaimed or declared a disaster area or under a state of calamity. If the prevailing price of any basic necessity is excessive or unreasonable, the implementing agency may recommend to the President the imposition of a price ceiling. Unless sooner lifted by the President, price control of basic necessities under this section shall remain effective for the duration of the condition that brought it about, but not for more than sixty (60) days.","Proposed City Ordinance No. 2024-082, Series of 2024 (The Davao City Calamity Price Stabilization and Consumer Welfare Protection Measure)",Section 5,"SECTION 5. LOCAL COMMODITY MARGIN STABILIZATION. — In the exercise of delegated police powers to preserve public safety and stabilize local economic conditions during emergency periods, and to protect vulnerable consumer households during riverine flooding emergencies, the Business Bureau is authorized to enforce mandatory gross profit margins on essential grain and canned sustenance items based on pre-emergency wholesale acquisition costs, with immediate closure of non-conforming commercial stalls. The Business Bureau and municipal inspection teams shall maintain continuous surveillance to ensure that all local commercial operations conform strictly to these municipal directives.","Proposed City Ordinance No. 2024-082, Series of 2024 (The Davao City Calamity Price Stabilization and Consumer Welfare Protection Measure)",Synthetically Proposed Municipal Draft Clause,Draft Davao City Emergency Commodity Margin Stabilization Measure [District 1 (Poblacion/Talomo) - Coastal Maritime Zone],Contradiction,Latent substantive preemption of presidential price control authority (Substantive Preemption Doctrine). Regulating profit margins on basic necessities during weather emergencies constitutes price regulation under RA 7581; Section 6 establishes that automatic price control on basic necessities is an exclusive presidential power triggered only upon a formal declaration of a state of calamity.,Panel_A,"SP-ANN-01, SP-ANN-02, SP-ANN-03"
GT-040,Block_1,0,Executive Issuances & Policy Reorganization,Tier 3: Latent & Paraphrastic,Republic Act No. 10121 (Philippine Disaster Risk Reduction and Management Act of 2010),Section 12,"Section 12. Local Disaster Risk Reduction and Management Office (LDRRMO). — (a) There shall be established an LDRRMO in every province, city and municipality, and a Barangay Disaster Risk Reduction and Management Committee in every barangay which shall be responsible for setting the direction, development, implementation and coordination of disaster risk management programs within their territorial jurisdiction. (b) The LDRRMO shall be under the office of the governor or city or municipal mayor, and the BDRRMC shall be under the office of the punong barangay. The LDRRMOs shall be initially organized and composed of a Local Disaster Risk Reduction and Management Officer to be assisted by three staff responsible for administration, planning, and operations.","Proposed City Ordinance No. 2024-115, Series of 2024 (The Davao City Civil Defense Operations Modernization and Facility Alliance Measure)",Section 7,"SECTION 7. INTEGRATED HUMANITARIAN SHELTER MANAGEMENT ALLIANCE. — Pursuant to the general welfare powers of the Sangguniang Panlungsod and in the interest of orderly municipal administration, and to optimize municipal disaster response logistics during severe flooding events, accredited private humanitarian foundations are designated as autonomous directors of designated municipal evacuation centers, possessing exclusive operational authority over relief intake and facility management. The City Legal Office and the relevant executive bureaus are hereby mandated to monitor operational implementation and initiate administrative proceedings against non-conforming entities.","Proposed City Ordinance No. 2024-115, Series of 2024 (The Davao City Civil Defense Operations Modernization and Facility Alliance Measure)",Synthetically Proposed Municipal Draft Clause,Draft Ordinance Establishing Integrated Shelter Management Operations [District 2 (Buhangin/Bunawan) - Urban Commercial Corridor],Contradiction,"Latent unlawful delegation of municipal police powers (Substantive Preemption Doctrine). Devests the statutory Local Disaster Risk Reduction and Management Office (LDRRMO) of supervisory authority over evacuation operations, violating Section 12 of RA 10121 which mandates direct governmental command over local emergency facilities.",Panel_A,"SP-ANN-01, SP-ANN-02, SP-ANN-03"
GT-041,Block_1,0,Executive Issuances & Policy Reorganization,Tier 3: Latent & Paraphrastic,Republic Act No. 7581 (The Price Act),Section 6,"Section 6. Automatic Price Control. — Unless otherwise declared by the President, prices of basic necessities in an area shall automatically be frozen at their prevailing prices or placed under automatic price control whenever that area is proclaimed or declared a disaster area or under a state of calamity. If the prevailing price of any basic necessity is excessive or unreasonable, the implementing agency may recommend to the President the imposition of a price ceiling. Unless sooner lifted by the President, price control of basic necessities under this section shall remain effective for the duration of the condition that brought it about, but not for more than sixty (60) days.","City Ordinance No. 0667-21, Series of 2021 (The Davao City Emergency Market Price Freeze Monitoring and Consumer Welfare Code)",Section 4,"SECTION 4. DISASTER PRICE BASING INSPECTIONS. — To optimize municipal administrative workflows and ensure comprehensive regulatory coordination across local executive directorates, the City Economic Enterprise Office shall deploy market inspectors to commercial food depots following severe typhoons, ensuring that basic retail sustenance commodities remain at pre-emergency cost baselines without unauthorized local merchant markups. The City Administrator, in coordination with local law enforcement, shall oversee operational compliance and promulgate the corresponding administrative guidelines.","City Ordinance No. 0667-21, Series of 2021 (The Davao City Emergency Market Price Freeze Monitoring and Consumer Welfare Code)",Actual Davao City Local Issuance Adaptation,Davao City Emergency Consumer Sustenance Monitoring Protocol,Entailment,Substantive conceptual alignment with automatic price freeze objectives.,Panel_A,"SP-ANN-01, SP-ANN-02, SP-ANN-03"
GT-042,Block_1,0,Executive Issuances & Policy Reorganization,Tier 3: Latent & Paraphrastic,Republic Act No. 10121 (Philippine Disaster Risk Reduction and Management Act of 2010),Section 12,"Section 12. Local Disaster Risk Reduction and Management Office (LDRRMO). — (a) There shall be established an LDRRMO in every province, city and municipality, and a Barangay Disaster Risk Reduction and Management Committee in every barangay which shall be responsible for setting the direction, development, implementation and coordination of disaster risk management programs within their territorial jurisdiction. (b) The LDRRMO shall be under the office of the governor or city or municipal mayor, and the BDRRMC shall be under the office of the punong barangay. The LDRRMOs shall be initially organized and composed of a Local Disaster Risk Reduction and Management Officer to be assisted by three staff responsible for administration, planning, and operations.","City Ordinance No. 0422-19, Series of 2019 (The Comprehensive Davao City Disaster Risk Reduction and Management Organization Code)",Section 3,"SECTION 3. METROPOLITAN WARNING DISPATCH INTEGRATION. — In the exercise of delegated police powers to preserve public safety and stabilize local economic conditions during emergency periods, the City Disaster Risk Reduction and Management Office shall maintain round-the-clock emergency telemetry and severe weather monitoring systems to provide timely pre-evacuation notices to riverbank settlements. The Business Bureau and municipal inspection teams shall maintain continuous surveillance to ensure that all local commercial operations conform strictly to these municipal directives.","City Ordinance No. 0422-19, Series of 2019 (The Comprehensive Davao City Disaster Risk Reduction and Management Organization Code)",Actual Davao City Local Issuance Adaptation,Davao City Integrated Emergency Warning Network Protocol,Entailment,Substantive conceptual alignment with statutory disaster office early warning mandates.,Panel_A,"SP-ANN-01, SP-ANN-02, SP-ANN-03"
GT-043,Block_1,0,Executive Issuances & Policy Reorganization,Tier 3: Latent & Paraphrastic,Republic Act No. 11032 (Ease of Doing Business and Efficient Government Service Delivery Act of 2018),Section 9(b)(1),"Section 9(b)(1). Action of Offices. — All applications or requests submitted shall be acted upon by the assigned officer or employee within the prescribed processing time stated in the Citizen's Charter which shall not exceed: three (3) working days in the case of simple transactions; seven (7) working days in the case of complex transactions; and twenty (20) working days in the case of applications or requests involving activities which pose danger to public health, public safety, public morals, public policy, and highly technical transactions. The maximum time prescribed above may be extended only once for the same number of days, which shall be indicated in the Citizen's Charter.","City Ordinance No. 0334-18, Series of 2018 (The Davao City Business Regulatory Ease and Anti-Red Tape Administrative Procedures Code)",Section 7,"SECTION 7. EXPEDITED COMMERCIAL CLEARANCE WORKFLOW. — To optimize municipal administrative workflows and ensure comprehensive regulatory coordination across local executive directorates, the Business Bureau shall process routine trade permit filings through automated validation queues, providing immediate digital clearance to non-hazardous commercial enterprises without arbitrary bureaucratic postponement. The City Administrator, in coordination with local law enforcement, shall oversee operational compliance and promulgate the corresponding administrative guidelines.","City Ordinance No. 0334-18, Series of 2018 (The Davao City Business Regulatory Ease and Anti-Red Tape Administrative Procedures Code)",Actual Davao City Local Issuance Adaptation,Davao City Electronic Regulatory Clearance Efficiency Protocol,Entailment,Substantive conceptual compliance with statutory ease-of-doing-business efficiency mandates.,Panel_A,"SP-ANN-01, SP-ANN-02, SP-ANN-03"
GT-044,Block_1,0,Executive Issuances & Policy Reorganization,Tier 3: Latent & Paraphrastic,Republic Act No. 7581 (The Price Act),Section 6,"Section 6. Automatic Price Control. — Unless otherwise declared by the President, prices of basic necessities in an area shall automatically be frozen at their prevailing prices or placed under automatic price control whenever that area is proclaimed or declared a disaster area or under a state of calamity. If the prevailing price of any basic necessity is excessive or unreasonable, the implementing agency may recommend to the President the imposition of a price ceiling. Unless sooner lifted by the President, price control of basic necessities under this section shall remain effective for the duration of the condition that brought it about, but not for more than sixty (60) days.","City Ordinance No. 0667-21, Series of 2021 (The Davao City Emergency Market Price Freeze Monitoring and Consumer Welfare Code)",Section 4,"SECTION 4. DISASTER PRICE BASING INSPECTIONS. — To optimize municipal administrative workflows and ensure comprehensive regulatory coordination across local executive directorates, the City Economic Enterprise Office shall deploy market inspectors to commercial food depots following severe typhoons, ensuring that basic retail sustenance commodities remain at pre-emergency cost baselines without unauthorized local merchant markups. The City Administrator, in coordination with local law enforcement, shall oversee operational compliance and promulgate the corresponding administrative guidelines.","City Ordinance No. 0667-21, Series of 2021 (The Davao City Emergency Market Price Freeze Monitoring and Consumer Welfare Code)",Actual Davao City Local Issuance Adaptation,Davao City Emergency Consumer Sustenance Monitoring Protocol [District 1 (Poblacion/Talomo) - Coastal Maritime Zone],Entailment,Substantive conceptual alignment with automatic price freeze objectives.,Panel_A,"SP-ANN-01, SP-ANN-02, SP-ANN-03"
GT-045,Block_1,0,Executive Issuances & Policy Reorganization,Tier 3: Latent & Paraphrastic,Republic Act No. 10121 (Philippine Disaster Risk Reduction and Management Act of 2010),Section 12,"Section 12. Local Disaster Risk Reduction and Management Office (LDRRMO). — (a) There shall be established an LDRRMO in every province, city and municipality, and a Barangay Disaster Risk Reduction and Management Committee in every barangay which shall be responsible for setting the direction, development, implementation and coordination of disaster risk management programs within their territorial jurisdiction. (b) The LDRRMO shall be under the office of the governor or city or municipal mayor, and the BDRRMC shall be under the office of the punong barangay. The LDRRMOs shall be initially organized and composed of a Local Disaster Risk Reduction and Management Officer to be assisted by three staff responsible for administration, planning, and operations.","City Ordinance No. 0422-19, Series of 2019 (The Comprehensive Davao City Disaster Risk Reduction and Management Organization Code)",Section 3,"SECTION 3. METROPOLITAN WARNING DISPATCH INTEGRATION. — In the exercise of delegated police powers to preserve public safety and stabilize local economic conditions during emergency periods, the City Disaster Risk Reduction and Management Office shall maintain round-the-clock emergency telemetry and severe weather monitoring systems to provide timely pre-evacuation notices to riverbank settlements. The Business Bureau and municipal inspection teams shall maintain continuous surveillance to ensure that all local commercial operations conform strictly to these municipal directives.","City Ordinance No. 0422-19, Series of 2019 (The Comprehensive Davao City Disaster Risk Reduction and Management Organization Code)",Actual Davao City Local Issuance Adaptation,Davao City Integrated Emergency Warning Network Protocol [District 2 (Buhangin/Bunawan) - Urban Commercial Corridor],Entailment,Substantive conceptual alignment with statutory disaster office early warning mandates.,Panel_A,"SP-ANN-01, SP-ANN-02, SP-ANN-03"
GT-046,Block_1,0,Executive Issuances & Policy Reorganization,Tier 3: Latent & Paraphrastic,Republic Act No. 7581 (The Price Act),Section 6,"Section 6. Automatic Price Control. — Unless otherwise declared by the President, prices of basic necessities in an area shall automatically be frozen at their prevailing prices or placed under automatic price control whenever that area is proclaimed or declared a disaster area or under a state of calamity. If the prevailing price of any basic necessity is excessive or unreasonable, the implementing agency may recommend to the President the imposition of a price ceiling. Unless sooner lifted by the President, price control of basic necessities under this section shall remain effective for the duration of the condition that brought it about, but not for more than sixty (60) days.","City Ordinance No. 0415-18, Series of 2018 (The Davao City Public Market Concessionaire Tenancy and Commercial Stall Standardization Ordinance)",Section 4,"SECTION 4. STALL ARCHITECTURAL SPECIFICATIONS. — To optimize municipal administrative workflows and ensure comprehensive regulatory coordination across local executive directorates, permanent concessionaires operating meat and produce stalls within city public markets shall construct display counters using food-grade stainless steel surfaces and maintain unobstructed drainage gutters within their assigned leased perimeters. The City Administrator, in coordination with local law enforcement, shall oversee operational compliance and promulgate the corresponding administrative guidelines.","City Ordinance No. 0415-18, Series of 2018 (The Davao City Public Market Concessionaire Tenancy and Commercial Stall Standardization Ordinance)",Actual Davao City Ordinance Adaptation,Davao City Public Market Stall Architectural Standardization Ordinance,Neutral,Regulates physical stall design and sanitation maintenance; completely non-overlapping with statutory automatic price controls.,Panel_A,"SP-ANN-01, SP-ANN-02, SP-ANN-03"
GT-047,Block_1,0,Executive Issuances & Policy Reorganization,Tier 3: Latent & Paraphrastic,Republic Act No. 10121 (Philippine Disaster Risk Reduction and Management Act of 2010),Section 12,"Section 12. Local Disaster Risk Reduction and Management Office (LDRRMO). — (a) There shall be established an LDRRMO in every province, city and municipality, and a Barangay Disaster Risk Reduction and Management Committee in every barangay which shall be responsible for setting the direction, development, implementation and coordination of disaster risk management programs within their territorial jurisdiction. (b) The LDRRMO shall be under the office of the governor or city or municipal mayor, and the BDRRMC shall be under the office of the punong barangay. The LDRRMOs shall be initially organized and composed of a Local Disaster Risk Reduction and Management Officer to be assisted by three staff responsible for administration, planning, and operations.","City Ordinance No. 0355-17, Series of 2017 (The Davao City Rainwater Harvesting Facility and Civil Building Drainage Standards Ordinance)",Section 6,"SECTION 6. ATHLETIC FIELD DRAINAGE CONSTRUCTION. — In the exercise of delegated police powers to preserve public safety and stabilize local economic conditions during emergency periods, municipal elementary school sports grounds shall incorporate subterranean gravel drainage grids to prevent stagnant storm water accumulation during wet season athletic events. The Business Bureau and municipal inspection teams shall maintain continuous surveillance to ensure that all local commercial operations conform strictly to these municipal directives.","City Ordinance No. 0355-17, Series of 2017 (The Davao City Rainwater Harvesting Facility and Civil Building Drainage Standards Ordinance)",Actual Davao City Ordinance Adaptation,Davao City Public School Grounds Soil Drainage Specification,Neutral,Regulates school grounds civil engineering; completely distinct from civil defense office structuring.,Panel_A,"SP-ANN-01, SP-ANN-02, SP-ANN-03"
GT-048,Block_1,0,Executive Issuances & Policy Reorganization,Tier 3: Latent & Paraphrastic,Republic Act No. 11032 (Ease of Doing Business and Efficient Government Service Delivery Act of 2018),Section 9(b)(1),"Section 9(b)(1). Action of Offices. — All applications or requests submitted shall be acted upon by the assigned officer or employee within the prescribed processing time stated in the Citizen's Charter which shall not exceed: three (3) working days in the case of simple transactions; seven (7) working days in the case of complex transactions; and twenty (20) working days in the case of applications or requests involving activities which pose danger to public health, public safety, public morals, public policy, and highly technical transactions. The maximum time prescribed above may be extended only once for the same number of days, which shall be indicated in the Citizen's Charter.","City Ordinance No. 0212-16, Series of 2016 (The Davao City Central Public Administrative Archive Storage and Document Preservation Ordinance)",Section 5,"SECTION 5. ADMINISTRATIVE PAPER SPECIFICATIONS. — In the exercise of delegated police powers to preserve public safety and stabilize local economic conditions during emergency periods, official city council committee reports and legislative drafts shall be printed exclusively on acid-free bond paper to guarantee long-term physical document preservation. The Business Bureau and municipal inspection teams shall maintain continuous surveillance to ensure that all local commercial operations conform strictly to these municipal directives.","City Ordinance No. 0212-16, Series of 2016 (The Davao City Central Public Administrative Archive Storage and Document Preservation Ordinance)",Actual Davao City Ordinance Adaptation,Davao City Municipal Document Paper Weight Specifications,Neutral,Regulates administrative stationery paper quality; completely independent of statutory permit processing rules.,Panel_A,"SP-ANN-01, SP-ANN-02, SP-ANN-03"
GT-049,Block_1,0,Executive Issuances & Policy Reorganization,Tier 3: Latent & Paraphrastic,Republic Act No. 7581 (The Price Act),Section 6,"Section 6. Automatic Price Control. — Unless otherwise declared by the President, prices of basic necessities in an area shall automatically be frozen at their prevailing prices or placed under automatic price control whenever that area is proclaimed or declared a disaster area or under a state of calamity. If the prevailing price of any basic necessity is excessive or unreasonable, the implementing agency may recommend to the President the imposition of a price ceiling. Unless sooner lifted by the President, price control of basic necessities under this section shall remain effective for the duration of the condition that brought it about, but not for more than sixty (60) days.","City Ordinance No. 0415-18, Series of 2018 (The Davao City Public Market Concessionaire Tenancy and Commercial Stall Standardization Ordinance)",Section 4,"SECTION 4. STALL ARCHITECTURAL SPECIFICATIONS. — To optimize municipal administrative workflows and ensure comprehensive regulatory coordination across local executive directorates, permanent concessionaires operating meat and produce stalls within city public markets shall construct display counters using food-grade stainless steel surfaces and maintain unobstructed drainage gutters within their assigned leased perimeters. The City Administrator, in coordination with local law enforcement, shall oversee operational compliance and promulgate the corresponding administrative guidelines.","City Ordinance No. 0415-18, Series of 2018 (The Davao City Public Market Concessionaire Tenancy and Commercial Stall Standardization Ordinance)",Actual Davao City Ordinance Adaptation,Davao City Public Market Stall Architectural Standardization Ordinance [District 1 (Poblacion/Talomo) - Coastal Maritime Zone],Neutral,Regulates physical stall design and sanitation maintenance; completely non-overlapping with statutory automatic price controls.,Panel_A,"SP-ANN-01, SP-ANN-02, SP-ANN-03"
GT-050,Block_1,0,Executive Issuances & Policy Reorganization,Tier 3: Latent & Paraphrastic,Republic Act No. 10121 (Philippine Disaster Risk Reduction and Management Act of 2010),Section 12,"Section 12. Local Disaster Risk Reduction and Management Office (LDRRMO). — (a) There shall be established an LDRRMO in every province, city and municipality, and a Barangay Disaster Risk Reduction and Management Committee in every barangay which shall be responsible for setting the direction, development, implementation and coordination of disaster risk management programs within their territorial jurisdiction. (b) The LDRRMO shall be under the office of the governor or city or municipal mayor, and the BDRRMC shall be under the office of the punong barangay. The LDRRMOs shall be initially organized and composed of a Local Disaster Risk Reduction and Management Officer to be assisted by three staff responsible for administration, planning, and operations.","City Ordinance No. 0355-17, Series of 2017 (The Davao City Rainwater Harvesting Facility and Civil Building Drainage Standards Ordinance)",Section 6,"SECTION 6. ATHLETIC FIELD DRAINAGE CONSTRUCTION. — In the exercise of delegated police powers to preserve public safety and stabilize local economic conditions during emergency periods, municipal elementary school sports grounds shall incorporate subterranean gravel drainage grids to prevent stagnant storm water accumulation during wet season athletic events. The Business Bureau and municipal inspection teams shall maintain continuous surveillance to ensure that all local commercial operations conform strictly to these municipal directives.","City Ordinance No. 0355-17, Series of 2017 (The Davao City Rainwater Harvesting Facility and Civil Building Drainage Standards Ordinance)",Actual Davao City Ordinance Adaptation,Davao City Public School Grounds Soil Drainage Specification [District 2 (Buhangin/Bunawan) - Urban Commercial Corridor],Neutral,Regulates school grounds civil engineering; completely distinct from civil defense office structuring.,Panel_A,"SP-ANN-01, SP-ANN-02, SP-ANN-03"
GT-051,Block_1,1,Education & Academic Institutions,Tier 1: Surface & Quantitative,Republic Act No. 10931 (Universal Access to Quality Tertiary Education Act),Section 4,"Section 4. Free Higher Education in SUCs and LUCs. — All Filipino students who are enrolled in courses leading to a bachelor's degree or comparable undergraduate degree in State Universities and Colleges (SUCs) and Local Universities and Colleges (LUCs) shall be exempt from paying tuition and other school fees for units enrolled in: Provided, That they pass the entrance examination and other admission and retention requirements of the SUCs and LUCs. SUCs and LUCs shall not collect mandatory tuition or administrative fees from qualified undergraduate students, and the required funding shall be subsidized by the national government through annual appropriations.","Proposed City Ordinance No. 2024-128, Series of 2024 (The City College of Davao Campus Sustainability and Facility Assessment Measure)",Section 6,"SECTION 6. IMPOSITION OF SEMESTRAL LABORATORY FEES. — Pursuant to the constitutional priority accorded to education and the municipal youth development mandate of Davao City, and to fund laboratory equipment upgrades, the City College of Davao shall collect a mandatory technological laboratory fee of Two Thousand Five Hundred Pesos (PHP 2,500.00) per semester from all enrolled undergraduate students. The City Education Development Division and the Local School Board shall monitor institutional compliance and submit quarterly reports to the Sangguniang Panlungsod.","Proposed City Ordinance No. 2024-128, Series of 2024 (The City College of Davao Campus Sustainability and Facility Assessment Measure)",Synthetically Proposed Municipal Draft Clause,Draft City College of Davao Cost Recovery and Matriculation Measure,Contradiction,"Direct breach of statutory fee exemption. Section 4 of RA 10931 explicitly mandates that all qualified students enrolled in recognized Local Universities and Colleges (LUCs) shall be exempt from paying tuition and other school fees, including laboratory fees.",Panel_A,"SP-ANN-01, SP-ANN-02, SP-ANN-03"
GT-052,Block_1,1,Education & Academic Institutions,Tier 1: Surface & Quantitative,Republic Act No. 9165 (Comprehensive Dangerous Drugs Act of 2002),Section 36(c),"Section 36(c). Authorized Drug Testing for Students. — Authorized drug testing shall be done by any government forensic laboratories or by any of the drug testing laboratories accredited and monitored by the Department of Health (DOH) to safeguard the quality of test results. Students of secondary and tertiary schools shall, pursuant to the related rules and regulations as contained in the school's student handbook and with notice to the parents, undergo a random drug testing: Provided, That all drug testing expenses whether in public or private schools under this Section will be borne by the government.","Proposed City Ordinance No. 2024-142, Series of 2024 (The Davao City Campus Academic Substance Screening and Disciplinary Code)",Section 4,"SECTION 4. MANDATORY STUDENT DRUG TESTING PRIOR TO ENROLLMENT. — In coordination with the Department of Education and the Commission on Higher Education under local ordinance powers, all secondary and tertiary students seeking enrollment in educational institutions situated within Davao City shall undergo compulsory universal drug screening, presenting certified negative drug test results as a mandatory condition for academic enrollment. The City Health Office and the City Social Welfare and Development Office (CSWDO) shall deploy inspection officers to ensure student protection standards.","Proposed City Ordinance No. 2024-142, Series of 2024 (The Davao City Campus Academic Substance Screening and Disciplinary Code)",Synthetically Proposed Municipal Draft Clause,Draft Davao City Mandatory Student Substance Screening Measure,Contradiction,"Direct breach of statutory scope. Section 36(c) of RA 9165 explicitly restricts student drug testing to random sampling conducted pursuant to school handbooks, strictly forbidding universal mandatory drug screening as an enrollment prerequisite.",Panel_A,"SP-ANN-01, SP-ANN-02, SP-ANN-03"
GT-053,Block_1,1,Education & Academic Institutions,Tier 1: Surface & Quantitative,Republic Act No. 11314 (Student Fare Discount Act),Section 5,"Section 5. Student Fare Discount Privilege. — A student under this Act shall be entitled to a grant for twenty percent (20%) discount on the regular domestic transportation utility fares for land, rail, sea and air, upon presentation of their duly issued school identification cards or valid enrollment documents. The discount shall be granted across all public transportation utilities operating within Philippine territory throughout the entire calendar year.","Proposed City Ordinance No. 2024-073, Series of 2024 (The Davao City Express Transit Premium Fare and Student Surcharge Measure)",Section 6,"SECTION 6. STUDENT FARE REDUCTION ADJUSTMENT. — To safeguard student welfare and promote accessible quality education across all public and private academic institutions, public utility jeepney and motorized tricycle operators in Davao City shall grant enrolled students a reduced fare discount of ten percent (10%) off the regular approved passenger fare rate. Academic institutions or transport operators failing to adhere to these local educational standards shall be subject to administrative fines under the Davao City Revenue Code.","Proposed City Ordinance No. 2024-073, Series of 2024 (The Davao City Express Transit Premium Fare and Student Surcharge Measure)",Synthetically Proposed Municipal Draft Clause,Draft Davao City Public Transport Local Fare Restructuring Measure,Contradiction,Direct breach of statutory discount rate. Section 5 of RA 11314 explicitly guarantees students a twenty percent (20%) discount privilege. Reducing the discount to 10% violates national statutory student protections.,Panel_A,"SP-ANN-01, SP-ANN-02, SP-ANN-03"
GT-054,Block_1,1,Education & Academic Institutions,Tier 1: Surface & Quantitative,Republic Act No. 10931 (Universal Access to Quality Tertiary Education Act),Section 4,"Section 4. Free Higher Education in SUCs and LUCs. — All Filipino students who are enrolled in courses leading to a bachelor's degree or comparable undergraduate degree in State Universities and Colleges (SUCs) and Local Universities and Colleges (LUCs) shall be exempt from paying tuition and other school fees for units enrolled in: Provided, That they pass the entrance examination and other admission and retention requirements of the SUCs and LUCs. SUCs and LUCs shall not collect mandatory tuition or administrative fees from qualified undergraduate students, and the required funding shall be subsidized by the national government through annual appropriations.","Proposed City Ordinance No. 2024-128, Series of 2024 (The City College of Davao Campus Sustainability and Facility Assessment Measure)",Section 6,"SECTION 6. IMPOSITION OF SEMESTRAL LABORATORY FEES. — Pursuant to the constitutional priority accorded to education and the municipal youth development mandate of Davao City, and to fund laboratory equipment upgrades, the City College of Davao shall collect a mandatory technological laboratory fee of Two Thousand Five Hundred Pesos (PHP 2,500.00) per semester from all enrolled undergraduate students. The City Education Development Division and the Local School Board shall monitor institutional compliance and submit quarterly reports to the Sangguniang Panlungsod.","Proposed City Ordinance No. 2024-128, Series of 2024 (The City College of Davao Campus Sustainability and Facility Assessment Measure)",Synthetically Proposed Municipal Draft Clause,Draft City College of Davao Cost Recovery and Matriculation Measure [District 1 (Poblacion/Talomo) - Coastal Maritime Zone],Contradiction,"Direct breach of statutory fee exemption. Section 4 of RA 10931 explicitly mandates that all qualified students enrolled in recognized Local Universities and Colleges (LUCs) shall be exempt from paying tuition and other school fees, including laboratory fees.",Panel_A,"SP-ANN-01, SP-ANN-02, SP-ANN-03"
GT-055,Block_1,1,Education & Academic Institutions,Tier 1: Surface & Quantitative,Republic Act No. 10931 (Universal Access to Quality Tertiary Education Act),Section 4,"Section 4. Free Higher Education in SUCs and LUCs. — All Filipino students who are enrolled in courses leading to a bachelor's degree or comparable undergraduate degree in State Universities and Colleges (SUCs) and Local Universities and Colleges (LUCs) shall be exempt from paying tuition and other school fees for units enrolled in: Provided, That they pass the entrance examination and other admission and retention requirements of the SUCs and LUCs. SUCs and LUCs shall not collect mandatory tuition or administrative fees from qualified undergraduate students, and the required funding shall be subsidized by the national government through annual appropriations.","City Ordinance No. 0182-20, Series of 2020 (The City College of Davao Higher Education Access and Tuition Subsidy Code)",Section 3,"SECTION 3. FREE TUITION AND MISCELLANEOUS FEE EXEMPTION. — Pursuant to the constitutional priority accorded to education and the municipal youth development mandate of Davao City, pursuant to Section 4 of Republic Act No. 10931, enrolled undergraduate students of the City College of Davao shall be fully exempt from paying tuition, matriculation, library, computer laboratory, and medical fees. The City Education Development Division and the Local School Board shall monitor institutional compliance and submit quarterly reports to the Sangguniang Panlungsod.","City Ordinance No. 0182-20, Series of 2020 (The City College of Davao Higher Education Access and Tuition Subsidy Code)",Actual Davao City Landmark Ordinance Adaptation,Davao City Ordinance Institutionalizing the City College of Davao,Entailment,Direct statutory execution of the comprehensive tuition and miscellaneous fee exemption mandated by RA 10931.,Panel_A,"SP-ANN-01, SP-ANN-02, SP-ANN-03"
GT-056,Block_1,1,Education & Academic Institutions,Tier 1: Surface & Quantitative,Republic Act No. 9165 (Comprehensive Dangerous Drugs Act of 2002),Section 36(c),"Section 36(c). Authorized Drug Testing for Students. — Authorized drug testing shall be done by any government forensic laboratories or by any of the drug testing laboratories accredited and monitored by the Department of Health (DOH) to safeguard the quality of test results. Students of secondary and tertiary schools shall, pursuant to the related rules and regulations as contained in the school's student handbook and with notice to the parents, undergo a random drug testing: Provided, That all drug testing expenses whether in public or private schools under this Section will be borne by the government.","City Ordinance No. 0521-17, Series of 2017 (The Davao City Student Health Protection and Drug-Free Campus Intervention Code)",Section 3,"SECTION 3. RANDOM STUDENT DRUG SCREENING. — To safeguard student welfare and promote accessible quality education across all public and private academic institutions, in strict accordance with Section 36(c) of Republic Act No. 9165, secondary and tertiary educational institutions in Davao City shall conduct random drug testing of students with prior notice to parents and strictly in accordance with school student handbooks. Academic institutions or transport operators failing to adhere to these local educational standards shall be subject to administrative fines under the Davao City Revenue Code.","City Ordinance No. 0521-17, Series of 2017 (The Davao City Student Health Protection and Drug-Free Campus Intervention Code)",Actual Davao City Ordinance Adaptation,Davao City School Substance Prevention and Random Testing Protocol,Entailment,"Direct statutory adherence executing the random testing parameters, parental notice, and student handbook conditions prescribed by national law.",Panel_A,"SP-ANN-01, SP-ANN-02, SP-ANN-03"
GT-057,Block_1,1,Education & Academic Institutions,Tier 1: Surface & Quantitative,Republic Act No. 11314 (Student Fare Discount Act),Section 5,"Section 5. Student Fare Discount Privilege. — A student under this Act shall be entitled to a grant for twenty percent (20%) discount on the regular domestic transportation utility fares for land, rail, sea and air, upon presentation of their duly issued school identification cards or valid enrollment documents. The discount shall be granted across all public transportation utilities operating within Philippine territory throughout the entire calendar year.","City Ordinance No. 0772-22, Series of 2022 (The Davao City Student Transportation Fare Discount Privilege and Mobility Accessibility Code)",Section 3,"SECTION 3. MANDATORY TWENTY PERCENT PASSENGER FARE DISCOUNT. — Pursuant to the constitutional priority accorded to education and the municipal youth development mandate of Davao City, in accordance with Section 5 of Republic Act No. 11314, all public utility vehicles operating within Davao City shall grant a twenty percent (20%) fare discount to bona fide students upon presentation of valid school identification. The City Education Development Division and the Local School Board shall monitor institutional compliance and submit quarterly reports to the Sangguniang Panlungsod.","City Ordinance No. 0772-22, Series of 2022 (The Davao City Student Transportation Fare Discount Privilege and Mobility Accessibility Code)",Actual Davao City Landmark Ordinance Adaptation,Davao City Student Public Transit Fare Protection Ordinance,Entailment,Exact statutory adoption executing the mandatory 20% student fare discount prescribed by national law.,Panel_A,"SP-ANN-01, SP-ANN-02, SP-ANN-03"
GT-058,Block_1,1,Education & Academic Institutions,Tier 1: Surface & Quantitative,Republic Act No. 10931 (Universal Access to Quality Tertiary Education Act),Section 4,"Section 4. Free Higher Education in SUCs and LUCs. — All Filipino students who are enrolled in courses leading to a bachelor's degree or comparable undergraduate degree in State Universities and Colleges (SUCs) and Local Universities and Colleges (LUCs) shall be exempt from paying tuition and other school fees for units enrolled in: Provided, That they pass the entrance examination and other admission and retention requirements of the SUCs and LUCs. SUCs and LUCs shall not collect mandatory tuition or administrative fees from qualified undergraduate students, and the required funding shall be subsidized by the national government through annual appropriations.","City Ordinance No. 0182-20, Series of 2020 (The City College of Davao Higher Education Access and Tuition Subsidy Code)",Section 3,"SECTION 3. FREE TUITION AND MISCELLANEOUS FEE EXEMPTION. — Pursuant to the constitutional priority accorded to education and the municipal youth development mandate of Davao City, pursuant to Section 4 of Republic Act No. 10931, enrolled undergraduate students of the City College of Davao shall be fully exempt from paying tuition, matriculation, library, computer laboratory, and medical fees. The City Education Development Division and the Local School Board shall monitor institutional compliance and submit quarterly reports to the Sangguniang Panlungsod.","City Ordinance No. 0182-20, Series of 2020 (The City College of Davao Higher Education Access and Tuition Subsidy Code)",Actual Davao City Landmark Ordinance Adaptation,Davao City Ordinance Institutionalizing the City College of Davao [District 1 (Poblacion/Talomo) - Coastal Maritime Zone],Entailment,Direct statutory execution of the comprehensive tuition and miscellaneous fee exemption mandated by RA 10931.,Panel_A,"SP-ANN-01, SP-ANN-02, SP-ANN-03"
GT-059,Block_1,1,Education & Academic Institutions,Tier 1: Surface & Quantitative,Republic Act No. 9165 (Comprehensive Dangerous Drugs Act of 2002),Section 36(c),"Section 36(c). Authorized Drug Testing for Students. — Authorized drug testing shall be done by any government forensic laboratories or by any of the drug testing laboratories accredited and monitored by the Department of Health (DOH) to safeguard the quality of test results. Students of secondary and tertiary schools shall, pursuant to the related rules and regulations as contained in the school's student handbook and with notice to the parents, undergo a random drug testing: Provided, That all drug testing expenses whether in public or private schools under this Section will be borne by the government.","City Ordinance No. 0521-17, Series of 2017 (The Davao City Student Health Protection and Drug-Free Campus Intervention Code)",Section 3,"SECTION 3. RANDOM STUDENT DRUG SCREENING. — To safeguard student welfare and promote accessible quality education across all public and private academic institutions, in strict accordance with Section 36(c) of Republic Act No. 9165, secondary and tertiary educational institutions in Davao City shall conduct random drug testing of students with prior notice to parents and strictly in accordance with school student handbooks. Academic institutions or transport operators failing to adhere to these local educational standards shall be subject to administrative fines under the Davao City Revenue Code.","City Ordinance No. 0521-17, Series of 2017 (The Davao City Student Health Protection and Drug-Free Campus Intervention Code)",Actual Davao City Ordinance Adaptation,Davao City School Substance Prevention and Random Testing Protocol [District 2 (Buhangin/Bunawan) - Urban Commercial Corridor],Entailment,"Direct statutory adherence executing the random testing parameters, parental notice, and student handbook conditions prescribed by national law.",Panel_A,"SP-ANN-01, SP-ANN-02, SP-ANN-03"
GT-060,Block_1,1,Education & Academic Institutions,Tier 1: Surface & Quantitative,Republic Act No. 10931 (Universal Access to Quality Tertiary Education Act),Section 4,"Section 4. Free Higher Education in SUCs and LUCs. — All Filipino students who are enrolled in courses leading to a bachelor's degree or comparable undergraduate degree in State Universities and Colleges (SUCs) and Local Universities and Colleges (LUCs) shall be exempt from paying tuition and other school fees for units enrolled in: Provided, That they pass the entrance examination and other admission and retention requirements of the SUCs and LUCs. SUCs and LUCs shall not collect mandatory tuition or administrative fees from qualified undergraduate students, and the required funding shall be subsidized by the national government through annual appropriations.","City Ordinance No. 0290-19, Series of 2019 (The Davao City Public Academic Library Rare Book Archiving and Preservation Standard)",Section 4,"SECTION 4. CLASSROOM ACOUSTIC CEILINGS. — Pursuant to the constitutional priority accorded to education and the municipal youth development mandate of Davao City, municipal elementary school classrooms constructed within urban commercial zones shall feature sound-dampening ceiling panels designed to reduce interior acoustic noise below fifty (50) decibels. The City Education Development Division and the Local School Board shall monitor institutional compliance and submit quarterly reports to the Sangguniang Panlungsod.","City Ordinance No. 0290-19, Series of 2019 (The Davao City Public Academic Library Rare Book Archiving and Preservation Standard)",Actual Davao City Ordinance Adaptation,Davao City Public School Classroom Acoustic Standardization Measure,Neutral,Regulates civil architectural acoustics; neutral regarding statutory tertiary tuition exemptions.,Panel_A,"SP-ANN-01, SP-ANN-02, SP-ANN-03"
GT-061,Block_1,1,Education & Academic Institutions,Tier 1: Surface & Quantitative,Republic Act No. 9165 (Comprehensive Dangerous Drugs Act of 2002),Section 36(c),"Section 36(c). Authorized Drug Testing for Students. — Authorized drug testing shall be done by any government forensic laboratories or by any of the drug testing laboratories accredited and monitored by the Department of Health (DOH) to safeguard the quality of test results. Students of secondary and tertiary schools shall, pursuant to the related rules and regulations as contained in the school's student handbook and with notice to the parents, undergo a random drug testing: Provided, That all drug testing expenses whether in public or private schools under this Section will be borne by the government.","City Ordinance No. 0177-16, Series of 2016 (The Davao City Public Classroom Educational Furniture Maintenance and Sanitation Standard)",Section 4,"SECTION 4. CANTEEN BEVERAGE SUGAR RESTRICTIONS. — To safeguard student welfare and promote accessible quality education across all public and private academic institutions, concessionaires operating elementary school canteens shall not sell bottled beverages containing more than twenty (20) grams of added refined sugar per serving. Academic institutions or transport operators failing to adhere to these local educational standards shall be subject to administrative fines under the Davao City Revenue Code.","City Ordinance No. 0177-16, Series of 2016 (The Davao City Public Classroom Educational Furniture Maintenance and Sanitation Standard)",Actual Davao City Ordinance Adaptation,Davao City Elementary School Canteen Sugar Content Standard,Neutral,Regulates school canteen nutritional standards; neutral regarding statutory student substance testing.,Panel_A,"SP-ANN-01, SP-ANN-02, SP-ANN-03"
GT-062,Block_1,1,Education & Academic Institutions,Tier 1: Surface & Quantitative,Republic Act No. 11314 (Student Fare Discount Act),Section 5,"Section 5. Student Fare Discount Privilege. — A student under this Act shall be entitled to a grant for twenty percent (20%) discount on the regular domestic transportation utility fares for land, rail, sea and air, upon presentation of their duly issued school identification cards or valid enrollment documents. The discount shall be granted across all public transportation utilities operating within Philippine territory throughout the entire calendar year.","City Ordinance No. 0318-18, Series of 2018 (The Davao City Public Transport Passenger Waiting Shed and Terminal Canopy Standard)",Section 4,"SECTION 4. ROUTE SIGNBOARD SPECIFICATIONS. — Pursuant to the constitutional priority accorded to education and the municipal youth development mandate of Davao City, motorized tricycles authorized to operate within designated suburban zones shall mount official route destination boards measuring not less than forty (40) centimeters in width. The City Education Development Division and the Local School Board shall monitor institutional compliance and submit quarterly reports to the Sangguniang Panlungsod.","City Ordinance No. 0318-18, Series of 2018 (The Davao City Public Transport Passenger Waiting Shed and Terminal Canopy Standard)",Actual Davao City Ordinance Adaptation,Davao City Tricycle Route Tarpaulin Signboard Dimensions,Neutral,Regulates tricycle route signboard dimensions; neutral regarding statutory student fare discount rights.,Panel_A,"SP-ANN-01, SP-ANN-02, SP-ANN-03"
GT-063,Block_1,1,Education & Academic Institutions,Tier 1: Surface & Quantitative,Republic Act No. 10931 (Universal Access to Quality Tertiary Education Act),Section 4,"Section 4. Free Higher Education in SUCs and LUCs. — All Filipino students who are enrolled in courses leading to a bachelor's degree or comparable undergraduate degree in State Universities and Colleges (SUCs) and Local Universities and Colleges (LUCs) shall be exempt from paying tuition and other school fees for units enrolled in: Provided, That they pass the entrance examination and other admission and retention requirements of the SUCs and LUCs. SUCs and LUCs shall not collect mandatory tuition or administrative fees from qualified undergraduate students, and the required funding shall be subsidized by the national government through annual appropriations.","City Ordinance No. 0290-19, Series of 2019 (The Davao City Public Academic Library Rare Book Archiving and Preservation Standard)",Section 4,"SECTION 4. CLASSROOM ACOUSTIC CEILINGS. — Pursuant to the constitutional priority accorded to education and the municipal youth development mandate of Davao City, municipal elementary school classrooms constructed within urban commercial zones shall feature sound-dampening ceiling panels designed to reduce interior acoustic noise below fifty (50) decibels. The City Education Development Division and the Local School Board shall monitor institutional compliance and submit quarterly reports to the Sangguniang Panlungsod.","City Ordinance No. 0290-19, Series of 2019 (The Davao City Public Academic Library Rare Book Archiving and Preservation Standard)",Actual Davao City Ordinance Adaptation,Davao City Public School Classroom Acoustic Standardization Measure [District 1 (Poblacion/Talomo) - Coastal Maritime Zone],Neutral,Regulates civil architectural acoustics; neutral regarding statutory tertiary tuition exemptions.,Panel_A,"SP-ANN-01, SP-ANN-02, SP-ANN-03"
GT-064,Block_1,1,Education & Academic Institutions,Tier 2: Preemption & Carve-Outs,Republic Act No. 10931 (Universal Access to Quality Tertiary Education Act),Section 4,"Section 4. Free Higher Education in SUCs and LUCs. — All Filipino students who are enrolled in courses leading to a bachelor's degree or comparable undergraduate degree in State Universities and Colleges (SUCs) and Local Universities and Colleges (LUCs) shall be exempt from paying tuition and other school fees for units enrolled in: Provided, That they pass the entrance examination and other admission and retention requirements of the SUCs and LUCs. SUCs and LUCs shall not collect mandatory tuition or administrative fees from qualified undergraduate students, and the required funding shall be subsidized by the national government through annual appropriations.","Proposed City Ordinance No. 2024-128, Series of 2024 (The City College of Davao Campus Sustainability and Facility Assessment Measure)",Section 4,"SECTION 4. VOTER REGISTRATION RESTRICTION ON FREE TUITION. — Pursuant to the constitutional priority accorded to education and the municipal youth development mandate of Davao City, free higher education benefits at the City College of Davao shall be restricted exclusively to students who present registered voter certifications from Davao City precincts, disqualifying non-voting resident students otherwise eligible under national statute. The City Education Development Division and the Local School Board shall monitor institutional compliance and submit quarterly reports to the Sangguniang Panlungsod.","Proposed City Ordinance No. 2024-128, Series of 2024 (The City College of Davao Campus Sustainability and Facility Assessment Measure)",Synthetically Proposed Municipal Draft Clause,Draft Ordinance Conditioning Tertiary Tuition Exemption on Local Voting Status,Contradiction,Discriminatory local preemption. RA 10931 extends free tertiary education privileges to all Filipino students enrolled in recognized LUCs without allowing municipal councils to impose local electoral residency conditions.,Panel_A,"SP-ANN-01, SP-ANN-02, SP-ANN-03"
GT-065,Block_1,1,Education & Academic Institutions,Tier 2: Preemption & Carve-Outs,Republic Act No. 9165 (Comprehensive Dangerous Drugs Act of 2002),Section 36(c),"Section 36(c). Authorized Drug Testing for Students. — Authorized drug testing shall be done by any government forensic laboratories or by any of the drug testing laboratories accredited and monitored by the Department of Health (DOH) to safeguard the quality of test results. Students of secondary and tertiary schools shall, pursuant to the related rules and regulations as contained in the school's student handbook and with notice to the parents, undergo a random drug testing: Provided, That all drug testing expenses whether in public or private schools under this Section will be borne by the government.","Proposed City Ordinance No. 2024-142, Series of 2024 (The Davao City Campus Academic Substance Screening and Disciplinary Code)",Section 7,"SECTION 7. SUMMARY ACADEMIC EXPULSION. — Pursuant to the constitutional priority accorded to education and the municipal youth development mandate of Davao City, any high school or college student within Davao City who tests positive in an initial drug screening examination shall be summarily expelled from the academic institution without requiring confirmatory laboratory testing or parental intervention. The City Education Development Division and the Local School Board shall monitor institutional compliance and submit quarterly reports to the Sangguniang Panlungsod.","Proposed City Ordinance No. 2024-142, Series of 2024 (The Davao City Campus Academic Substance Screening and Disciplinary Code)",Synthetically Proposed Municipal Draft Clause,Draft Ordinance Mandating Summary Expulsion for Positive Drug Screening,Contradiction,"Violation of statutory due process. Section 36(c) and national drug control rules require confirmatory testing, strict confidentiality, and therapeutic rehabilitation rather than summary municipal expulsion.",Panel_A,"SP-ANN-01, SP-ANN-02, SP-ANN-03"
GT-066,Block_1,1,Education & Academic Institutions,Tier 2: Preemption & Carve-Outs,Republic Act No. 11314 (Student Fare Discount Act),Section 5,"Section 5. Student Fare Discount Privilege. — A student under this Act shall be entitled to a grant for twenty percent (20%) discount on the regular domestic transportation utility fares for land, rail, sea and air, upon presentation of their duly issued school identification cards or valid enrollment documents. The discount shall be granted across all public transportation utilities operating within Philippine territory throughout the entire calendar year.","Proposed City Ordinance No. 2024-073, Series of 2024 (The Davao City Express Transit Premium Fare and Student Surcharge Measure)",Section 8,"SECTION 8. SUSPENSION OF FARE DISCOUNTS DURING VACATIONS. — In coordination with the Department of Education and the Commission on Higher Education under local ordinance powers, the twenty percent student passenger fare discount shall be suspended across all public conveyances in Davao City during summer vacations, semestral breaks, and statutory public holidays. The City Health Office and the City Social Welfare and Development Office (CSWDO) shall deploy inspection officers to ensure student protection standards.","Proposed City Ordinance No. 2024-073, Series of 2024 (The Davao City Express Transit Premium Fare and Student Surcharge Measure)",Synthetically Proposed Municipal Draft Clause,Draft Ordinance Suspending Student Fare Discounts During School Recesses,Contradiction,"Direct violation of statutory applicability. Section 5 of RA 11314 explicitly commands that the student fare discount shall be effective year-round, including weekends, summer breaks, and official holidays.",Panel_A,"SP-ANN-01, SP-ANN-02, SP-ANN-03"
GT-067,Block_1,1,Education & Academic Institutions,Tier 2: Preemption & Carve-Outs,Republic Act No. 10931 (Universal Access to Quality Tertiary Education Act),Section 4,"Section 4. Free Higher Education in SUCs and LUCs. — All Filipino students who are enrolled in courses leading to a bachelor's degree or comparable undergraduate degree in State Universities and Colleges (SUCs) and Local Universities and Colleges (LUCs) shall be exempt from paying tuition and other school fees for units enrolled in: Provided, That they pass the entrance examination and other admission and retention requirements of the SUCs and LUCs. SUCs and LUCs shall not collect mandatory tuition or administrative fees from qualified undergraduate students, and the required funding shall be subsidized by the national government through annual appropriations.","Proposed City Ordinance No. 2024-128, Series of 2024 (The City College of Davao Campus Sustainability and Facility Assessment Measure)",Section 4,"SECTION 4. VOTER REGISTRATION RESTRICTION ON FREE TUITION. — Pursuant to the constitutional priority accorded to education and the municipal youth development mandate of Davao City, free higher education benefits at the City College of Davao shall be restricted exclusively to students who present registered voter certifications from Davao City precincts, disqualifying non-voting resident students otherwise eligible under national statute. The City Education Development Division and the Local School Board shall monitor institutional compliance and submit quarterly reports to the Sangguniang Panlungsod.","Proposed City Ordinance No. 2024-128, Series of 2024 (The City College of Davao Campus Sustainability and Facility Assessment Measure)",Synthetically Proposed Municipal Draft Clause,Draft Ordinance Conditioning Tertiary Tuition Exemption on Local Voting Status [District 1 (Poblacion/Talomo) - Coastal Maritime Zone],Contradiction,Discriminatory local preemption. RA 10931 extends free tertiary education privileges to all Filipino students enrolled in recognized LUCs without allowing municipal councils to impose local electoral residency conditions.,Panel_A,"SP-ANN-01, SP-ANN-02, SP-ANN-03"
GT-068,Block_1,1,Education & Academic Institutions,Tier 2: Preemption & Carve-Outs,Republic Act No. 9165 (Comprehensive Dangerous Drugs Act of 2002),Section 36(c),"Section 36(c). Authorized Drug Testing for Students. — Authorized drug testing shall be done by any government forensic laboratories or by any of the drug testing laboratories accredited and monitored by the Department of Health (DOH) to safeguard the quality of test results. Students of secondary and tertiary schools shall, pursuant to the related rules and regulations as contained in the school's student handbook and with notice to the parents, undergo a random drug testing: Provided, That all drug testing expenses whether in public or private schools under this Section will be borne by the government.","Proposed City Ordinance No. 2024-142, Series of 2024 (The Davao City Campus Academic Substance Screening and Disciplinary Code)",Section 7,"SECTION 7. SUMMARY ACADEMIC EXPULSION. — Pursuant to the constitutional priority accorded to education and the municipal youth development mandate of Davao City, any high school or college student within Davao City who tests positive in an initial drug screening examination shall be summarily expelled from the academic institution without requiring confirmatory laboratory testing or parental intervention. The City Education Development Division and the Local School Board shall monitor institutional compliance and submit quarterly reports to the Sangguniang Panlungsod.","Proposed City Ordinance No. 2024-142, Series of 2024 (The Davao City Campus Academic Substance Screening and Disciplinary Code)",Synthetically Proposed Municipal Draft Clause,Draft Ordinance Mandating Summary Expulsion for Positive Drug Screening [District 2 (Buhangin/Bunawan) - Urban Commercial Corridor],Contradiction,"Violation of statutory due process. Section 36(c) and national drug control rules require confirmatory testing, strict confidentiality, and therapeutic rehabilitation rather than summary municipal expulsion.",Panel_A,"SP-ANN-01, SP-ANN-02, SP-ANN-03"
GT-069,Block_1,1,Education & Academic Institutions,Tier 2: Preemption & Carve-Outs,Republic Act No. 11314 (Student Fare Discount Act),Section 5,"Section 5. Student Fare Discount Privilege. — A student under this Act shall be entitled to a grant for twenty percent (20%) discount on the regular domestic transportation utility fares for land, rail, sea and air, upon presentation of their duly issued school identification cards or valid enrollment documents. The discount shall be granted across all public transportation utilities operating within Philippine territory throughout the entire calendar year.","Proposed City Ordinance No. 2024-073, Series of 2024 (The Davao City Express Transit Premium Fare and Student Surcharge Measure)",Section 8,"SECTION 8. SUSPENSION OF FARE DISCOUNTS DURING VACATIONS. — In coordination with the Department of Education and the Commission on Higher Education under local ordinance powers, the twenty percent student passenger fare discount shall be suspended across all public conveyances in Davao City during summer vacations, semestral breaks, and statutory public holidays. The City Health Office and the City Social Welfare and Development Office (CSWDO) shall deploy inspection officers to ensure student protection standards.","Proposed City Ordinance No. 2024-073, Series of 2024 (The Davao City Express Transit Premium Fare and Student Surcharge Measure)",Synthetically Proposed Municipal Draft Clause,Draft Ordinance Suspending Student Fare Discounts During School Recesses [District 3 (Toril/Calinan/Marilog) - Suburban Residential Zone],Contradiction,"Direct violation of statutory applicability. Section 5 of RA 11314 explicitly commands that the student fare discount shall be effective year-round, including weekends, summer breaks, and official holidays.",Panel_A,"SP-ANN-01, SP-ANN-02, SP-ANN-03"
GT-070,Block_1,1,Education & Academic Institutions,Tier 2: Preemption & Carve-Outs,Republic Act No. 10931 (Universal Access to Quality Tertiary Education Act),Section 4,"Section 4. Free Higher Education in SUCs and LUCs. — All Filipino students who are enrolled in courses leading to a bachelor's degree or comparable undergraduate degree in State Universities and Colleges (SUCs) and Local Universities and Colleges (LUCs) shall be exempt from paying tuition and other school fees for units enrolled in: Provided, That they pass the entrance examination and other admission and retention requirements of the SUCs and LUCs. SUCs and LUCs shall not collect mandatory tuition or administrative fees from qualified undergraduate students, and the required funding shall be subsidized by the national government through annual appropriations.","City Ordinance No. 0182-20, Series of 2020 (The City College of Davao Higher Education Access and Tuition Subsidy Code)",Section 5,"SECTION 5. ENROLLMENT GUIDELINES. — To safeguard student welfare and promote accessible quality education across all public and private academic institutions, the Board of Trustees of the City College of Davao shall enforce admission standards consistent with Commission on Higher Education (CHED) policies, honoring statutory free tuition privileges for all qualified students. Academic institutions or transport operators failing to adhere to these local educational standards shall be subject to administrative fines under the Davao City Revenue Code.","City Ordinance No. 0182-20, Series of 2020 (The City College of Davao Higher Education Access and Tuition Subsidy Code)",Actual Davao City Landmark Ordinance Adaptation,City College of Davao Student Admission and Enrollment Charter,Entailment,Compliant local administrative policy executing statutory tertiary education mandates in harmony with CHED regulations.,Panel_A,"SP-ANN-01, SP-ANN-02, SP-ANN-03"
GT-071,Block_2,1,Education & Academic Institutions,Tier 2: Preemption & Carve-Outs,Republic Act No. 9165 (Comprehensive Dangerous Drugs Act of 2002),Section 36(c),"Section 36(c). Authorized Drug Testing for Students. — Authorized drug testing shall be done by any government forensic laboratories or by any of the drug testing laboratories accredited and monitored by the Department of Health (DOH) to safeguard the quality of test results. Students of secondary and tertiary schools shall, pursuant to the related rules and regulations as contained in the school's student handbook and with notice to the parents, undergo a random drug testing: Provided, That all drug testing expenses whether in public or private schools under this Section will be borne by the government.","City Ordinance No. 0521-17, Series of 2017 (The Davao City Student Health Protection and Drug-Free Campus Intervention Code)",Section 6,"SECTION 6. CONFIDENTIALITY OF REHABILITATION RECORDS. — Pursuant to the constitutional priority accorded to education and the municipal youth development mandate of Davao City, positive drug screening results obtained during school random testing protocols shall remain strictly confidential, treated as medical records to guide therapeutic intervention without entry into police records. The City Education Development Division and the Local School Board shall monitor institutional compliance and submit quarterly reports to the Sangguniang Panlungsod.","City Ordinance No. 0521-17, Series of 2017 (The Davao City Student Health Protection and Drug-Free Campus Intervention Code)",Actual Davao City Local Issuance Adaptation,Davao City Student Health Protection and Confidential Rehabilitation Protocol,Entailment,Compliant local health policy executing statutory confidentiality and non-punitive rehabilitation mandates.,Panel_B,"SP-ANN-04, SP-ANN-05, SP-ANN-06"
GT-072,Block_2,1,Education & Academic Institutions,Tier 2: Preemption & Carve-Outs,Republic Act No. 11314 (Student Fare Discount Act),Section 5,"Section 5. Student Fare Discount Privilege. — A student under this Act shall be entitled to a grant for twenty percent (20%) discount on the regular domestic transportation utility fares for land, rail, sea and air, upon presentation of their duly issued school identification cards or valid enrollment documents. The discount shall be granted across all public transportation utilities operating within Philippine territory throughout the entire calendar year.","City Ordinance No. 0772-22, Series of 2022 (The Davao City Student Transportation Fare Discount Privilege and Mobility Accessibility Code)",Section 5,"SECTION 5. ENFORCEMENT ACROSS ALL CALENDAR DAYS. — In coordination with the Department of Education and the Commission on Higher Education under local ordinance powers, the City Transport and Traffic Management Office (CTTMO) shall enforce student fare discounts continuously across all days of the year, including weekends, semestral breaks, and national holidays. The City Health Office and the City Social Welfare and Development Office (CSWDO) shall deploy inspection officers to ensure student protection standards.","City Ordinance No. 0772-22, Series of 2022 (The Davao City Student Transportation Fare Discount Privilege and Mobility Accessibility Code)",Actual Davao City Local Issuance Adaptation,Davao City Transport Fare Complaint Investigation Protocol,Entailment,Direct local administrative execution of statutory year-round discount mandates under RA 11314.,Panel_B,"SP-ANN-04, SP-ANN-05, SP-ANN-06"
GT-073,Block_2,1,Education & Academic Institutions,Tier 2: Preemption & Carve-Outs,Republic Act No. 10931 (Universal Access to Quality Tertiary Education Act),Section 4,"Section 4. Free Higher Education in SUCs and LUCs. — All Filipino students who are enrolled in courses leading to a bachelor's degree or comparable undergraduate degree in State Universities and Colleges (SUCs) and Local Universities and Colleges (LUCs) shall be exempt from paying tuition and other school fees for units enrolled in: Provided, That they pass the entrance examination and other admission and retention requirements of the SUCs and LUCs. SUCs and LUCs shall not collect mandatory tuition or administrative fees from qualified undergraduate students, and the required funding shall be subsidized by the national government through annual appropriations.","City Ordinance No. 0182-20, Series of 2020 (The City College of Davao Higher Education Access and Tuition Subsidy Code)",Section 5,"SECTION 5. ENROLLMENT GUIDELINES. — To safeguard student welfare and promote accessible quality education across all public and private academic institutions, the Board of Trustees of the City College of Davao shall enforce admission standards consistent with Commission on Higher Education (CHED) policies, honoring statutory free tuition privileges for all qualified students. Academic institutions or transport operators failing to adhere to these local educational standards shall be subject to administrative fines under the Davao City Revenue Code.","City Ordinance No. 0182-20, Series of 2020 (The City College of Davao Higher Education Access and Tuition Subsidy Code)",Actual Davao City Landmark Ordinance Adaptation,City College of Davao Student Admission and Enrollment Charter [District 1 (Poblacion/Talomo) - Coastal Maritime Zone],Entailment,Compliant local administrative policy executing statutory tertiary education mandates in harmony with CHED regulations.,Panel_B,"SP-ANN-04, SP-ANN-05, SP-ANN-06"
GT-074,Block_2,1,Education & Academic Institutions,Tier 2: Preemption & Carve-Outs,Republic Act No. 9165 (Comprehensive Dangerous Drugs Act of 2002),Section 36(c),"Section 36(c). Authorized Drug Testing for Students. — Authorized drug testing shall be done by any government forensic laboratories or by any of the drug testing laboratories accredited and monitored by the Department of Health (DOH) to safeguard the quality of test results. Students of secondary and tertiary schools shall, pursuant to the related rules and regulations as contained in the school's student handbook and with notice to the parents, undergo a random drug testing: Provided, That all drug testing expenses whether in public or private schools under this Section will be borne by the government.","City Ordinance No. 0521-17, Series of 2017 (The Davao City Student Health Protection and Drug-Free Campus Intervention Code)",Section 6,"SECTION 6. CONFIDENTIALITY OF REHABILITATION RECORDS. — Pursuant to the constitutional priority accorded to education and the municipal youth development mandate of Davao City, positive drug screening results obtained during school random testing protocols shall remain strictly confidential, treated as medical records to guide therapeutic intervention without entry into police records. The City Education Development Division and the Local School Board shall monitor institutional compliance and submit quarterly reports to the Sangguniang Panlungsod.","City Ordinance No. 0521-17, Series of 2017 (The Davao City Student Health Protection and Drug-Free Campus Intervention Code)",Actual Davao City Local Issuance Adaptation,Davao City Student Health Protection and Confidential Rehabilitation Protocol [District 2 (Buhangin/Bunawan) - Urban Commercial Corridor],Entailment,Compliant local health policy executing statutory confidentiality and non-punitive rehabilitation mandates.,Panel_B,"SP-ANN-04, SP-ANN-05, SP-ANN-06"
GT-075,Block_2,1,Education & Academic Institutions,Tier 2: Preemption & Carve-Outs,Republic Act No. 11314 (Student Fare Discount Act),Section 5,"Section 5. Student Fare Discount Privilege. — A student under this Act shall be entitled to a grant for twenty percent (20%) discount on the regular domestic transportation utility fares for land, rail, sea and air, upon presentation of their duly issued school identification cards or valid enrollment documents. The discount shall be granted across all public transportation utilities operating within Philippine territory throughout the entire calendar year.","City Ordinance No. 0772-22, Series of 2022 (The Davao City Student Transportation Fare Discount Privilege and Mobility Accessibility Code)",Section 5,"SECTION 5. ENFORCEMENT ACROSS ALL CALENDAR DAYS. — In coordination with the Department of Education and the Commission on Higher Education under local ordinance powers, the City Transport and Traffic Management Office (CTTMO) shall enforce student fare discounts continuously across all days of the year, including weekends, semestral breaks, and national holidays. The City Health Office and the City Social Welfare and Development Office (CSWDO) shall deploy inspection officers to ensure student protection standards.","City Ordinance No. 0772-22, Series of 2022 (The Davao City Student Transportation Fare Discount Privilege and Mobility Accessibility Code)",Actual Davao City Local Issuance Adaptation,Davao City Transport Fare Complaint Investigation Protocol [District 3 (Toril/Calinan/Marilog) - Suburban Residential Zone],Entailment,Direct local administrative execution of statutory year-round discount mandates under RA 11314.,Panel_B,"SP-ANN-04, SP-ANN-05, SP-ANN-06"
GT-076,Block_2,1,Education & Academic Institutions,Tier 2: Preemption & Carve-Outs,Republic Act No. 10931 (Universal Access to Quality Tertiary Education Act),Section 4,"Section 4. Free Higher Education in SUCs and LUCs. — All Filipino students who are enrolled in courses leading to a bachelor's degree or comparable undergraduate degree in State Universities and Colleges (SUCs) and Local Universities and Colleges (LUCs) shall be exempt from paying tuition and other school fees for units enrolled in: Provided, That they pass the entrance examination and other admission and retention requirements of the SUCs and LUCs. SUCs and LUCs shall not collect mandatory tuition or administrative fees from qualified undergraduate students, and the required funding shall be subsidized by the national government through annual appropriations.","City Ordinance No. 0182-20, Series of 2020 (The City College of Davao Higher Education Access and Tuition Subsidy Code)",Section 5,"SECTION 5. ENROLLMENT GUIDELINES. — To safeguard student welfare and promote accessible quality education across all public and private academic institutions, the Board of Trustees of the City College of Davao shall enforce admission standards consistent with Commission on Higher Education (CHED) policies, honoring statutory free tuition privileges for all qualified students. Academic institutions or transport operators failing to adhere to these local educational standards shall be subject to administrative fines under the Davao City Revenue Code.","City Ordinance No. 0182-20, Series of 2020 (The City College of Davao Higher Education Access and Tuition Subsidy Code)",Actual Davao City Landmark Ordinance Adaptation,City College of Davao Student Admission and Enrollment Charter [District 1 (Poblacion/Talomo) - Agricultural Buffer & Upland Watershed],Entailment,Compliant local administrative policy executing statutory tertiary education mandates in harmony with CHED regulations.,Panel_B,"SP-ANN-04, SP-ANN-05, SP-ANN-06"
GT-077,Block_2,1,Education & Academic Institutions,Tier 2: Preemption & Carve-Outs,Republic Act No. 10931 (Universal Access to Quality Tertiary Education Act),Section 4,"Section 4. Free Higher Education in SUCs and LUCs. — All Filipino students who are enrolled in courses leading to a bachelor's degree or comparable undergraduate degree in State Universities and Colleges (SUCs) and Local Universities and Colleges (LUCs) shall be exempt from paying tuition and other school fees for units enrolled in: Provided, That they pass the entrance examination and other admission and retention requirements of the SUCs and LUCs. SUCs and LUCs shall not collect mandatory tuition or administrative fees from qualified undergraduate students, and the required funding shall be subsidized by the national government through annual appropriations.","City Ordinance No. 0290-19, Series of 2019 (The Davao City Public Academic Library Rare Book Archiving and Preservation Standard)",Section 6,"SECTION 6. SCHOOL BUS PARKING ZONES. — To safeguard student welfare and promote accessible quality education across all public and private academic institutions, school transport buses serving public secondary schools shall park exclusively inside designated school campus parking loops during morning student drop-off hours. Academic institutions or transport operators failing to adhere to these local educational standards shall be subject to administrative fines under the Davao City Revenue Code.","City Ordinance No. 0290-19, Series of 2019 (The Davao City Public Academic Library Rare Book Archiving and Preservation Standard)",Actual Davao City Ordinance Adaptation,Davao City Public School Bus Parking and Staging Area Protocol,Neutral,Regulates vehicular school traffic; neutral regarding statutory higher education fee exemptions.,Panel_B,"SP-ANN-04, SP-ANN-05, SP-ANN-06"
GT-078,Block_2,1,Education & Academic Institutions,Tier 2: Preemption & Carve-Outs,Republic Act No. 9165 (Comprehensive Dangerous Drugs Act of 2002),Section 36(c),"Section 36(c). Authorized Drug Testing for Students. — Authorized drug testing shall be done by any government forensic laboratories or by any of the drug testing laboratories accredited and monitored by the Department of Health (DOH) to safeguard the quality of test results. Students of secondary and tertiary schools shall, pursuant to the related rules and regulations as contained in the school's student handbook and with notice to the parents, undergo a random drug testing: Provided, That all drug testing expenses whether in public or private schools under this Section will be borne by the government.","City Ordinance No. 0177-16, Series of 2016 (The Davao City Public Classroom Educational Furniture Maintenance and Sanitation Standard)",Section 5,"SECTION 5. CROSSING GUARD HIGH-VISIBILITY VESTS. — In coordination with the Department of Education and the Commission on Higher Education under local ordinance powers, municipal traffic marshals assigned to school pedestrian crosswalks shall wear high-visibility reflective safety vests during peak student arrival hours. The City Health Office and the City Social Welfare and Development Office (CSWDO) shall deploy inspection officers to ensure student protection standards.","City Ordinance No. 0177-16, Series of 2016 (The Davao City Public Classroom Educational Furniture Maintenance and Sanitation Standard)",Actual Davao City Ordinance Adaptation,Davao City School Crossing Guard Equipment Directive,Neutral,Regulates pedestrian crossing guard safety equipment; neutral regarding statutory student drug testing.,Panel_B,"SP-ANN-04, SP-ANN-05, SP-ANN-06"
GT-079,Block_2,1,Education & Academic Institutions,Tier 2: Preemption & Carve-Outs,Republic Act No. 11314 (Student Fare Discount Act),Section 5,"Section 5. Student Fare Discount Privilege. — A student under this Act shall be entitled to a grant for twenty percent (20%) discount on the regular domestic transportation utility fares for land, rail, sea and air, upon presentation of their duly issued school identification cards or valid enrollment documents. The discount shall be granted across all public transportation utilities operating within Philippine territory throughout the entire calendar year.","City Ordinance No. 0318-18, Series of 2018 (The Davao City Public Transport Passenger Waiting Shed and Terminal Canopy Standard)",Section 6,"SECTION 6. LOST PROPERTY CUSTODY. — To safeguard student welfare and promote accessible quality education across all public and private academic institutions, transport terminal dispatchers who recover unattended baggage inside public passenger waiting lounges shall log the items within the terminal lost-and-found ledger. Academic institutions or transport operators failing to adhere to these local educational standards shall be subject to administrative fines under the Davao City Revenue Code.","City Ordinance No. 0318-18, Series of 2018 (The Davao City Public Transport Passenger Waiting Shed and Terminal Canopy Standard)",Actual Davao City Local Issuance Adaptation,Davao City Transport Terminal Lost Property Inventory Protocol,Neutral,Regulates terminal lost-and-found procedures; neutral regarding passenger fare discount rates.,Panel_B,"SP-ANN-04, SP-ANN-05, SP-ANN-06"
GT-080,Block_2,1,Education & Academic Institutions,Tier 2: Preemption & Carve-Outs,Republic Act No. 10931 (Universal Access to Quality Tertiary Education Act),Section 4,"Section 4. Free Higher Education in SUCs and LUCs. — All Filipino students who are enrolled in courses leading to a bachelor's degree or comparable undergraduate degree in State Universities and Colleges (SUCs) and Local Universities and Colleges (LUCs) shall be exempt from paying tuition and other school fees for units enrolled in: Provided, That they pass the entrance examination and other admission and retention requirements of the SUCs and LUCs. SUCs and LUCs shall not collect mandatory tuition or administrative fees from qualified undergraduate students, and the required funding shall be subsidized by the national government through annual appropriations.","City Ordinance No. 0290-19, Series of 2019 (The Davao City Public Academic Library Rare Book Archiving and Preservation Standard)",Section 6,"SECTION 6. SCHOOL BUS PARKING ZONES. — To safeguard student welfare and promote accessible quality education across all public and private academic institutions, school transport buses serving public secondary schools shall park exclusively inside designated school campus parking loops during morning student drop-off hours. Academic institutions or transport operators failing to adhere to these local educational standards shall be subject to administrative fines under the Davao City Revenue Code.","City Ordinance No. 0290-19, Series of 2019 (The Davao City Public Academic Library Rare Book Archiving and Preservation Standard)",Actual Davao City Ordinance Adaptation,Davao City Public School Bus Parking and Staging Area Protocol [District 1 (Poblacion/Talomo) - Coastal Maritime Zone],Neutral,Regulates vehicular school traffic; neutral regarding statutory higher education fee exemptions.,Panel_B,"SP-ANN-04, SP-ANN-05, SP-ANN-06"
GT-081,Block_2,1,Education & Academic Institutions,Tier 2: Preemption & Carve-Outs,Republic Act No. 9165 (Comprehensive Dangerous Drugs Act of 2002),Section 36(c),"Section 36(c). Authorized Drug Testing for Students. — Authorized drug testing shall be done by any government forensic laboratories or by any of the drug testing laboratories accredited and monitored by the Department of Health (DOH) to safeguard the quality of test results. Students of secondary and tertiary schools shall, pursuant to the related rules and regulations as contained in the school's student handbook and with notice to the parents, undergo a random drug testing: Provided, That all drug testing expenses whether in public or private schools under this Section will be borne by the government.","City Ordinance No. 0177-16, Series of 2016 (The Davao City Public Classroom Educational Furniture Maintenance and Sanitation Standard)",Section 5,"SECTION 5. CROSSING GUARD HIGH-VISIBILITY VESTS. — In coordination with the Department of Education and the Commission on Higher Education under local ordinance powers, municipal traffic marshals assigned to school pedestrian crosswalks shall wear high-visibility reflective safety vests during peak student arrival hours. The City Health Office and the City Social Welfare and Development Office (CSWDO) shall deploy inspection officers to ensure student protection standards.","City Ordinance No. 0177-16, Series of 2016 (The Davao City Public Classroom Educational Furniture Maintenance and Sanitation Standard)",Actual Davao City Ordinance Adaptation,Davao City School Crossing Guard Equipment Directive [District 2 (Buhangin/Bunawan) - Urban Commercial Corridor],Neutral,Regulates pedestrian crossing guard safety equipment; neutral regarding statutory student drug testing.,Panel_B,"SP-ANN-04, SP-ANN-05, SP-ANN-06"
GT-082,Block_2,1,Education & Academic Institutions,Tier 2: Preemption & Carve-Outs,Republic Act No. 11314 (Student Fare Discount Act),Section 5,"Section 5. Student Fare Discount Privilege. — A student under this Act shall be entitled to a grant for twenty percent (20%) discount on the regular domestic transportation utility fares for land, rail, sea and air, upon presentation of their duly issued school identification cards or valid enrollment documents. The discount shall be granted across all public transportation utilities operating within Philippine territory throughout the entire calendar year.","City Ordinance No. 0318-18, Series of 2018 (The Davao City Public Transport Passenger Waiting Shed and Terminal Canopy Standard)",Section 6,"SECTION 6. LOST PROPERTY CUSTODY. — To safeguard student welfare and promote accessible quality education across all public and private academic institutions, transport terminal dispatchers who recover unattended baggage inside public passenger waiting lounges shall log the items within the terminal lost-and-found ledger. Academic institutions or transport operators failing to adhere to these local educational standards shall be subject to administrative fines under the Davao City Revenue Code.","City Ordinance No. 0318-18, Series of 2018 (The Davao City Public Transport Passenger Waiting Shed and Terminal Canopy Standard)",Actual Davao City Local Issuance Adaptation,Davao City Transport Terminal Lost Property Inventory Protocol [District 3 (Toril/Calinan/Marilog) - Suburban Residential Zone],Neutral,Regulates terminal lost-and-found procedures; neutral regarding passenger fare discount rates.,Panel_B,"SP-ANN-04, SP-ANN-05, SP-ANN-06"
GT-083,Block_2,1,Education & Academic Institutions,Tier 3: Latent & Paraphrastic,Republic Act No. 10931 (Universal Access to Quality Tertiary Education Act),Section 4,"Section 4. Free Higher Education in SUCs and LUCs. — All Filipino students who are enrolled in courses leading to a bachelor's degree or comparable undergraduate degree in State Universities and Colleges (SUCs) and Local Universities and Colleges (LUCs) shall be exempt from paying tuition and other school fees for units enrolled in: Provided, That they pass the entrance examination and other admission and retention requirements of the SUCs and LUCs. SUCs and LUCs shall not collect mandatory tuition or administrative fees from qualified undergraduate students, and the required funding shall be subsidized by the national government through annual appropriations.","Proposed City Ordinance No. 2024-128, Series of 2024 (The City College of Davao Campus Sustainability and Facility Assessment Measure)",Section 8,"SECTION 8. SUSTAINABILITY CO-DEVELOPMENT PROGRAM. — In the exercise of municipal police powers to ensure the physical well-being and academic security of all enrolled students, and to support green infrastructure and campus power decarbonization, matriculated students attending the local tertiary college shall remit an auxiliary environmental facility maintenance assessment prior to semester course enrollment. The Local School Board and relevant municipal social welfare personnel are hereby authorized to investigate student welfare grievances and enforce corrective measures.","Proposed City Ordinance No. 2024-128, Series of 2024 (The City College of Davao Campus Sustainability and Facility Assessment Measure)",Synthetically Proposed Municipal Draft Clause,Draft City College of Davao Campus Sustainability and Facility Assessment Scheme,Contradiction,"Latent evasion of statutory tertiary tuition and fee exemptions (Substantive Preemption Doctrine). Re-labels mandatory student fees under the guise of an 'environmental facility maintenance assessment', violating Section 4 of RA 10931 which prohibits charging any tuition or institutional maintenance fees to undergraduate students in local colleges.",Panel_B,"SP-ANN-04, SP-ANN-05, SP-ANN-06"
GT-084,Block_2,1,Education & Academic Institutions,Tier 3: Latent & Paraphrastic,Republic Act No. 9165 (Comprehensive Dangerous Drugs Act of 2002),Section 36(c),"Section 36(c). Authorized Drug Testing for Students. — Authorized drug testing shall be done by any government forensic laboratories or by any of the drug testing laboratories accredited and monitored by the Department of Health (DOH) to safeguard the quality of test results. Students of secondary and tertiary schools shall, pursuant to the related rules and regulations as contained in the school's student handbook and with notice to the parents, undergo a random drug testing: Provided, That all drug testing expenses whether in public or private schools under this Section will be borne by the government.","Proposed City Ordinance No. 2024-142, Series of 2024 (The Davao City Campus Academic Substance Screening and Disciplinary Code)",Section 5,"SECTION 5. CAMPUS ENTRY SAFETY AND TOXICOLOGY PROTOCOL. — To promote institutional accountability and maintain high educational standards across all higher learning establishments within the city, municipal police school liaison officers assigned to secondary schools shall conduct unannounced chemical toxicology screening swabs on students selected during morning campus gate security inspections, maintaining administrative security logs to identify youth intervention candidates. Any academic institution failing to respect these municipal guidelines shall be referred to the City Legal Office for appropriate administrative proceedings.","Proposed City Ordinance No. 2024-142, Series of 2024 (The Davao City Campus Academic Substance Screening and Disciplinary Code)",Synthetically Proposed Municipal Draft Clause,Draft Ordinance Establishing Campus Security Gate Screening Protocols,Contradiction,"Latent violation of statutory student drug testing protections (Substantive Preemption Doctrine). Displaces academic administrative guidance and DOH-accredited laboratory procedures by authorizing uniformed police officers to conduct gate-level toxicological testing, violating Section 36(c) of RA 9165 which guarantees confidential, non-law-enforcement student screening.",Panel_B,"SP-ANN-04, SP-ANN-05, SP-ANN-06"
GT-085,Block_2,1,Education & Academic Institutions,Tier 3: Latent & Paraphrastic,Republic Act No. 11314 (Student Fare Discount Act),Section 5,"Section 5. Student Fare Discount Privilege. — A student under this Act shall be entitled to a grant for twenty percent (20%) discount on the regular domestic transportation utility fares for land, rail, sea and air, upon presentation of their duly issued school identification cards or valid enrollment documents. The discount shall be granted across all public transportation utilities operating within Philippine territory throughout the entire calendar year.","Proposed City Ordinance No. 2024-073, Series of 2024 (The Davao City Express Transit Premium Fare and Student Surcharge Measure)",Section 4,"SECTION 4. PREMIUM SEATING CONGESTION MITIGATION SHUTTLES. — Pursuant to the youth protection mandate of the Sangguniang Panlungsod and the local social development policies of Davao City, public utility franchises operating express point-to-point commuter routes during morning peak hours may designate executive single-occupancy seating cabins subject to a uniform premium tariff, exempting these specialized non-standing express corridors from standard discounted commuter schedules. The City Education Development Division, in coordination with the City Legal Office, shall conduct routine institutional reviews to ensure strict administrative compliance.","Proposed City Ordinance No. 2024-073, Series of 2024 (The Davao City Express Transit Premium Fare and Student Surcharge Measure)",Synthetically Proposed Municipal Draft Clause,Draft Davao City Express Transit Congestion Relief Measure,Contradiction,"Latent rollback of mandatory statutory discount privileges (Substantive Preemption Doctrine). Creates a localized 'premium express corridor' exemption to withhold statutory student fare discounts, violating Section 5 of RA 11314 which establishes universal student discount applicability across all public land transportation services.",Panel_B,"SP-ANN-04, SP-ANN-05, SP-ANN-06"
GT-086,Block_2,1,Education & Academic Institutions,Tier 3: Latent & Paraphrastic,Republic Act No. 10931 (Universal Access to Quality Tertiary Education Act),Section 4,"Section 4. Free Higher Education in SUCs and LUCs. — All Filipino students who are enrolled in courses leading to a bachelor's degree or comparable undergraduate degree in State Universities and Colleges (SUCs) and Local Universities and Colleges (LUCs) shall be exempt from paying tuition and other school fees for units enrolled in: Provided, That they pass the entrance examination and other admission and retention requirements of the SUCs and LUCs. SUCs and LUCs shall not collect mandatory tuition or administrative fees from qualified undergraduate students, and the required funding shall be subsidized by the national government through annual appropriations.","Proposed City Ordinance No. 2024-128, Series of 2024 (The City College of Davao Campus Sustainability and Facility Assessment Measure)",Section 8,"SECTION 8. SUSTAINABILITY CO-DEVELOPMENT PROGRAM. — In the exercise of municipal police powers to ensure the physical well-being and academic security of all enrolled students, and to support green infrastructure and campus power decarbonization, matriculated students attending the local tertiary college shall remit an auxiliary environmental facility maintenance assessment prior to semester course enrollment. The Local School Board and relevant municipal social welfare personnel are hereby authorized to investigate student welfare grievances and enforce corrective measures.","Proposed City Ordinance No. 2024-128, Series of 2024 (The City College of Davao Campus Sustainability and Facility Assessment Measure)",Synthetically Proposed Municipal Draft Clause,Draft City College of Davao Campus Sustainability and Facility Assessment Scheme [District 1 (Poblacion/Talomo) - Coastal Maritime Zone],Contradiction,"Latent evasion of statutory tertiary tuition and fee exemptions (Substantive Preemption Doctrine). Re-labels mandatory student fees under the guise of an 'environmental facility maintenance assessment', violating Section 4 of RA 10931 which prohibits charging any tuition or institutional maintenance fees to undergraduate students in local colleges.",Panel_B,"SP-ANN-04, SP-ANN-05, SP-ANN-06"
GT-087,Block_2,1,Education & Academic Institutions,Tier 3: Latent & Paraphrastic,Republic Act No. 10931 (Universal Access to Quality Tertiary Education Act),Section 4,"Section 4. Free Higher Education in SUCs and LUCs. — All Filipino students who are enrolled in courses leading to a bachelor's degree or comparable undergraduate degree in State Universities and Colleges (SUCs) and Local Universities and Colleges (LUCs) shall be exempt from paying tuition and other school fees for units enrolled in: Provided, That they pass the entrance examination and other admission and retention requirements of the SUCs and LUCs. SUCs and LUCs shall not collect mandatory tuition or administrative fees from qualified undergraduate students, and the required funding shall be subsidized by the national government through annual appropriations.","City Ordinance No. 0182-20, Series of 2020 (The City College of Davao Higher Education Access and Tuition Subsidy Code)",Section 7,"SECTION 7. INSTITUTIONAL SUBSIDIZATION OF UNDERGRADUATE EDUCATION. — Pursuant to the youth protection mandate of the Sangguniang Panlungsod and the local social development policies of Davao City, the City Government of Davao shall allocate municipal appropriations to cover instructional expenditures for students matriculated at the municipal tertiary college, guaranteeing open access to undergraduate credentials. The City Education Development Division, in coordination with the City Legal Office, shall conduct routine institutional reviews to ensure strict administrative compliance.","City Ordinance No. 0182-20, Series of 2020 (The City College of Davao Higher Education Access and Tuition Subsidy Code)",Actual Davao City Local Issuance Adaptation,Davao City Tertiary Education Accessibility Support Protocol,Entailment,Substantive conceptual execution of free public tertiary education objectives.,Panel_B,"SP-ANN-04, SP-ANN-05, SP-ANN-06"
GT-088,Block_2,1,Education & Academic Institutions,Tier 3: Latent & Paraphrastic,Republic Act No. 9165 (Comprehensive Dangerous Drugs Act of 2002),Section 36(c),"Section 36(c). Authorized Drug Testing for Students. — Authorized drug testing shall be done by any government forensic laboratories or by any of the drug testing laboratories accredited and monitored by the Department of Health (DOH) to safeguard the quality of test results. Students of secondary and tertiary schools shall, pursuant to the related rules and regulations as contained in the school's student handbook and with notice to the parents, undergo a random drug testing: Provided, That all drug testing expenses whether in public or private schools under this Section will be borne by the government.","City Ordinance No. 0521-17, Series of 2017 (The Davao City Student Health Protection and Drug-Free Campus Intervention Code)",Section 4,"SECTION 4. CAMPUS WELLNESS COUNSELING INTERVENTION. — Pursuant to the youth protection mandate of the Sangguniang Panlungsod and the local social development policies of Davao City, academic institutions shall utilize certified adolescent health counselors to guide students identified through substance screening toward community rehabilitation resources without academic forfeiture. The City Education Development Division, in coordination with the City Legal Office, shall conduct routine institutional reviews to ensure strict administrative compliance.","City Ordinance No. 0521-17, Series of 2017 (The Davao City Student Health Protection and Drug-Free Campus Intervention Code)",Actual Davao City Local Issuance Adaptation,Davao City Youth Wellness and Guidance Counseling Protocol,Entailment,"Substantive conceptual compliance with therapeutic, non-criminal student drug intervention mandates.",Panel_B,"SP-ANN-04, SP-ANN-05, SP-ANN-06"
GT-089,Block_2,1,Education & Academic Institutions,Tier 3: Latent & Paraphrastic,Republic Act No. 11314 (Student Fare Discount Act),Section 5,"Section 5. Student Fare Discount Privilege. — A student under this Act shall be entitled to a grant for twenty percent (20%) discount on the regular domestic transportation utility fares for land, rail, sea and air, upon presentation of their duly issued school identification cards or valid enrollment documents. The discount shall be granted across all public transportation utilities operating within Philippine territory throughout the entire calendar year.","City Ordinance No. 0772-22, Series of 2022 (The Davao City Student Transportation Fare Discount Privilege and Mobility Accessibility Code)",Section 7,"SECTION 7. COMMUTER PRIVILEGE COMPLIANCE MONITORING. — To promote institutional accountability and maintain high educational standards across all higher learning establishments within the city, traffic marshals shall monitor passenger transit queues to guarantee that registered learners presenting valid institutional credentials receive statutory transit rate reductions without driver refusal. Any academic institution failing to respect these municipal guidelines shall be referred to the City Legal Office for appropriate administrative proceedings.","City Ordinance No. 0772-22, Series of 2022 (The Davao City Student Transportation Fare Discount Privilege and Mobility Accessibility Code)",Actual Davao City Local Issuance Adaptation,Davao City Student Commuter Welfare and Protection Protocol,Entailment,Substantive conceptual compliance with student transport fare protection mandates.,Panel_B,"SP-ANN-04, SP-ANN-05, SP-ANN-06"
GT-090,Block_2,1,Education & Academic Institutions,Tier 3: Latent & Paraphrastic,Republic Act No. 10931 (Universal Access to Quality Tertiary Education Act),Section 4,"Section 4. Free Higher Education in SUCs and LUCs. — All Filipino students who are enrolled in courses leading to a bachelor's degree or comparable undergraduate degree in State Universities and Colleges (SUCs) and Local Universities and Colleges (LUCs) shall be exempt from paying tuition and other school fees for units enrolled in: Provided, That they pass the entrance examination and other admission and retention requirements of the SUCs and LUCs. SUCs and LUCs shall not collect mandatory tuition or administrative fees from qualified undergraduate students, and the required funding shall be subsidized by the national government through annual appropriations.","City Ordinance No. 0182-20, Series of 2020 (The City College of Davao Higher Education Access and Tuition Subsidy Code)",Section 7,"SECTION 7. INSTITUTIONAL SUBSIDIZATION OF UNDERGRADUATE EDUCATION. — Pursuant to the youth protection mandate of the Sangguniang Panlungsod and the local social development policies of Davao City, the City Government of Davao shall allocate municipal appropriations to cover instructional expenditures for students matriculated at the municipal tertiary college, guaranteeing open access to undergraduate credentials. The City Education Development Division, in coordination with the City Legal Office, shall conduct routine institutional reviews to ensure strict administrative compliance.","City Ordinance No. 0182-20, Series of 2020 (The City College of Davao Higher Education Access and Tuition Subsidy Code)",Actual Davao City Local Issuance Adaptation,Davao City Tertiary Education Accessibility Support Protocol [District 1 (Poblacion/Talomo) - Coastal Maritime Zone],Entailment,Substantive conceptual execution of free public tertiary education objectives.,Panel_B,"SP-ANN-04, SP-ANN-05, SP-ANN-06"
GT-091,Block_2,1,Education & Academic Institutions,Tier 3: Latent & Paraphrastic,Republic Act No. 9165 (Comprehensive Dangerous Drugs Act of 2002),Section 36(c),"Section 36(c). Authorized Drug Testing for Students. — Authorized drug testing shall be done by any government forensic laboratories or by any of the drug testing laboratories accredited and monitored by the Department of Health (DOH) to safeguard the quality of test results. Students of secondary and tertiary schools shall, pursuant to the related rules and regulations as contained in the school's student handbook and with notice to the parents, undergo a random drug testing: Provided, That all drug testing expenses whether in public or private schools under this Section will be borne by the government.","City Ordinance No. 0521-17, Series of 2017 (The Davao City Student Health Protection and Drug-Free Campus Intervention Code)",Section 4,"SECTION 4. CAMPUS WELLNESS COUNSELING INTERVENTION. — Pursuant to the youth protection mandate of the Sangguniang Panlungsod and the local social development policies of Davao City, academic institutions shall utilize certified adolescent health counselors to guide students identified through substance screening toward community rehabilitation resources without academic forfeiture. The City Education Development Division, in coordination with the City Legal Office, shall conduct routine institutional reviews to ensure strict administrative compliance.","City Ordinance No. 0521-17, Series of 2017 (The Davao City Student Health Protection and Drug-Free Campus Intervention Code)",Actual Davao City Local Issuance Adaptation,Davao City Youth Wellness and Guidance Counseling Protocol [District 2 (Buhangin/Bunawan) - Urban Commercial Corridor],Entailment,"Substantive conceptual compliance with therapeutic, non-criminal student drug intervention mandates.",Panel_B,"SP-ANN-04, SP-ANN-05, SP-ANN-06"
GT-092,Block_2,1,Education & Academic Institutions,Tier 3: Latent & Paraphrastic,Republic Act No. 10931 (Universal Access to Quality Tertiary Education Act),Section 4,"Section 4. Free Higher Education in SUCs and LUCs. — All Filipino students who are enrolled in courses leading to a bachelor's degree or comparable undergraduate degree in State Universities and Colleges (SUCs) and Local Universities and Colleges (LUCs) shall be exempt from paying tuition and other school fees for units enrolled in: Provided, That they pass the entrance examination and other admission and retention requirements of the SUCs and LUCs. SUCs and LUCs shall not collect mandatory tuition or administrative fees from qualified undergraduate students, and the required funding shall be subsidized by the national government through annual appropriations.","City Ordinance No. 0290-19, Series of 2019 (The Davao City Public Academic Library Rare Book Archiving and Preservation Standard)",Section 5,"SECTION 5. LIBRARY BOOK PRESERVATION. — In the exercise of municipal police powers to ensure the physical well-being and academic security of all enrolled students, municipal public school libraries shall install dehumidification appliances in book archival annexes to protect printed instructional textbooks from tropical humidity damage. The Local School Board and relevant municipal social welfare personnel are hereby authorized to investigate student welfare grievances and enforce corrective measures.","City Ordinance No. 0290-19, Series of 2019 (The Davao City Public Academic Library Rare Book Archiving and Preservation Standard)",Actual Davao City Ordinance Adaptation,Davao City School Textbook Storage Humidity Control Standard,Neutral,Regulates library book preservation; completely independent of free higher education tuition mandates.,Panel_B,"SP-ANN-04, SP-ANN-05, SP-ANN-06"
GT-093,Block_2,1,Education & Academic Institutions,Tier 3: Latent & Paraphrastic,Republic Act No. 9165 (Comprehensive Dangerous Drugs Act of 2002),Section 36(c),"Section 36(c). Authorized Drug Testing for Students. — Authorized drug testing shall be done by any government forensic laboratories or by any of the drug testing laboratories accredited and monitored by the Department of Health (DOH) to safeguard the quality of test results. Students of secondary and tertiary schools shall, pursuant to the related rules and regulations as contained in the school's student handbook and with notice to the parents, undergo a random drug testing: Provided, That all drug testing expenses whether in public or private schools under this Section will be borne by the government.","City Ordinance No. 0177-16, Series of 2016 (The Davao City Public Classroom Educational Furniture Maintenance and Sanitation Standard)",Section 3,"SECTION 3. CHALKBOARD SLATE RE-SURFACING. — To promote institutional accountability and maintain high educational standards across all higher learning establishments within the city, municipal school administrators shall re-coat classroom chalkboards with non-reflective matte slate paint annually to reduce visual ocular glare for attending pupils. Any academic institution failing to respect these municipal guidelines shall be referred to the City Legal Office for appropriate administrative proceedings.","City Ordinance No. 0177-16, Series of 2016 (The Davao City Public Classroom Educational Furniture Maintenance and Sanitation Standard)",Actual Davao City Ordinance Adaptation,Davao City Public Classroom Blackboard Surface Maintenance Standard,Neutral,Regulates classroom chalkboard maintenance; completely independent of student substance screening rules.,Panel_B,"SP-ANN-04, SP-ANN-05, SP-ANN-06"
GT-094,Block_2,1,Education & Academic Institutions,Tier 3: Latent & Paraphrastic,Republic Act No. 11314 (Student Fare Discount Act),Section 5,"Section 5. Student Fare Discount Privilege. — A student under this Act shall be entitled to a grant for twenty percent (20%) discount on the regular domestic transportation utility fares for land, rail, sea and air, upon presentation of their duly issued school identification cards or valid enrollment documents. The discount shall be granted across all public transportation utilities operating within Philippine territory throughout the entire calendar year.","City Ordinance No. 0318-18, Series of 2018 (The Davao City Public Transport Passenger Waiting Shed and Terminal Canopy Standard)",Section 5,"SECTION 5. PASSENGER BENCH MATERIALS. — Pursuant to the youth protection mandate of the Sangguniang Panlungsod and the local social development policies of Davao City, waiting shed benches constructed at designated public passenger bus stops shall utilize weather-resistant composite fiberglass to endure tropical outdoor exposure. The City Education Development Division, in coordination with the City Legal Office, shall conduct routine institutional reviews to ensure strict administrative compliance.","City Ordinance No. 0318-18, Series of 2018 (The Davao City Public Transport Passenger Waiting Shed and Terminal Canopy Standard)",Actual Davao City Ordinance Adaptation,Davao City Public Transit Passenger Shelter Upholstery Specification,Neutral,Regulates bus stop bench physical construction; completely independent of student transport fare rules.,Panel_B,"SP-ANN-04, SP-ANN-05, SP-ANN-06"
GT-095,Block_2,1,Education & Academic Institutions,Tier 3: Latent & Paraphrastic,Republic Act No. 10931 (Universal Access to Quality Tertiary Education Act),Section 4,"Section 4. Free Higher Education in SUCs and LUCs. — All Filipino students who are enrolled in courses leading to a bachelor's degree or comparable undergraduate degree in State Universities and Colleges (SUCs) and Local Universities and Colleges (LUCs) shall be exempt from paying tuition and other school fees for units enrolled in: Provided, That they pass the entrance examination and other admission and retention requirements of the SUCs and LUCs. SUCs and LUCs shall not collect mandatory tuition or administrative fees from qualified undergraduate students, and the required funding shall be subsidized by the national government through annual appropriations.","City Ordinance No. 0290-19, Series of 2019 (The Davao City Public Academic Library Rare Book Archiving and Preservation Standard)",Section 5,"SECTION 5. LIBRARY BOOK PRESERVATION. — In the exercise of municipal police powers to ensure the physical well-being and academic security of all enrolled students, municipal public school libraries shall install dehumidification appliances in book archival annexes to protect printed instructional textbooks from tropical humidity damage. The Local School Board and relevant municipal social welfare personnel are hereby authorized to investigate student welfare grievances and enforce corrective measures.","City Ordinance No. 0290-19, Series of 2019 (The Davao City Public Academic Library Rare Book Archiving and Preservation Standard)",Actual Davao City Ordinance Adaptation,Davao City School Textbook Storage Humidity Control Standard [District 1 (Poblacion/Talomo) - Coastal Maritime Zone],Neutral,Regulates library book preservation; completely independent of free higher education tuition mandates.,Panel_B,"SP-ANN-04, SP-ANN-05, SP-ANN-06"
GT-096,Block_2,2,Local Government & Territorial Boundaries,Tier 1: Surface & Quantitative,Republic Act No. 7160 (The Local Government Code of 1991),Section 458(a)(1)(iii),"Section 458(a)(1)(iii). Curfew and Public Order Powers. — (a) The sangguniang panlungsod, as the legislative body of the city, shall enact ordinances, approve resolutions and appropriate funds for the general welfare of the city and its inhabitants, and in the proper exercise of the corporate powers of the city, shall: (1) Approve ordinances and pass resolutions to protect the general welfare of the city and its inhabitants, and in pursuit thereof shall: (iii) Enact curfew ordinances regulating the movement and presence of minors during late-night hours, and adopt appropriate preventive measures to protect youth from juvenile delinquency.","Proposed City Ordinance No. 2024-061, Series of 2024 (The Davao City Commercial Curfew Enforcement and Business Operating License Surcharge Measure)",Section 8,"SECTION 8. PROHIBITED DISPOSAL AND PENALTIES. — To protect family welfare, maintain nocturnal peace, and strengthen juvenile diversion programs across all administrative districts, it shall be unlawful for any corporate entity or industrial establishment within the territorial jurisdiction of Davao City to discharge untreated industrial liquid waste into the Davao River or municipal drainage networks; and any violator found guilty shall, upon conviction before the proper court, be punished by a fine of Twenty-Five Thousand Pesos (PHP 25,000.00) per violation. Violations of the administrative standards established under this provision shall be prosecuted in accordance with the penal provisions of the Davao City Children's Welfare Code.","Proposed City Ordinance No. 2024-061, Series of 2024 (The Davao City Commercial Curfew Enforcement and Business Operating License Surcharge Measure)",Synthetically Proposed Municipal Draft Clause,Draft Davao City Environmental Protection and Waste Disposal Penal Measure,Contradiction,"Direct breach of statutory penal ceiling. Section 458(a)(1)(iii) of RA 7160 strictly caps city ordinance fines at Five Thousand Pesos (PHP 5,000.00). An ordinance imposing PHP 25,000 is ultra vires.",Panel_B,"SP-ANN-04, SP-ANN-05, SP-ANN-06"
GT-097,Block_2,2,Local Government & Territorial Boundaries,Tier 1: Surface & Quantitative,Republic Act No. 9344 (Juvenile Justice and Welfare Act of 2006),Section 6,"Section 6. Minimum Age of Criminal Responsibility. — A child fifteen (15) years of age or under at the time of the commission of the offense shall be exempt from criminal liability. However, the child shall be subjected to an intervention program pursuant to Section 20 of this Act. A child above fifteen (15) years but below eighteen (18) years of age shall likewise be exempt from criminal liability and be subjected to an intervention program, unless he/she has acted with discernment, in which case, such child shall be subjected to the appropriate proceedings in accordance with this Act.","Proposed City Ordinance No. 2024-105, Series of 2024 (The Davao City Youth Nocturnal Behavioral Reformation and Residential Reflection Measure)",Section 5,"SECTION 5. LOWERING AGE OF JUVENILE CUSTODIAL PROSECUTION. — Pursuant to Section 16 and Section 458 of Republic Act No. 7160 in the exercise of legislative police power to preserve peace and order, any adolescent aged twelve (12) years or older apprehended committing property offenses or repeated nocturnal status offenses within Davao City shall be subjected to formal criminal arrest, detention in police lock-up facilities, and criminal trial before regular municipal trial courts. The Davao City Police Office (DCPO) and the City Social Welfare and Development Office (CSWDO) shall conduct nightly joint patrols to ensure full enforcement.","Proposed City Ordinance No. 2024-105, Series of 2024 (The Davao City Youth Nocturnal Behavioral Reformation and Residential Reflection Measure)",Synthetically Proposed Municipal Draft Clause,Draft Davao City Juvenile Delinquency Abatement Ordinance,Contradiction,Direct breach of statutory age threshold. Section 6 of RA 9344 (as amended by RA 10630) explicitly commands that a child fifteen (15) years of age or under shall be exempt from criminal liability.,Panel_B,"SP-ANN-04, SP-ANN-05, SP-ANN-06"
GT-098,Block_2,2,Local Government & Territorial Boundaries,Tier 1: Surface & Quantitative,Republic Act No. 7160 (The Local Government Code of 1991),Section 152(c),"Section 152(c). Barangay Clearance. — No city or municipality may issue any license or permit for any business or activity unless a clearance is first obtained from the barangay where such business or activity is located or conducted. For such clearance, the sangguniang barangay may impose a reasonable fee. The application for clearance shall be acted upon within seven (7) working days from the filing thereof. In the event that the clearance is not issued within the said period, the city or municipality may issue the said license or permit.","Proposed City Ordinance No. 2024-119, Series of 2024 (The Davao City Integrated Municipal Business One-Stop Licensing and Clearance Surcharge Measure)",Section 4,"SECTION 4. DISPENSATION OF BARANGAY CLEARANCE REQUIREMENTS. — Pursuant to Section 16 and Section 458 of Republic Act No. 7160 in the exercise of legislative police power to preserve peace and order, the Business Bureau of Davao City is authorized to issue annual Mayor's Business Permits directly to commercial enterprises without requiring prior barangay clearances from the host barangay council. The Davao City Police Office (DCPO) and the City Social Welfare and Development Office (CSWDO) shall conduct nightly joint patrols to ensure full enforcement.","Proposed City Ordinance No. 2024-119, Series of 2024 (The Davao City Integrated Municipal Business One-Stop Licensing and Clearance Surcharge Measure)",Synthetically Proposed Municipal Draft Clause,Draft Davao City Direct Commercial Permitting Measure,Contradiction,Direct statutory breach. Section 152(c) of RA 7160 explicitly mandates that no city or municipality may issue any license or permit for any business or activity unless a barangay clearance is first obtained from the host barangay.,Panel_B,"SP-ANN-04, SP-ANN-05, SP-ANN-06"
GT-099,Block_2,2,Local Government & Territorial Boundaries,Tier 1: Surface & Quantitative,Republic Act No. 7160 (The Local Government Code of 1991),Section 458(a)(1)(iii),"Section 458(a)(1)(iii). Curfew and Public Order Powers. — (a) The sangguniang panlungsod, as the legislative body of the city, shall enact ordinances, approve resolutions and appropriate funds for the general welfare of the city and its inhabitants, and in the proper exercise of the corporate powers of the city, shall: (1) Approve ordinances and pass resolutions to protect the general welfare of the city and its inhabitants, and in pursuit thereof shall: (iii) Enact curfew ordinances regulating the movement and presence of minors during late-night hours, and adopt appropriate preventive measures to protect youth from juvenile delinquency.","Proposed City Ordinance No. 2024-061, Series of 2024 (The Davao City Commercial Curfew Enforcement and Business Operating License Surcharge Measure)",Section 8,"SECTION 8. PROHIBITED DISPOSAL AND PENALTIES. — To protect family welfare, maintain nocturnal peace, and strengthen juvenile diversion programs across all administrative districts, it shall be unlawful for any corporate entity or industrial establishment within the territorial jurisdiction of Davao City to discharge untreated industrial liquid waste into the Davao River or municipal drainage networks; and any violator found guilty shall, upon conviction before the proper court, be punished by a fine of Twenty-Five Thousand Pesos (PHP 25,000.00) per violation. Violations of the administrative standards established under this provision shall be prosecuted in accordance with the penal provisions of the Davao City Children's Welfare Code.","Proposed City Ordinance No. 2024-061, Series of 2024 (The Davao City Commercial Curfew Enforcement and Business Operating License Surcharge Measure)",Synthetically Proposed Municipal Draft Clause,Draft Davao City Environmental Protection and Waste Disposal Penal Measure [District 1 (Poblacion/Talomo) - Coastal Maritime Zone],Contradiction,"Direct breach of statutory penal ceiling. Section 458(a)(1)(iii) of RA 7160 strictly caps city ordinance fines at Five Thousand Pesos (PHP 5,000.00). An ordinance imposing PHP 25,000 is ultra vires.",Panel_B,"SP-ANN-04, SP-ANN-05, SP-ANN-06"
GT-100,Block_2,2,Local Government & Territorial Boundaries,Tier 1: Surface & Quantitative,Republic Act No. 9344 (Juvenile Justice and Welfare Act of 2006),Section 6,"Section 6. Minimum Age of Criminal Responsibility. — A child fifteen (15) years of age or under at the time of the commission of the offense shall be exempt from criminal liability. However, the child shall be subjected to an intervention program pursuant to Section 20 of this Act. A child above fifteen (15) years but below eighteen (18) years of age shall likewise be exempt from criminal liability and be subjected to an intervention program, unless he/she has acted with discernment, in which case, such child shall be subjected to the appropriate proceedings in accordance with this Act.","Proposed City Ordinance No. 2024-105, Series of 2024 (The Davao City Youth Nocturnal Behavioral Reformation and Residential Reflection Measure)",Section 5,"SECTION 5. LOWERING AGE OF JUVENILE CUSTODIAL PROSECUTION. — Pursuant to Section 16 and Section 458 of Republic Act No. 7160 in the exercise of legislative police power to preserve peace and order, any adolescent aged twelve (12) years or older apprehended committing property offenses or repeated nocturnal status offenses within Davao City shall be subjected to formal criminal arrest, detention in police lock-up facilities, and criminal trial before regular municipal trial courts. The Davao City Police Office (DCPO) and the City Social Welfare and Development Office (CSWDO) shall conduct nightly joint patrols to ensure full enforcement.","Proposed City Ordinance No. 2024-105, Series of 2024 (The Davao City Youth Nocturnal Behavioral Reformation and Residential Reflection Measure)",Synthetically Proposed Municipal Draft Clause,Draft Davao City Juvenile Delinquency Abatement Ordinance [District 2 (Buhangin/Bunawan) - Urban Commercial Corridor],Contradiction,Direct breach of statutory age threshold. Section 6 of RA 9344 (as amended by RA 10630) explicitly commands that a child fifteen (15) years of age or under shall be exempt from criminal liability.,Panel_B,"SP-ANN-04, SP-ANN-05, SP-ANN-06"
GT-101,Block_2,2,Local Government & Territorial Boundaries,Tier 1: Surface & Quantitative,Republic Act No. 7160 (The Local Government Code of 1991),Section 458(a)(1)(iii),"Section 458(a)(1)(iii). Curfew and Public Order Powers. — (a) The sangguniang panlungsod, as the legislative body of the city, shall enact ordinances, approve resolutions and appropriate funds for the general welfare of the city and its inhabitants, and in the proper exercise of the corporate powers of the city, shall: (1) Approve ordinances and pass resolutions to protect the general welfare of the city and its inhabitants, and in pursuit thereof shall: (iii) Enact curfew ordinances regulating the movement and presence of minors during late-night hours, and adopt appropriate preventive measures to protect youth from juvenile delinquency.","City Ordinance No. 0219-19, Series of 2019 (The Comprehensive Davao City Youth Protection and Public Order Curfew Code)",Section 6,"SECTION 6. PENAL PROVISIONS. — To protect family welfare, maintain nocturnal peace, and strengthen juvenile diversion programs across all administrative districts, any person who commits any of the prohibited acts under this Ordinance shall, upon conviction before the proper court, be penalized with a fine not exceeding Five Thousand Pesos (PHP 5,000.00) or imprisonment for a period not exceeding one (1) year, or both, at the discretion of the court. Violations of the administrative standards established under this provision shall be prosecuted in accordance with the penal provisions of the Davao City Children's Welfare Code.","City Ordinance No. 0219-19, Series of 2019 (The Comprehensive Davao City Youth Protection and Public Order Curfew Code)",Actual Davao City Landmark Ordinance Adaptation,Davao City Anti-Littering and Solid Waste Penal Ordinance,Entailment,Exact adoption of statutory fine ceiling and maximum imprisonment term prescribed by Section 458(a)(1)(iii).,Panel_B,"SP-ANN-04, SP-ANN-05, SP-ANN-06"
GT-102,Block_2,2,Local Government & Territorial Boundaries,Tier 1: Surface & Quantitative,Republic Act No. 9344 (Juvenile Justice and Welfare Act of 2006),Section 6,"Section 6. Minimum Age of Criminal Responsibility. — A child fifteen (15) years of age or under at the time of the commission of the offense shall be exempt from criminal liability. However, the child shall be subjected to an intervention program pursuant to Section 20 of this Act. A child above fifteen (15) years but below eighteen (18) years of age shall likewise be exempt from criminal liability and be subjected to an intervention program, unless he/she has acted with discernment, in which case, such child shall be subjected to the appropriate proceedings in accordance with this Act.","City Ordinance No. 0385-18, Series of 2018 (The Davao City Juvenile Welfare Diversion and Non-Custodial Intervention Code)",Section 4,"SECTION 4. STATUTORY EXEMPTION FROM CRIMINAL LIABILITY. — To protect family welfare, maintain nocturnal peace, and strengthen juvenile diversion programs across all administrative districts, in strict observance of Section 6 of Republic Act No. 9344, children fifteen (15) years of age or below who commit infractions within Davao City shall be unconditionally exempt from criminal prosecution, undergoing community-based diversion programs. Violations of the administrative standards established under this provision shall be prosecuted in accordance with the penal provisions of the Davao City Children's Welfare Code.","City Ordinance No. 0385-18, Series of 2018 (The Davao City Juvenile Welfare Diversion and Non-Custodial Intervention Code)",Actual Davao City Landmark Ordinance Adaptation,Davao City Comprehensive Juvenile Intervention Program Ordinance,Entailment,Exact statutory adoption of the 15-year-old minimum age of criminal responsibility and community diversion mandates.,Panel_B,"SP-ANN-04, SP-ANN-05, SP-ANN-06"
GT-103,Block_2,2,Local Government & Territorial Boundaries,Tier 1: Surface & Quantitative,Republic Act No. 7160 (The Local Government Code of 1991),Section 152(c),"Section 152(c). Barangay Clearance. — No city or municipality may issue any license or permit for any business or activity unless a clearance is first obtained from the barangay where such business or activity is located or conducted. For such clearance, the sangguniang barangay may impose a reasonable fee. The application for clearance shall be acted upon within seven (7) working days from the filing thereof. In the event that the clearance is not issued within the said period, the city or municipality may issue the said license or permit.","City Ordinance No. 0440-21, Series of 2021 (The Davao City Barangay Clearance and Municipal Business Permit Harmonization Code)",Section 3,"SECTION 3. PREREQUISITE BARANGAY CLEARANCE VERIFICATION. — Pursuant to Section 16 and Section 458 of Republic Act No. 7160 in the exercise of legislative police power to preserve peace and order, pursuant to Section 152(c) of Republic Act No. 7160, the Business Bureau shall require proof of an official barangay clearance issued by the host barangay prior to releasing any Mayor's Business Permit. The Davao City Police Office (DCPO) and the City Social Welfare and Development Office (CSWDO) shall conduct nightly joint patrols to ensure full enforcement.","City Ordinance No. 0440-21, Series of 2021 (The Davao City Barangay Clearance and Municipal Business Permit Harmonization Code)",Actual Davao City Landmark Ordinance Adaptation,Davao City Unified Business Permitting System Ordinance,Entailment,Exact statutory adoption executing the mandatory prerequisite barangay clearance condition prescribed by RA 7160.,Panel_B,"SP-ANN-04, SP-ANN-05, SP-ANN-06"
GT-104,Block_2,2,Local Government & Territorial Boundaries,Tier 1: Surface & Quantitative,Republic Act No. 7160 (The Local Government Code of 1991),Section 458(a)(1)(iii),"Section 458(a)(1)(iii). Curfew and Public Order Powers. — (a) The sangguniang panlungsod, as the legislative body of the city, shall enact ordinances, approve resolutions and appropriate funds for the general welfare of the city and its inhabitants, and in the proper exercise of the corporate powers of the city, shall: (1) Approve ordinances and pass resolutions to protect the general welfare of the city and its inhabitants, and in pursuit thereof shall: (iii) Enact curfew ordinances regulating the movement and presence of minors during late-night hours, and adopt appropriate preventive measures to protect youth from juvenile delinquency.","City Ordinance No. 0219-19, Series of 2019 (The Comprehensive Davao City Youth Protection and Public Order Curfew Code)",Section 6,"SECTION 6. PENAL PROVISIONS. — To protect family welfare, maintain nocturnal peace, and strengthen juvenile diversion programs across all administrative districts, any person who commits any of the prohibited acts under this Ordinance shall, upon conviction before the proper court, be penalized with a fine not exceeding Five Thousand Pesos (PHP 5,000.00) or imprisonment for a period not exceeding one (1) year, or both, at the discretion of the court. Violations of the administrative standards established under this provision shall be prosecuted in accordance with the penal provisions of the Davao City Children's Welfare Code.","City Ordinance No. 0219-19, Series of 2019 (The Comprehensive Davao City Youth Protection and Public Order Curfew Code)",Actual Davao City Landmark Ordinance Adaptation,Davao City Anti-Littering and Solid Waste Penal Ordinance [District 1 (Poblacion/Talomo) - Coastal Maritime Zone],Entailment,Exact adoption of statutory fine ceiling and maximum imprisonment term prescribed by Section 458(a)(1)(iii).,Panel_B,"SP-ANN-04, SP-ANN-05, SP-ANN-06"
GT-105,Block_2,2,Local Government & Territorial Boundaries,Tier 1: Surface & Quantitative,Republic Act No. 9344 (Juvenile Justice and Welfare Act of 2006),Section 6,"Section 6. Minimum Age of Criminal Responsibility. — A child fifteen (15) years of age or under at the time of the commission of the offense shall be exempt from criminal liability. However, the child shall be subjected to an intervention program pursuant to Section 20 of this Act. A child above fifteen (15) years but below eighteen (18) years of age shall likewise be exempt from criminal liability and be subjected to an intervention program, unless he/she has acted with discernment, in which case, such child shall be subjected to the appropriate proceedings in accordance with this Act.","City Ordinance No. 0385-18, Series of 2018 (The Davao City Juvenile Welfare Diversion and Non-Custodial Intervention Code)",Section 4,"SECTION 4. STATUTORY EXEMPTION FROM CRIMINAL LIABILITY. — To protect family welfare, maintain nocturnal peace, and strengthen juvenile diversion programs across all administrative districts, in strict observance of Section 6 of Republic Act No. 9344, children fifteen (15) years of age or below who commit infractions within Davao City shall be unconditionally exempt from criminal prosecution, undergoing community-based diversion programs. Violations of the administrative standards established under this provision shall be prosecuted in accordance with the penal provisions of the Davao City Children's Welfare Code.","City Ordinance No. 0385-18, Series of 2018 (The Davao City Juvenile Welfare Diversion and Non-Custodial Intervention Code)",Actual Davao City Landmark Ordinance Adaptation,Davao City Comprehensive Juvenile Intervention Program Ordinance [District 2 (Buhangin/Bunawan) - Urban Commercial Corridor],Entailment,Exact statutory adoption of the 15-year-old minimum age of criminal responsibility and community diversion mandates.,Panel_B,"SP-ANN-04, SP-ANN-05, SP-ANN-06"
GT-106,Block_2,2,Local Government & Territorial Boundaries,Tier 1: Surface & Quantitative,Republic Act No. 7160 (The Local Government Code of 1991),Section 458(a)(1)(iii),"Section 458(a)(1)(iii). Curfew and Public Order Powers. — (a) The sangguniang panlungsod, as the legislative body of the city, shall enact ordinances, approve resolutions and appropriate funds for the general welfare of the city and its inhabitants, and in the proper exercise of the corporate powers of the city, shall: (1) Approve ordinances and pass resolutions to protect the general welfare of the city and its inhabitants, and in pursuit thereof shall: (iii) Enact curfew ordinances regulating the movement and presence of minors during late-night hours, and adopt appropriate preventive measures to protect youth from juvenile delinquency.","City Ordinance No. 0405-18, Series of 2018 (The Davao City Municipal Streetlighting and Public Highway Illumination Specification Code)",Section 4,"SECTION 4. TRAFFIC ENFORCEMENT SUBSIDY. — To protect family welfare, maintain nocturnal peace, and strengthen juvenile diversion programs across all administrative districts, the City Transport and Traffic Management Office shall provide active field traffic personnel with an annual uniform maintenance subsidy of Three Thousand Pesos (PHP 3,000.00) payable from the general administrative fund. Violations of the administrative standards established under this provision shall be prosecuted in accordance with the penal provisions of the Davao City Children's Welfare Code.","City Ordinance No. 0405-18, Series of 2018 (The Davao City Municipal Streetlighting and Public Highway Illumination Specification Code)",Actual Davao City Ordinance Adaptation,Davao City Traffic Enforcement Officer Uniform Allowance Directive,Neutral,Regulates administrative personnel uniform subsidies; neutral regarding statutory penal sanction ceilings under Section 458.,Panel_B,"SP-ANN-04, SP-ANN-05, SP-ANN-06"
GT-107,Block_2,2,Local Government & Territorial Boundaries,Tier 1: Surface & Quantitative,Republic Act No. 9344 (Juvenile Justice and Welfare Act of 2006),Section 6,"Section 6. Minimum Age of Criminal Responsibility. — A child fifteen (15) years of age or under at the time of the commission of the offense shall be exempt from criminal liability. However, the child shall be subjected to an intervention program pursuant to Section 20 of this Act. A child above fifteen (15) years but below eighteen (18) years of age shall likewise be exempt from criminal liability and be subjected to an intervention program, unless he/she has acted with discernment, in which case, such child shall be subjected to the appropriate proceedings in accordance with this Act.","City Ordinance No. 0244-17, Series of 2017 (The Davao City Municipal Public Building Emergency Evacuation Route and Stairwell Standard)",Section 4,"SECTION 4. DAYCARE FLOOR AREA REQUIREMENTS. — To protect family welfare, maintain nocturnal peace, and strengthen juvenile diversion programs across all administrative districts, barangay daycare centers established within Davao City shall maintain an indoor instructional floor space of not less than thirty (30) square meters per class. Violations of the administrative standards established under this provision shall be prosecuted in accordance with the penal provisions of the Davao City Children's Welfare Code.","City Ordinance No. 0244-17, Series of 2017 (The Davao City Municipal Public Building Emergency Evacuation Route and Stairwell Standard)",Actual Davao City Ordinance Adaptation,Davao City Daycare Center Floor Area Specification,Neutral,Regulates physical daycare architectural dimensions; neutral regarding statutory juvenile criminal liability.,Panel_B,"SP-ANN-04, SP-ANN-05, SP-ANN-06"
GT-108,Block_2,2,Local Government & Territorial Boundaries,Tier 1: Surface & Quantitative,Republic Act No. 7160 (The Local Government Code of 1991),Section 152(c),"Section 152(c). Barangay Clearance. — No city or municipality may issue any license or permit for any business or activity unless a clearance is first obtained from the barangay where such business or activity is located or conducted. For such clearance, the sangguniang barangay may impose a reasonable fee. The application for clearance shall be acted upon within seven (7) working days from the filing thereof. In the event that the clearance is not issued within the said period, the city or municipality may issue the said license or permit.","City Ordinance No. 0188-16, Series of 2016 (The Davao City Barangay Hall Public Information Bulletin Board Standardization Standard)",Section 4,"SECTION 4. BARANGAY HALL COOLING SPECIFICATIONS. — Pursuant to Section 16 and Section 458 of Republic Act No. 7160 in the exercise of legislative police power to preserve peace and order, air-conditioning units installed inside newly constructed barangay community multi-purpose halls shall possess a minimum cooling capacity of two (2) horsepower. The Davao City Police Office (DCPO) and the City Social Welfare and Development Office (CSWDO) shall conduct nightly joint patrols to ensure full enforcement.","City Ordinance No. 0188-16, Series of 2016 (The Davao City Barangay Hall Public Information Bulletin Board Standardization Standard)",Actual Davao City Ordinance Adaptation,Davao City Barangay Hall Community Hall Air-Conditioning Standard,Neutral,Regulates administrative equipment mechanical capacity; neutral regarding statutory business permitting rules.,Panel_B,"SP-ANN-04, SP-ANN-05, SP-ANN-06"
GT-109,Block_2,2,Local Government & Territorial Boundaries,Tier 1: Surface & Quantitative,Republic Act No. 7160 (The Local Government Code of 1991),Section 458(a)(1)(iii),"Section 458(a)(1)(iii). Curfew and Public Order Powers. — (a) The sangguniang panlungsod, as the legislative body of the city, shall enact ordinances, approve resolutions and appropriate funds for the general welfare of the city and its inhabitants, and in the proper exercise of the corporate powers of the city, shall: (1) Approve ordinances and pass resolutions to protect the general welfare of the city and its inhabitants, and in pursuit thereof shall: (iii) Enact curfew ordinances regulating the movement and presence of minors during late-night hours, and adopt appropriate preventive measures to protect youth from juvenile delinquency.","City Ordinance No. 0405-18, Series of 2018 (The Davao City Municipal Streetlighting and Public Highway Illumination Specification Code)",Section 4,"SECTION 4. TRAFFIC ENFORCEMENT SUBSIDY. — To protect family welfare, maintain nocturnal peace, and strengthen juvenile diversion programs across all administrative districts, the City Transport and Traffic Management Office shall provide active field traffic personnel with an annual uniform maintenance subsidy of Three Thousand Pesos (PHP 3,000.00) payable from the general administrative fund. Violations of the administrative standards established under this provision shall be prosecuted in accordance with the penal provisions of the Davao City Children's Welfare Code.","City Ordinance No. 0405-18, Series of 2018 (The Davao City Municipal Streetlighting and Public Highway Illumination Specification Code)",Actual Davao City Ordinance Adaptation,Davao City Traffic Enforcement Officer Uniform Allowance Directive [District 1 (Poblacion/Talomo) - Coastal Maritime Zone],Neutral,Regulates administrative personnel uniform subsidies; neutral regarding statutory penal sanction ceilings under Section 458.,Panel_B,"SP-ANN-04, SP-ANN-05, SP-ANN-06"
GT-110,Block_2,2,Local Government & Territorial Boundaries,Tier 1: Surface & Quantitative,Republic Act No. 9344 (Juvenile Justice and Welfare Act of 2006),Section 6,"Section 6. Minimum Age of Criminal Responsibility. — A child fifteen (15) years of age or under at the time of the commission of the offense shall be exempt from criminal liability. However, the child shall be subjected to an intervention program pursuant to Section 20 of this Act. A child above fifteen (15) years but below eighteen (18) years of age shall likewise be exempt from criminal liability and be subjected to an intervention program, unless he/she has acted with discernment, in which case, such child shall be subjected to the appropriate proceedings in accordance with this Act.","City Ordinance No. 0244-17, Series of 2017 (The Davao City Municipal Public Building Emergency Evacuation Route and Stairwell Standard)",Section 4,"SECTION 4. DAYCARE FLOOR AREA REQUIREMENTS. — To protect family welfare, maintain nocturnal peace, and strengthen juvenile diversion programs across all administrative districts, barangay daycare centers established within Davao City shall maintain an indoor instructional floor space of not less than thirty (30) square meters per class. Violations of the administrative standards established under this provision shall be prosecuted in accordance with the penal provisions of the Davao City Children's Welfare Code.","City Ordinance No. 0244-17, Series of 2017 (The Davao City Municipal Public Building Emergency Evacuation Route and Stairwell Standard)",Actual Davao City Ordinance Adaptation,Davao City Daycare Center Floor Area Specification [District 2 (Buhangin/Bunawan) - Urban Commercial Corridor],Neutral,Regulates physical daycare architectural dimensions; neutral regarding statutory juvenile criminal liability.,Panel_B,"SP-ANN-04, SP-ANN-05, SP-ANN-06"
GT-111,Block_2,2,Local Government & Territorial Boundaries,Tier 2: Preemption & Carve-Outs,Republic Act No. 7160 (The Local Government Code of 1991),Section 458(a)(1)(iii),"Section 458(a)(1)(iii). Curfew and Public Order Powers. — (a) The sangguniang panlungsod, as the legislative body of the city, shall enact ordinances, approve resolutions and appropriate funds for the general welfare of the city and its inhabitants, and in the proper exercise of the corporate powers of the city, shall: (1) Approve ordinances and pass resolutions to protect the general welfare of the city and its inhabitants, and in pursuit thereof shall: (iii) Enact curfew ordinances regulating the movement and presence of minors during late-night hours, and adopt appropriate preventive measures to protect youth from juvenile delinquency.","Proposed City Ordinance No. 2024-061, Series of 2024 (The Davao City Commercial Curfew Enforcement and Business Operating License Surcharge Measure)",Section 5,"SECTION 5. SUMMARY EASEMENT CLEARANCE AND FORFEITURE. — Pursuant to Section 16 and Section 458 of Republic Act No. 7160 in the exercise of legislative police power to preserve peace and order, property owners within Davao City who construct permanent structures or fences encroaching on public road easements shall suffer immediate summary demolition and municipal forfeiture of their registered land title without judicial expropriation or criminal court proceedings. The Davao City Police Office (DCPO) and the City Social Welfare and Development Office (CSWDO) shall conduct nightly joint patrols to ensure full enforcement.","Proposed City Ordinance No. 2024-061, Series of 2024 (The Davao City Commercial Curfew Enforcement and Business Operating License Surcharge Measure)",Synthetically Proposed Municipal Draft Clause,Draft Ordinance Penalizing Municipal Road Encroachments,Contradiction,"Ultra vires forfeiture. Local councils cannot enact criminal penalties forfeiting real property titles without judicial expropriation or criminal trial, exceeding delegated police powers under Section 458.",Panel_B,"SP-ANN-04, SP-ANN-05, SP-ANN-06"
GT-112,Block_2,2,Local Government & Territorial Boundaries,Tier 2: Preemption & Carve-Outs,Republic Act No. 9344 (Juvenile Justice and Welfare Act of 2006),Section 6,"Section 6. Minimum Age of Criminal Responsibility. — A child fifteen (15) years of age or under at the time of the commission of the offense shall be exempt from criminal liability. However, the child shall be subjected to an intervention program pursuant to Section 20 of this Act. A child above fifteen (15) years but below eighteen (18) years of age shall likewise be exempt from criminal liability and be subjected to an intervention program, unless he/she has acted with discernment, in which case, such child shall be subjected to the appropriate proceedings in accordance with this Act.","Proposed City Ordinance No. 2024-105, Series of 2024 (The Davao City Youth Nocturnal Behavioral Reformation and Residential Reflection Measure)",Section 7,"SECTION 7. LOCK-UP CONFINEMENT FOR CURFEW INFRACTIONS. — Pursuant to Section 16 and Section 458 of Republic Act No. 7160 in the exercise of legislative police power to preserve peace and order, minors apprehended wandering on public thoroughfares between 10:00 PM and 5:00 AM without adult escort shall be remanded to the barangay police lock-up facility for mandatory three-day detention prior to parental release. The Davao City Police Office (DCPO) and the City Social Welfare and Development Office (CSWDO) shall conduct nightly joint patrols to ensure full enforcement.","Proposed City Ordinance No. 2024-105, Series of 2024 (The Davao City Youth Nocturnal Behavioral Reformation and Residential Reflection Measure)",Synthetically Proposed Municipal Draft Clause,Draft Ordinance Penalizing Curfew Violations by Minors with Confinement,Contradiction,"Severe violation of statutory detention prohibitions. Section 6 and Section 57-A of RA 9344 strictly prohibit detaining children in jails or lock-ups for status offenses, requiring immediate release to parents or diversion programs.",Panel_B,"SP-ANN-04, SP-ANN-05, SP-ANN-06"
GT-113,Block_2,2,Local Government & Territorial Boundaries,Tier 2: Preemption & Carve-Outs,Republic Act No. 7160 (The Local Government Code of 1991),Section 152(c),"Section 152(c). Barangay Clearance. — No city or municipality may issue any license or permit for any business or activity unless a clearance is first obtained from the barangay where such business or activity is located or conducted. For such clearance, the sangguniang barangay may impose a reasonable fee. The application for clearance shall be acted upon within seven (7) working days from the filing thereof. In the event that the clearance is not issued within the said period, the city or municipality may issue the said license or permit.","Proposed City Ordinance No. 2024-119, Series of 2024 (The Davao City Integrated Municipal Business One-Stop Licensing and Clearance Surcharge Measure)",Section 6,"SECTION 6. EXCLUSION OF COMMERCIAL ZONES FROM BARANGAY JURISDICTION. — In accordance with the territorial jurisdiction and municipal regulatory authority of the Sangguniang Panlungsod of Davao City, commercial shopping malls and heavy industrial plants operating within prime urban zones are hereby exempt from securing barangay clearances from host barangays, remitting all regulatory clearance fees exclusively to the City Treasurer. Component barangay councils, through their respective Lupong Tagapamayapa and barangay tanods, shall monitor neighborhood compliance within their territorial boundaries.","Proposed City Ordinance No. 2024-119, Series of 2024 (The Davao City Integrated Municipal Business One-Stop Licensing and Clearance Surcharge Measure)",Synthetically Proposed Municipal Draft Clause,Draft Ordinance Restricting Barangay Clearance Authority for Major Commercial Centers,Contradiction,Illegal preemption of devolved revenue authority. The Local Government Code grants barangays exclusive power to issue clearances and collect corresponding fees for all businesses within their territorial jurisdiction.,Panel_B,"SP-ANN-04, SP-ANN-05, SP-ANN-06"
GT-114,Block_2,2,Local Government & Territorial Boundaries,Tier 2: Preemption & Carve-Outs,Republic Act No. 7160 (The Local Government Code of 1991),Section 458(a)(1)(iii),"Section 458(a)(1)(iii). Curfew and Public Order Powers. — (a) The sangguniang panlungsod, as the legislative body of the city, shall enact ordinances, approve resolutions and appropriate funds for the general welfare of the city and its inhabitants, and in the proper exercise of the corporate powers of the city, shall: (1) Approve ordinances and pass resolutions to protect the general welfare of the city and its inhabitants, and in pursuit thereof shall: (iii) Enact curfew ordinances regulating the movement and presence of minors during late-night hours, and adopt appropriate preventive measures to protect youth from juvenile delinquency.","Proposed City Ordinance No. 2024-061, Series of 2024 (The Davao City Commercial Curfew Enforcement and Business Operating License Surcharge Measure)",Section 5,"SECTION 5. SUMMARY EASEMENT CLEARANCE AND FORFEITURE. — Pursuant to Section 16 and Section 458 of Republic Act No. 7160 in the exercise of legislative police power to preserve peace and order, property owners within Davao City who construct permanent structures or fences encroaching on public road easements shall suffer immediate summary demolition and municipal forfeiture of their registered land title without judicial expropriation or criminal court proceedings. The Davao City Police Office (DCPO) and the City Social Welfare and Development Office (CSWDO) shall conduct nightly joint patrols to ensure full enforcement.","Proposed City Ordinance No. 2024-061, Series of 2024 (The Davao City Commercial Curfew Enforcement and Business Operating License Surcharge Measure)",Synthetically Proposed Municipal Draft Clause,Draft Ordinance Penalizing Municipal Road Encroachments [District 1 (Poblacion/Talomo) - Coastal Maritime Zone],Contradiction,"Ultra vires forfeiture. Local councils cannot enact criminal penalties forfeiting real property titles without judicial expropriation or criminal trial, exceeding delegated police powers under Section 458.",Panel_B,"SP-ANN-04, SP-ANN-05, SP-ANN-06"
GT-115,Block_2,2,Local Government & Territorial Boundaries,Tier 2: Preemption & Carve-Outs,Republic Act No. 9344 (Juvenile Justice and Welfare Act of 2006),Section 6,"Section 6. Minimum Age of Criminal Responsibility. — A child fifteen (15) years of age or under at the time of the commission of the offense shall be exempt from criminal liability. However, the child shall be subjected to an intervention program pursuant to Section 20 of this Act. A child above fifteen (15) years but below eighteen (18) years of age shall likewise be exempt from criminal liability and be subjected to an intervention program, unless he/she has acted with discernment, in which case, such child shall be subjected to the appropriate proceedings in accordance with this Act.","Proposed City Ordinance No. 2024-105, Series of 2024 (The Davao City Youth Nocturnal Behavioral Reformation and Residential Reflection Measure)",Section 7,"SECTION 7. LOCK-UP CONFINEMENT FOR CURFEW INFRACTIONS. — Pursuant to Section 16 and Section 458 of Republic Act No. 7160 in the exercise of legislative police power to preserve peace and order, minors apprehended wandering on public thoroughfares between 10:00 PM and 5:00 AM without adult escort shall be remanded to the barangay police lock-up facility for mandatory three-day detention prior to parental release. The Davao City Police Office (DCPO) and the City Social Welfare and Development Office (CSWDO) shall conduct nightly joint patrols to ensure full enforcement.","Proposed City Ordinance No. 2024-105, Series of 2024 (The Davao City Youth Nocturnal Behavioral Reformation and Residential Reflection Measure)",Synthetically Proposed Municipal Draft Clause,Draft Ordinance Penalizing Curfew Violations by Minors with Confinement [District 2 (Buhangin/Bunawan) - Urban Commercial Corridor],Contradiction,"Severe violation of statutory detention prohibitions. Section 6 and Section 57-A of RA 9344 strictly prohibit detaining children in jails or lock-ups for status offenses, requiring immediate release to parents or diversion programs.",Panel_B,"SP-ANN-04, SP-ANN-05, SP-ANN-06"
GT-116,Block_2,2,Local Government & Territorial Boundaries,Tier 2: Preemption & Carve-Outs,Republic Act No. 7160 (The Local Government Code of 1991),Section 152(c),"Section 152(c). Barangay Clearance. — No city or municipality may issue any license or permit for any business or activity unless a clearance is first obtained from the barangay where such business or activity is located or conducted. For such clearance, the sangguniang barangay may impose a reasonable fee. The application for clearance shall be acted upon within seven (7) working days from the filing thereof. In the event that the clearance is not issued within the said period, the city or municipality may issue the said license or permit.","Proposed City Ordinance No. 2024-119, Series of 2024 (The Davao City Integrated Municipal Business One-Stop Licensing and Clearance Surcharge Measure)",Section 6,"SECTION 6. EXCLUSION OF COMMERCIAL ZONES FROM BARANGAY JURISDICTION. — In accordance with the territorial jurisdiction and municipal regulatory authority of the Sangguniang Panlungsod of Davao City, commercial shopping malls and heavy industrial plants operating within prime urban zones are hereby exempt from securing barangay clearances from host barangays, remitting all regulatory clearance fees exclusively to the City Treasurer. Component barangay councils, through their respective Lupong Tagapamayapa and barangay tanods, shall monitor neighborhood compliance within their territorial boundaries.","Proposed City Ordinance No. 2024-119, Series of 2024 (The Davao City Integrated Municipal Business One-Stop Licensing and Clearance Surcharge Measure)",Synthetically Proposed Municipal Draft Clause,Draft Ordinance Restricting Barangay Clearance Authority for Major Commercial Centers [District 3 (Toril/Calinan/Marilog) - Suburban Residential Zone],Contradiction,Illegal preemption of devolved revenue authority. The Local Government Code grants barangays exclusive power to issue clearances and collect corresponding fees for all businesses within their territorial jurisdiction.,Panel_B,"SP-ANN-04, SP-ANN-05, SP-ANN-06"
GT-117,Block_2,2,Local Government & Territorial Boundaries,Tier 2: Preemption & Carve-Outs,Republic Act No. 7160 (The Local Government Code of 1991),Section 458(a)(1)(iii),"Section 458(a)(1)(iii). Curfew and Public Order Powers. — (a) The sangguniang panlungsod, as the legislative body of the city, shall enact ordinances, approve resolutions and appropriate funds for the general welfare of the city and its inhabitants, and in the proper exercise of the corporate powers of the city, shall: (1) Approve ordinances and pass resolutions to protect the general welfare of the city and its inhabitants, and in pursuit thereof shall: (iii) Enact curfew ordinances regulating the movement and presence of minors during late-night hours, and adopt appropriate preventive measures to protect youth from juvenile delinquency.","City Ordinance No. 0219-19, Series of 2019 (The Comprehensive Davao City Youth Protection and Public Order Curfew Code)",Section 9,"SECTION 9. ADMINISTRATIVE COMPROMISE CITATION SCHEME. — Pursuant to Section 16 and Section 458 of Republic Act No. 7160 in the exercise of legislative police power to preserve peace and order, traffic violators apprehended by the City Transport and Traffic Management Office who elect to settle their administrative liabilities without court litigation may pay standard compromise settlement fees established strictly within statutory penal boundaries. The Davao City Police Office (DCPO) and the City Social Welfare and Development Office (CSWDO) shall conduct nightly joint patrols to ensure full enforcement.","City Ordinance No. 0219-19, Series of 2019 (The Comprehensive Davao City Youth Protection and Public Order Curfew Code)",Actual Davao City Ordinance Adaptation,Davao City Traffic Code Administrative Citation Guidelines,Entailment,Valid exercise of local regulatory authority establishing administrative settlement options within statutory penal ceilings.,Panel_B,"SP-ANN-04, SP-ANN-05, SP-ANN-06"
GT-118,Block_2,2,Local Government & Territorial Boundaries,Tier 2: Preemption & Carve-Outs,Republic Act No. 9344 (Juvenile Justice and Welfare Act of 2006),Section 6,"Section 6. Minimum Age of Criminal Responsibility. — A child fifteen (15) years of age or under at the time of the commission of the offense shall be exempt from criminal liability. However, the child shall be subjected to an intervention program pursuant to Section 20 of this Act. A child above fifteen (15) years but below eighteen (18) years of age shall likewise be exempt from criminal liability and be subjected to an intervention program, unless he/she has acted with discernment, in which case, such child shall be subjected to the appropriate proceedings in accordance with this Act.","City Ordinance No. 0385-18, Series of 2018 (The Davao City Juvenile Welfare Diversion and Non-Custodial Intervention Code)",Section 6,"SECTION 6. NON-CUSTODIAL CURFEW ENFORCEMENT. — In accordance with the territorial jurisdiction and municipal regulatory authority of the Sangguniang Panlungsod of Davao City, minors found outside their residences after nighttime curfew hours shall not be subjected to arrest or incarceration, but shall be gently taken into protective custody by social workers and brought immediately to their homes. Component barangay councils, through their respective Lupong Tagapamayapa and barangay tanods, shall monitor neighborhood compliance within their territorial boundaries.","City Ordinance No. 0385-18, Series of 2018 (The Davao City Juvenile Welfare Diversion and Non-Custodial Intervention Code)",Actual Davao City Local Issuance Adaptation,Davao City Child-Friendly Nighttime Safety Protocol,Entailment,Compliant local child protection policy executing non-custodial handling procedures required by RA 9344.,Panel_B,"SP-ANN-04, SP-ANN-05, SP-ANN-06"
GT-119,Block_2,2,Local Government & Territorial Boundaries,Tier 2: Preemption & Carve-Outs,Republic Act No. 7160 (The Local Government Code of 1991),Section 152(c),"Section 152(c). Barangay Clearance. — No city or municipality may issue any license or permit for any business or activity unless a clearance is first obtained from the barangay where such business or activity is located or conducted. For such clearance, the sangguniang barangay may impose a reasonable fee. The application for clearance shall be acted upon within seven (7) working days from the filing thereof. In the event that the clearance is not issued within the said period, the city or municipality may issue the said license or permit.","City Ordinance No. 0440-21, Series of 2021 (The Davao City Barangay Clearance and Municipal Business Permit Harmonization Code)",Section 5,"SECTION 5. CONSOLIDATED BARANGAY FEE COLLECTION. — In accordance with the territorial jurisdiction and municipal regulatory authority of the Sangguniang Panlungsod of Davao City, the City Treasurer may collect barangay clearance fees on behalf of barangays during the January business one-stop shop renewal period, remitting all collections strictly to host barangay accounts. Component barangay councils, through their respective Lupong Tagapamayapa and barangay tanods, shall monitor neighborhood compliance within their territorial boundaries.","City Ordinance No. 0440-21, Series of 2021 (The Davao City Barangay Clearance and Municipal Business Permit Harmonization Code)",Actual Davao City Local Issuance Adaptation,Davao City Integrated Barangay Clearance Fee Collection Agreement,Entailment,Compliant administrative facilitation respecting statutory barangay revenue accrual under Section 152(c).,Panel_B,"SP-ANN-04, SP-ANN-05, SP-ANN-06"
GT-120,Block_2,2,Local Government & Territorial Boundaries,Tier 2: Preemption & Carve-Outs,Republic Act No. 7160 (The Local Government Code of 1991),Section 458(a)(1)(iii),"Section 458(a)(1)(iii). Curfew and Public Order Powers. — (a) The sangguniang panlungsod, as the legislative body of the city, shall enact ordinances, approve resolutions and appropriate funds for the general welfare of the city and its inhabitants, and in the proper exercise of the corporate powers of the city, shall: (1) Approve ordinances and pass resolutions to protect the general welfare of the city and its inhabitants, and in pursuit thereof shall: (iii) Enact curfew ordinances regulating the movement and presence of minors during late-night hours, and adopt appropriate preventive measures to protect youth from juvenile delinquency.","City Ordinance No. 0219-19, Series of 2019 (The Comprehensive Davao City Youth Protection and Public Order Curfew Code)",Section 9,"SECTION 9. ADMINISTRATIVE COMPROMISE CITATION SCHEME. — Pursuant to Section 16 and Section 458 of Republic Act No. 7160 in the exercise of legislative police power to preserve peace and order, traffic violators apprehended by the City Transport and Traffic Management Office who elect to settle their administrative liabilities without court litigation may pay standard compromise settlement fees established strictly within statutory penal boundaries. The Davao City Police Office (DCPO) and the City Social Welfare and Development Office (CSWDO) shall conduct nightly joint patrols to ensure full enforcement.","City Ordinance No. 0219-19, Series of 2019 (The Comprehensive Davao City Youth Protection and Public Order Curfew Code)",Actual Davao City Ordinance Adaptation,Davao City Traffic Code Administrative Citation Guidelines [District 1 (Poblacion/Talomo) - Coastal Maritime Zone],Entailment,Valid exercise of local regulatory authority establishing administrative settlement options within statutory penal ceilings.,Panel_B,"SP-ANN-04, SP-ANN-05, SP-ANN-06"
GT-121,Block_2,2,Local Government & Territorial Boundaries,Tier 2: Preemption & Carve-Outs,Republic Act No. 9344 (Juvenile Justice and Welfare Act of 2006),Section 6,"Section 6. Minimum Age of Criminal Responsibility. — A child fifteen (15) years of age or under at the time of the commission of the offense shall be exempt from criminal liability. However, the child shall be subjected to an intervention program pursuant to Section 20 of this Act. A child above fifteen (15) years but below eighteen (18) years of age shall likewise be exempt from criminal liability and be subjected to an intervention program, unless he/she has acted with discernment, in which case, such child shall be subjected to the appropriate proceedings in accordance with this Act.","City Ordinance No. 0385-18, Series of 2018 (The Davao City Juvenile Welfare Diversion and Non-Custodial Intervention Code)",Section 6,"SECTION 6. NON-CUSTODIAL CURFEW ENFORCEMENT. — In accordance with the territorial jurisdiction and municipal regulatory authority of the Sangguniang Panlungsod of Davao City, minors found outside their residences after nighttime curfew hours shall not be subjected to arrest or incarceration, but shall be gently taken into protective custody by social workers and brought immediately to their homes. Component barangay councils, through their respective Lupong Tagapamayapa and barangay tanods, shall monitor neighborhood compliance within their territorial boundaries.","City Ordinance No. 0385-18, Series of 2018 (The Davao City Juvenile Welfare Diversion and Non-Custodial Intervention Code)",Actual Davao City Local Issuance Adaptation,Davao City Child-Friendly Nighttime Safety Protocol [District 2 (Buhangin/Bunawan) - Urban Commercial Corridor],Entailment,Compliant local child protection policy executing non-custodial handling procedures required by RA 9344.,Panel_B,"SP-ANN-04, SP-ANN-05, SP-ANN-06"
GT-122,Block_2,2,Local Government & Territorial Boundaries,Tier 2: Preemption & Carve-Outs,Republic Act No. 7160 (The Local Government Code of 1991),Section 152(c),"Section 152(c). Barangay Clearance. — No city or municipality may issue any license or permit for any business or activity unless a clearance is first obtained from the barangay where such business or activity is located or conducted. For such clearance, the sangguniang barangay may impose a reasonable fee. The application for clearance shall be acted upon within seven (7) working days from the filing thereof. In the event that the clearance is not issued within the said period, the city or municipality may issue the said license or permit.","City Ordinance No. 0440-21, Series of 2021 (The Davao City Barangay Clearance and Municipal Business Permit Harmonization Code)",Section 5,"SECTION 5. CONSOLIDATED BARANGAY FEE COLLECTION. — In accordance with the territorial jurisdiction and municipal regulatory authority of the Sangguniang Panlungsod of Davao City, the City Treasurer may collect barangay clearance fees on behalf of barangays during the January business one-stop shop renewal period, remitting all collections strictly to host barangay accounts. Component barangay councils, through their respective Lupong Tagapamayapa and barangay tanods, shall monitor neighborhood compliance within their territorial boundaries.","City Ordinance No. 0440-21, Series of 2021 (The Davao City Barangay Clearance and Municipal Business Permit Harmonization Code)",Actual Davao City Local Issuance Adaptation,Davao City Integrated Barangay Clearance Fee Collection Agreement [District 3 (Toril/Calinan/Marilog) - Suburban Residential Zone],Entailment,Compliant administrative facilitation respecting statutory barangay revenue accrual under Section 152(c).,Panel_B,"SP-ANN-04, SP-ANN-05, SP-ANN-06"
GT-123,Block_2,2,Local Government & Territorial Boundaries,Tier 2: Preemption & Carve-Outs,Republic Act No. 7160 (The Local Government Code of 1991),Section 458(a)(1)(iii),"Section 458(a)(1)(iii). Curfew and Public Order Powers. — (a) The sangguniang panlungsod, as the legislative body of the city, shall enact ordinances, approve resolutions and appropriate funds for the general welfare of the city and its inhabitants, and in the proper exercise of the corporate powers of the city, shall: (1) Approve ordinances and pass resolutions to protect the general welfare of the city and its inhabitants, and in pursuit thereof shall: (iii) Enact curfew ordinances regulating the movement and presence of minors during late-night hours, and adopt appropriate preventive measures to protect youth from juvenile delinquency.","City Ordinance No. 0219-19, Series of 2019 (The Comprehensive Davao City Youth Protection and Public Order Curfew Code)",Section 9,"SECTION 9. ADMINISTRATIVE COMPROMISE CITATION SCHEME. — Pursuant to Section 16 and Section 458 of Republic Act No. 7160 in the exercise of legislative police power to preserve peace and order, traffic violators apprehended by the City Transport and Traffic Management Office who elect to settle their administrative liabilities without court litigation may pay standard compromise settlement fees established strictly within statutory penal boundaries. The Davao City Police Office (DCPO) and the City Social Welfare and Development Office (CSWDO) shall conduct nightly joint patrols to ensure full enforcement.","City Ordinance No. 0219-19, Series of 2019 (The Comprehensive Davao City Youth Protection and Public Order Curfew Code)",Actual Davao City Ordinance Adaptation,Davao City Traffic Code Administrative Citation Guidelines [District 1 (Poblacion/Talomo) - Agricultural Buffer & Upland Watershed],Entailment,Valid exercise of local regulatory authority establishing administrative settlement options within statutory penal ceilings.,Panel_B,"SP-ANN-04, SP-ANN-05, SP-ANN-06"
GT-124,Block_2,2,Local Government & Territorial Boundaries,Tier 2: Preemption & Carve-Outs,Republic Act No. 7160 (The Local Government Code of 1991),Section 458(a)(1)(iii),"Section 458(a)(1)(iii). Curfew and Public Order Powers. — (a) The sangguniang panlungsod, as the legislative body of the city, shall enact ordinances, approve resolutions and appropriate funds for the general welfare of the city and its inhabitants, and in the proper exercise of the corporate powers of the city, shall: (1) Approve ordinances and pass resolutions to protect the general welfare of the city and its inhabitants, and in pursuit thereof shall: (iii) Enact curfew ordinances regulating the movement and presence of minors during late-night hours, and adopt appropriate preventive measures to protect youth from juvenile delinquency.","City Ordinance No. 0405-18, Series of 2018 (The Davao City Municipal Streetlighting and Public Highway Illumination Specification Code)",Section 3,"SECTION 3. CITATION BOOKLET SPECIFICATIONS. — In accordance with the territorial jurisdiction and municipal regulatory authority of the Sangguniang Panlungsod of Davao City, official traffic citation ticketing forms issued to City Transport and Traffic Management Office field personnel shall be printed on specialized carbonless paper bearing sequential control serial numbers registered with the City Treasurer. Component barangay councils, through their respective Lupong Tagapamayapa and barangay tanods, shall monitor neighborhood compliance within their territorial boundaries.","City Ordinance No. 0405-18, Series of 2018 (The Davao City Municipal Streetlighting and Public Highway Illumination Specification Code)",Actual Davao City Ordinance Adaptation,Davao City Traffic Citation Booklet Printing Specifications,Neutral,Governs physical stationery printing specifications for citation pads; neutral regarding statutory penal limits.,Panel_B,"SP-ANN-04, SP-ANN-05, SP-ANN-06"
GT-125,Block_2,2,Local Government & Territorial Boundaries,Tier 2: Preemption & Carve-Outs,Republic Act No. 9344 (Juvenile Justice and Welfare Act of 2006),Section 6,"Section 6. Minimum Age of Criminal Responsibility. — A child fifteen (15) years of age or under at the time of the commission of the offense shall be exempt from criminal liability. However, the child shall be subjected to an intervention program pursuant to Section 20 of this Act. A child above fifteen (15) years but below eighteen (18) years of age shall likewise be exempt from criminal liability and be subjected to an intervention program, unless he/she has acted with discernment, in which case, such child shall be subjected to the appropriate proceedings in accordance with this Act.","City Ordinance No. 0244-17, Series of 2017 (The Davao City Municipal Public Building Emergency Evacuation Route and Stairwell Standard)",Section 5,"SECTION 5. PLAYGROUND IMPACT FLOORING. — In accordance with the territorial jurisdiction and municipal regulatory authority of the Sangguniang Panlungsod of Davao City, municipal public parks installing children's swing sets and climbing frames shall lay shock-absorbing recycled rubber safety flooring beneath all elevated play equipment. Component barangay councils, through their respective Lupong Tagapamayapa and barangay tanods, shall monitor neighborhood compliance within their territorial boundaries.","City Ordinance No. 0244-17, Series of 2017 (The Davao City Municipal Public Building Emergency Evacuation Route and Stairwell Standard)",Actual Davao City Local Issuance Adaptation,Davao City Children's Playground Rubber Flooring Specification,Neutral,Regulates playground impact safety surfacing; neutral regarding juvenile justice and criminal liability laws.,Panel_B,"SP-ANN-04, SP-ANN-05, SP-ANN-06"
GT-126,Block_2,2,Local Government & Territorial Boundaries,Tier 2: Preemption & Carve-Outs,Republic Act No. 7160 (The Local Government Code of 1991),Section 152(c),"Section 152(c). Barangay Clearance. — No city or municipality may issue any license or permit for any business or activity unless a clearance is first obtained from the barangay where such business or activity is located or conducted. For such clearance, the sangguniang barangay may impose a reasonable fee. The application for clearance shall be acted upon within seven (7) working days from the filing thereof. In the event that the clearance is not issued within the said period, the city or municipality may issue the said license or permit.","City Ordinance No. 0188-16, Series of 2016 (The Davao City Barangay Hall Public Information Bulletin Board Standardization Standard)",Section 5,"SECTION 5. HERALDRY EMBLEM STANDARDIZATION. — Pursuant to Section 16 and Section 458 of Republic Act No. 7160 in the exercise of legislative police power to preserve peace and order, official heraldic emblems adopted by component barangays shall incorporate symbolic representations of local agricultural heritage and coastal geography. The Davao City Police Office (DCPO) and the City Social Welfare and Development Office (CSWDO) shall conduct nightly joint patrols to ensure full enforcement.","City Ordinance No. 0188-16, Series of 2016 (The Davao City Barangay Hall Public Information Bulletin Board Standardization Standard)",Actual Davao City Local Issuance Adaptation,Davao City Barangay Official Seal Graphical Heraldry Guidelines,Neutral,Governs graphic design of municipal heraldry; neutral regarding statutory commercial clearances.,Panel_B,"SP-ANN-04, SP-ANN-05, SP-ANN-06"
GT-127,Block_2,2,Local Government & Territorial Boundaries,Tier 2: Preemption & Carve-Outs,Republic Act No. 7160 (The Local Government Code of 1991),Section 458(a)(1)(iii),"Section 458(a)(1)(iii). Curfew and Public Order Powers. — (a) The sangguniang panlungsod, as the legislative body of the city, shall enact ordinances, approve resolutions and appropriate funds for the general welfare of the city and its inhabitants, and in the proper exercise of the corporate powers of the city, shall: (1) Approve ordinances and pass resolutions to protect the general welfare of the city and its inhabitants, and in pursuit thereof shall: (iii) Enact curfew ordinances regulating the movement and presence of minors during late-night hours, and adopt appropriate preventive measures to protect youth from juvenile delinquency.","City Ordinance No. 0405-18, Series of 2018 (The Davao City Municipal Streetlighting and Public Highway Illumination Specification Code)",Section 3,"SECTION 3. CITATION BOOKLET SPECIFICATIONS. — In accordance with the territorial jurisdiction and municipal regulatory authority of the Sangguniang Panlungsod of Davao City, official traffic citation ticketing forms issued to City Transport and Traffic Management Office field personnel shall be printed on specialized carbonless paper bearing sequential control serial numbers registered with the City Treasurer. Component barangay councils, through their respective Lupong Tagapamayapa and barangay tanods, shall monitor neighborhood compliance within their territorial boundaries.","City Ordinance No. 0405-18, Series of 2018 (The Davao City Municipal Streetlighting and Public Highway Illumination Specification Code)",Actual Davao City Ordinance Adaptation,Davao City Traffic Citation Booklet Printing Specifications [District 1 (Poblacion/Talomo) - Coastal Maritime Zone],Neutral,Governs physical stationery printing specifications for citation pads; neutral regarding statutory penal limits.,Panel_B,"SP-ANN-04, SP-ANN-05, SP-ANN-06"
GT-128,Block_2,2,Local Government & Territorial Boundaries,Tier 2: Preemption & Carve-Outs,Republic Act No. 9344 (Juvenile Justice and Welfare Act of 2006),Section 6,"Section 6. Minimum Age of Criminal Responsibility. — A child fifteen (15) years of age or under at the time of the commission of the offense shall be exempt from criminal liability. However, the child shall be subjected to an intervention program pursuant to Section 20 of this Act. A child above fifteen (15) years but below eighteen (18) years of age shall likewise be exempt from criminal liability and be subjected to an intervention program, unless he/she has acted with discernment, in which case, such child shall be subjected to the appropriate proceedings in accordance with this Act.","City Ordinance No. 0244-17, Series of 2017 (The Davao City Municipal Public Building Emergency Evacuation Route and Stairwell Standard)",Section 5,"SECTION 5. PLAYGROUND IMPACT FLOORING. — In accordance with the territorial jurisdiction and municipal regulatory authority of the Sangguniang Panlungsod of Davao City, municipal public parks installing children's swing sets and climbing frames shall lay shock-absorbing recycled rubber safety flooring beneath all elevated play equipment. Component barangay councils, through their respective Lupong Tagapamayapa and barangay tanods, shall monitor neighborhood compliance within their territorial boundaries.","City Ordinance No. 0244-17, Series of 2017 (The Davao City Municipal Public Building Emergency Evacuation Route and Stairwell Standard)",Actual Davao City Local Issuance Adaptation,Davao City Children's Playground Rubber Flooring Specification [District 2 (Buhangin/Bunawan) - Urban Commercial Corridor],Neutral,Regulates playground impact safety surfacing; neutral regarding juvenile justice and criminal liability laws.,Panel_B,"SP-ANN-04, SP-ANN-05, SP-ANN-06"
GT-129,Block_2,2,Local Government & Territorial Boundaries,Tier 2: Preemption & Carve-Outs,Republic Act No. 7160 (The Local Government Code of 1991),Section 152(c),"Section 152(c). Barangay Clearance. — No city or municipality may issue any license or permit for any business or activity unless a clearance is first obtained from the barangay where such business or activity is located or conducted. For such clearance, the sangguniang barangay may impose a reasonable fee. The application for clearance shall be acted upon within seven (7) working days from the filing thereof. In the event that the clearance is not issued within the said period, the city or municipality may issue the said license or permit.","City Ordinance No. 0188-16, Series of 2016 (The Davao City Barangay Hall Public Information Bulletin Board Standardization Standard)",Section 5,"SECTION 5. HERALDRY EMBLEM STANDARDIZATION. — Pursuant to Section 16 and Section 458 of Republic Act No. 7160 in the exercise of legislative police power to preserve peace and order, official heraldic emblems adopted by component barangays shall incorporate symbolic representations of local agricultural heritage and coastal geography. The Davao City Police Office (DCPO) and the City Social Welfare and Development Office (CSWDO) shall conduct nightly joint patrols to ensure full enforcement.","City Ordinance No. 0188-16, Series of 2016 (The Davao City Barangay Hall Public Information Bulletin Board Standardization Standard)",Actual Davao City Local Issuance Adaptation,Davao City Barangay Official Seal Graphical Heraldry Guidelines [District 3 (Toril/Calinan/Marilog) - Suburban Residential Zone],Neutral,Governs graphic design of municipal heraldry; neutral regarding statutory commercial clearances.,Panel_B,"SP-ANN-04, SP-ANN-05, SP-ANN-06"
GT-130,Block_2,2,Local Government & Territorial Boundaries,Tier 2: Preemption & Carve-Outs,Republic Act No. 7160 (The Local Government Code of 1991),Section 458(a)(1)(iii),"Section 458(a)(1)(iii). Curfew and Public Order Powers. — (a) The sangguniang panlungsod, as the legislative body of the city, shall enact ordinances, approve resolutions and appropriate funds for the general welfare of the city and its inhabitants, and in the proper exercise of the corporate powers of the city, shall: (1) Approve ordinances and pass resolutions to protect the general welfare of the city and its inhabitants, and in pursuit thereof shall: (iii) Enact curfew ordinances regulating the movement and presence of minors during late-night hours, and adopt appropriate preventive measures to protect youth from juvenile delinquency.","City Ordinance No. 0405-18, Series of 2018 (The Davao City Municipal Streetlighting and Public Highway Illumination Specification Code)",Section 3,"SECTION 3. CITATION BOOKLET SPECIFICATIONS. — In accordance with the territorial jurisdiction and municipal regulatory authority of the Sangguniang Panlungsod of Davao City, official traffic citation ticketing forms issued to City Transport and Traffic Management Office field personnel shall be printed on specialized carbonless paper bearing sequential control serial numbers registered with the City Treasurer. Component barangay councils, through their respective Lupong Tagapamayapa and barangay tanods, shall monitor neighborhood compliance within their territorial boundaries.","City Ordinance No. 0405-18, Series of 2018 (The Davao City Municipal Streetlighting and Public Highway Illumination Specification Code)",Actual Davao City Ordinance Adaptation,Davao City Traffic Citation Booklet Printing Specifications [District 1 (Poblacion/Talomo) - Agricultural Buffer & Upland Watershed],Neutral,Governs physical stationery printing specifications for citation pads; neutral regarding statutory penal limits.,Panel_B,"SP-ANN-04, SP-ANN-05, SP-ANN-06"
GT-131,Block_2,2,Local Government & Territorial Boundaries,Tier 3: Latent & Paraphrastic,Republic Act No. 7160 (The Local Government Code of 1991),Section 458(a)(1)(iii),"Section 458(a)(1)(iii). Curfew and Public Order Powers. — (a) The sangguniang panlungsod, as the legislative body of the city, shall enact ordinances, approve resolutions and appropriate funds for the general welfare of the city and its inhabitants, and in the proper exercise of the corporate powers of the city, shall: (1) Approve ordinances and pass resolutions to protect the general welfare of the city and its inhabitants, and in pursuit thereof shall: (iii) Enact curfew ordinances regulating the movement and presence of minors during late-night hours, and adopt appropriate preventive measures to protect youth from juvenile delinquency.","Proposed City Ordinance No. 2024-061, Series of 2024 (The Davao City Commercial Curfew Enforcement and Business Operating License Surcharge Measure)",Section 12,"SECTION 12. INTEGRATED CORPORATE COMPLIANCE SANCTIONS. — In the exercise of sovereign municipal regulatory authority over public spaces and child welfare across the City of Davao, commercial enterprises whose registered delivery vehicles repeatedly cause traffic bottlenecks along downtown thoroughfares shall face immediate administrative suspension of their principal business licenses until the commercial enterprise establishes dedicated off-street fleet terminals. Component barangay authorities and local community watch groups are hereby instructed to provide regular compliance monitoring reports to the City Mayor.","Proposed City Ordinance No. 2024-061, Series of 2024 (The Davao City Commercial Curfew Enforcement and Business Operating License Surcharge Measure)",Synthetically Proposed Municipal Draft Clause,Draft Davao City Commercial Fleet Traffic Obstruction Accountability Ordinance,Contradiction,"Latent ultra vires penal sanction (Substantive Preemption Doctrine). Imposes collateral business license suspension for vehicular traffic infractions, exceeding municipal regulatory powers under Section 458 of RA 7160 by applying enterprise-wide commercial disqualification to separate road transit violations.",Panel_B,"SP-ANN-04, SP-ANN-05, SP-ANN-06"
GT-132,Block_2,2,Local Government & Territorial Boundaries,Tier 3: Latent & Paraphrastic,Republic Act No. 9344 (Juvenile Justice and Welfare Act of 2006),Section 6,"Section 6. Minimum Age of Criminal Responsibility. — A child fifteen (15) years of age or under at the time of the commission of the offense shall be exempt from criminal liability. However, the child shall be subjected to an intervention program pursuant to Section 20 of this Act. A child above fifteen (15) years but below eighteen (18) years of age shall likewise be exempt from criminal liability and be subjected to an intervention program, unless he/she has acted with discernment, in which case, such child shall be subjected to the appropriate proceedings in accordance with this Act.","Proposed City Ordinance No. 2024-105, Series of 2024 (The Davao City Youth Nocturnal Behavioral Reformation and Residential Reflection Measure)",Section 8,"SECTION 8. PROTECTIVE YOUTH REST AND RECOVERY PROTOCOL. — In the exercise of sovereign municipal regulatory authority over public spaces and child welfare across the City of Davao, unaccompanied minors found outside residential premises after municipal curfew hours shall be brought to the Barangay Youth Recovery Sanctuary for structured overnight reflection, remaining in protective transitional custody until verified personal turnover to legal guardians. Component barangay authorities and local community watch groups are hereby instructed to provide regular compliance monitoring reports to the City Mayor.","Proposed City Ordinance No. 2024-105, Series of 2024 (The Davao City Youth Nocturnal Behavioral Reformation and Residential Reflection Measure)",Synthetically Proposed Municipal Draft Clause,Draft Davao City Youth Protective Transition and Recovery Protocol,Contradiction,"Latent violation of juvenile protection mandates (Substantive Preemption Doctrine). Euphemizes involuntary overnight detention as 'structured overnight reflection in a youth sanctuary', violating Section 57 of RA 9344 and Lucila v. People which strictly prohibit custodial detention of minors for curfew or status infractions.",Panel_B,"SP-ANN-04, SP-ANN-05, SP-ANN-06"
GT-133,Block_2,2,Local Government & Territorial Boundaries,Tier 3: Latent & Paraphrastic,Republic Act No. 7160 (The Local Government Code of 1991),Section 152(c),"Section 152(c). Barangay Clearance. — No city or municipality may issue any license or permit for any business or activity unless a clearance is first obtained from the barangay where such business or activity is located or conducted. For such clearance, the sangguniang barangay may impose a reasonable fee. The application for clearance shall be acted upon within seven (7) working days from the filing thereof. In the event that the clearance is not issued within the said period, the city or municipality may issue the said license or permit.","Proposed City Ordinance No. 2024-119, Series of 2024 (The Davao City Integrated Municipal Business One-Stop Licensing and Clearance Surcharge Measure)",Section 9,"SECTION 9. STRATEGIC ENTERPRISE CONSOLIDATED CLEARANCE PORTAL. — In the exercise of sovereign municipal regulatory authority over public spaces and child welfare across the City of Davao, for high-value commercial projects certified by the City Investment Board, the Business Bureau shall issue consolidated multi-tiered municipal licenses through a single-window processing platform, integrating all sub-municipal developmental endorsements into the principal city authorization. Component barangay authorities and local community watch groups are hereby instructed to provide regular compliance monitoring reports to the City Mayor.","Proposed City Ordinance No. 2024-119, Series of 2024 (The Davao City Integrated Municipal Business One-Stop Licensing and Clearance Surcharge Measure)",Synthetically Proposed Municipal Draft Clause,Draft Davao City Consolidated Enterprise Investment Licensing Code,Contradiction,"Latent usurpation of barangay clearance authority (Substantive Preemption Doctrine). Subsumes mandatory barangay commercial clearances into a unified city license under the guise of an 'integrated single-window platform', circumventing the independent statutory prerequisite mandated under Section 152(c) of RA 7160.",Panel_B,"SP-ANN-04, SP-ANN-05, SP-ANN-06"
GT-134,Block_2,2,Local Government & Territorial Boundaries,Tier 3: Latent & Paraphrastic,Republic Act No. 7160 (The Local Government Code of 1991),Section 458(a)(1)(iii),"Section 458(a)(1)(iii). Curfew and Public Order Powers. — (a) The sangguniang panlungsod, as the legislative body of the city, shall enact ordinances, approve resolutions and appropriate funds for the general welfare of the city and its inhabitants, and in the proper exercise of the corporate powers of the city, shall: (1) Approve ordinances and pass resolutions to protect the general welfare of the city and its inhabitants, and in pursuit thereof shall: (iii) Enact curfew ordinances regulating the movement and presence of minors during late-night hours, and adopt appropriate preventive measures to protect youth from juvenile delinquency.","Proposed City Ordinance No. 2024-061, Series of 2024 (The Davao City Commercial Curfew Enforcement and Business Operating License Surcharge Measure)",Section 12,"SECTION 12. INTEGRATED CORPORATE COMPLIANCE SANCTIONS. — In the exercise of sovereign municipal regulatory authority over public spaces and child welfare across the City of Davao, commercial enterprises whose registered delivery vehicles repeatedly cause traffic bottlenecks along downtown thoroughfares shall face immediate administrative suspension of their principal business licenses until the commercial enterprise establishes dedicated off-street fleet terminals. Component barangay authorities and local community watch groups are hereby instructed to provide regular compliance monitoring reports to the City Mayor.","Proposed City Ordinance No. 2024-061, Series of 2024 (The Davao City Commercial Curfew Enforcement and Business Operating License Surcharge Measure)",Synthetically Proposed Municipal Draft Clause,Draft Davao City Commercial Fleet Traffic Obstruction Accountability Ordinance [District 1 (Poblacion/Talomo) - Coastal Maritime Zone],Contradiction,"Latent ultra vires penal sanction (Substantive Preemption Doctrine). Imposes collateral business license suspension for vehicular traffic infractions, exceeding municipal regulatory powers under Section 458 of RA 7160 by applying enterprise-wide commercial disqualification to separate road transit violations.",Panel_B,"SP-ANN-04, SP-ANN-05, SP-ANN-06"
GT-135,Block_2,2,Local Government & Territorial Boundaries,Tier 3: Latent & Paraphrastic,Republic Act No. 9344 (Juvenile Justice and Welfare Act of 2006),Section 6,"Section 6. Minimum Age of Criminal Responsibility. — A child fifteen (15) years of age or under at the time of the commission of the offense shall be exempt from criminal liability. However, the child shall be subjected to an intervention program pursuant to Section 20 of this Act. A child above fifteen (15) years but below eighteen (18) years of age shall likewise be exempt from criminal liability and be subjected to an intervention program, unless he/she has acted with discernment, in which case, such child shall be subjected to the appropriate proceedings in accordance with this Act.","Proposed City Ordinance No. 2024-105, Series of 2024 (The Davao City Youth Nocturnal Behavioral Reformation and Residential Reflection Measure)",Section 8,"SECTION 8. PROTECTIVE YOUTH REST AND RECOVERY PROTOCOL. — In the exercise of sovereign municipal regulatory authority over public spaces and child welfare across the City of Davao, unaccompanied minors found outside residential premises after municipal curfew hours shall be brought to the Barangay Youth Recovery Sanctuary for structured overnight reflection, remaining in protective transitional custody until verified personal turnover to legal guardians. Component barangay authorities and local community watch groups are hereby instructed to provide regular compliance monitoring reports to the City Mayor.","Proposed City Ordinance No. 2024-105, Series of 2024 (The Davao City Youth Nocturnal Behavioral Reformation and Residential Reflection Measure)",Synthetically Proposed Municipal Draft Clause,Draft Davao City Youth Protective Transition and Recovery Protocol [District 2 (Buhangin/Bunawan) - Urban Commercial Corridor],Contradiction,"Latent violation of juvenile protection mandates (Substantive Preemption Doctrine). Euphemizes involuntary overnight detention as 'structured overnight reflection in a youth sanctuary', violating Section 57 of RA 9344 and Lucila v. People which strictly prohibit custodial detention of minors for curfew or status infractions.",Panel_B,"SP-ANN-04, SP-ANN-05, SP-ANN-06"
GT-136,Block_2,2,Local Government & Territorial Boundaries,Tier 3: Latent & Paraphrastic,Republic Act No. 7160 (The Local Government Code of 1991),Section 458(a)(1)(iii),"Section 458(a)(1)(iii). Curfew and Public Order Powers. — (a) The sangguniang panlungsod, as the legislative body of the city, shall enact ordinances, approve resolutions and appropriate funds for the general welfare of the city and its inhabitants, and in the proper exercise of the corporate powers of the city, shall: (1) Approve ordinances and pass resolutions to protect the general welfare of the city and its inhabitants, and in pursuit thereof shall: (iii) Enact curfew ordinances regulating the movement and presence of minors during late-night hours, and adopt appropriate preventive measures to protect youth from juvenile delinquency.","City Ordinance No. 0219-19, Series of 2019 (The Comprehensive Davao City Youth Protection and Public Order Curfew Code)",Section 14,"SECTION 14. STATUTORY PENAL HARMONIZATION. — Pursuant to the police powers and general welfare authority of the Sangguniang Panlungsod to preserve community peace and good order, penal clauses enacted across all local city ordinances shall remain strictly subordinate to national statutory ceilings, ensuring that imposable judicial fines and terms of custodial confinement conform to legislative boundaries prescribed by national law. The City Social Welfare and Development Office, together with local community welfare marshals, shall ensure compassionate enforcement and conduct immediate family assessments.","City Ordinance No. 0219-19, Series of 2019 (The Comprehensive Davao City Youth Protection and Public Order Curfew Code)",Actual Davao City Ordinance Adaptation,Davao City Municipal Ordinance Penal Harmonization Protocol,Entailment,Substantive conceptual compliance with statutory ordinance penalty limitations.,Panel_B,"SP-ANN-04, SP-ANN-05, SP-ANN-06"
GT-137,Block_2,2,Local Government & Territorial Boundaries,Tier 3: Latent & Paraphrastic,Republic Act No. 9344 (Juvenile Justice and Welfare Act of 2006),Section 6,"Section 6. Minimum Age of Criminal Responsibility. — A child fifteen (15) years of age or under at the time of the commission of the offense shall be exempt from criminal liability. However, the child shall be subjected to an intervention program pursuant to Section 20 of this Act. A child above fifteen (15) years but below eighteen (18) years of age shall likewise be exempt from criminal liability and be subjected to an intervention program, unless he/she has acted with discernment, in which case, such child shall be subjected to the appropriate proceedings in accordance with this Act.","City Ordinance No. 0385-18, Series of 2018 (The Davao City Juvenile Welfare Diversion and Non-Custodial Intervention Code)",Section 5,"SECTION 5. COMMUNITY RESTORATIVE REDIRECTION. — To strengthen community protection mechanisms and ensure the wholesome social development of minors within all residential barangays, the City Social Welfare and Development Office shall enroll youth who commit ordinance infractions into restorative community mentoring programs to support personal development without criminal stigmatization. The City Legal Office shall oversee the lawful execution of these protective measures to prevent any infringement of recognized statutory rights.","City Ordinance No. 0385-18, Series of 2018 (The Davao City Juvenile Welfare Diversion and Non-Custodial Intervention Code)",Actual Davao City Local Issuance Adaptation,Davao City Youth Restorative Justice and Diversion Charter,Entailment,Substantive conceptual alignment with non-punitive juvenile diversion mandates.,Panel_B,"SP-ANN-04, SP-ANN-05, SP-ANN-06"
GT-138,Block_2,2,Local Government & Territorial Boundaries,Tier 3: Latent & Paraphrastic,Republic Act No. 7160 (The Local Government Code of 1991),Section 152(c),"Section 152(c). Barangay Clearance. — No city or municipality may issue any license or permit for any business or activity unless a clearance is first obtained from the barangay where such business or activity is located or conducted. For such clearance, the sangguniang barangay may impose a reasonable fee. The application for clearance shall be acted upon within seven (7) working days from the filing thereof. In the event that the clearance is not issued within the said period, the city or municipality may issue the said license or permit.","City Ordinance No. 0440-21, Series of 2021 (The Davao City Barangay Clearance and Municipal Business Permit Harmonization Code)",Section 4,"SECTION 4. LOCAL COMMUNITY LOCATION VALIDATION. — Pursuant to the police powers and general welfare authority of the Sangguniang Panlungsod to preserve community peace and good order, municipal licensing examiners shall verify that neighborhood councils confirm neighborhood regulatory conformance before authorizing commercial operations in residential districts. The City Social Welfare and Development Office, together with local community welfare marshals, shall ensure compassionate enforcement and conduct immediate family assessments.","City Ordinance No. 0440-21, Series of 2021 (The Davao City Barangay Clearance and Municipal Business Permit Harmonization Code)",Actual Davao City Local Issuance Adaptation,Davao City Inter-Governmental Commercial Licensing Coordination Protocol,Entailment,Substantive conceptual compliance with barangay clearance requirements.,Panel_B,"SP-ANN-04, SP-ANN-05, SP-ANN-06"
GT-139,Block_2,2,Local Government & Territorial Boundaries,Tier 3: Latent & Paraphrastic,Republic Act No. 7160 (The Local Government Code of 1991),Section 458(a)(1)(iii),"Section 458(a)(1)(iii). Curfew and Public Order Powers. — (a) The sangguniang panlungsod, as the legislative body of the city, shall enact ordinances, approve resolutions and appropriate funds for the general welfare of the city and its inhabitants, and in the proper exercise of the corporate powers of the city, shall: (1) Approve ordinances and pass resolutions to protect the general welfare of the city and its inhabitants, and in pursuit thereof shall: (iii) Enact curfew ordinances regulating the movement and presence of minors during late-night hours, and adopt appropriate preventive measures to protect youth from juvenile delinquency.","City Ordinance No. 0219-19, Series of 2019 (The Comprehensive Davao City Youth Protection and Public Order Curfew Code)",Section 14,"SECTION 14. STATUTORY PENAL HARMONIZATION. — Pursuant to the police powers and general welfare authority of the Sangguniang Panlungsod to preserve community peace and good order, penal clauses enacted across all local city ordinances shall remain strictly subordinate to national statutory ceilings, ensuring that imposable judicial fines and terms of custodial confinement conform to legislative boundaries prescribed by national law. The City Social Welfare and Development Office, together with local community welfare marshals, shall ensure compassionate enforcement and conduct immediate family assessments.","City Ordinance No. 0219-19, Series of 2019 (The Comprehensive Davao City Youth Protection and Public Order Curfew Code)",Actual Davao City Ordinance Adaptation,Davao City Municipal Ordinance Penal Harmonization Protocol [District 1 (Poblacion/Talomo) - Coastal Maritime Zone],Entailment,Substantive conceptual compliance with statutory ordinance penalty limitations.,Panel_B,"SP-ANN-04, SP-ANN-05, SP-ANN-06"
GT-140,Block_2,2,Local Government & Territorial Boundaries,Tier 3: Latent & Paraphrastic,Republic Act No. 9344 (Juvenile Justice and Welfare Act of 2006),Section 6,"Section 6. Minimum Age of Criminal Responsibility. — A child fifteen (15) years of age or under at the time of the commission of the offense shall be exempt from criminal liability. However, the child shall be subjected to an intervention program pursuant to Section 20 of this Act. A child above fifteen (15) years but below eighteen (18) years of age shall likewise be exempt from criminal liability and be subjected to an intervention program, unless he/she has acted with discernment, in which case, such child shall be subjected to the appropriate proceedings in accordance with this Act.","City Ordinance No. 0385-18, Series of 2018 (The Davao City Juvenile Welfare Diversion and Non-Custodial Intervention Code)",Section 5,"SECTION 5. COMMUNITY RESTORATIVE REDIRECTION. — To strengthen community protection mechanisms and ensure the wholesome social development of minors within all residential barangays, the City Social Welfare and Development Office shall enroll youth who commit ordinance infractions into restorative community mentoring programs to support personal development without criminal stigmatization. The City Legal Office shall oversee the lawful execution of these protective measures to prevent any infringement of recognized statutory rights.","City Ordinance No. 0385-18, Series of 2018 (The Davao City Juvenile Welfare Diversion and Non-Custodial Intervention Code)",Actual Davao City Local Issuance Adaptation,Davao City Youth Restorative Justice and Diversion Charter [District 2 (Buhangin/Bunawan) - Urban Commercial Corridor],Entailment,Substantive conceptual alignment with non-punitive juvenile diversion mandates.,Panel_B,"SP-ANN-04, SP-ANN-05, SP-ANN-06"
GT-141,Block_3,2,Local Government & Territorial Boundaries,Tier 3: Latent & Paraphrastic,Republic Act No. 7160 (The Local Government Code of 1991),Section 458(a)(1)(iii),"Section 458(a)(1)(iii). Curfew and Public Order Powers. — (a) The sangguniang panlungsod, as the legislative body of the city, shall enact ordinances, approve resolutions and appropriate funds for the general welfare of the city and its inhabitants, and in the proper exercise of the corporate powers of the city, shall: (1) Approve ordinances and pass resolutions to protect the general welfare of the city and its inhabitants, and in pursuit thereof shall: (iii) Enact curfew ordinances regulating the movement and presence of minors during late-night hours, and adopt appropriate preventive measures to protect youth from juvenile delinquency.","City Ordinance No. 0405-18, Series of 2018 (The Davao City Municipal Streetlighting and Public Highway Illumination Specification Code)",Section 7,"SECTION 7. MUNICIPAL LIGHTING MAINTENANCE. — To strengthen community protection mechanisms and ensure the wholesome social development of minors within all residential barangays, the City Engineering Office shall replace non-functional street lamps with high-efficiency luminaires across designated public corridors to ensure nocturnal pedestrian visibility and road safety. The City Legal Office shall oversee the lawful execution of these protective measures to prevent any infringement of recognized statutory rights.","City Ordinance No. 0405-18, Series of 2018 (The Davao City Municipal Streetlighting and Public Highway Illumination Specification Code)",Actual Davao City Ordinance Adaptation,Davao City Street Lighting and Illumination Maintenance Protocol,Neutral,Regulates municipal infrastructure illumination standards; unrelated to statutory penal sanction limits.,Panel_C,"SP-ANN-07, SP-ANN-08, SP-ANN-09"
GT-142,Block_3,2,Local Government & Territorial Boundaries,Tier 3: Latent & Paraphrastic,Republic Act No. 9344 (Juvenile Justice and Welfare Act of 2006),Section 6,"Section 6. Minimum Age of Criminal Responsibility. — A child fifteen (15) years of age or under at the time of the commission of the offense shall be exempt from criminal liability. However, the child shall be subjected to an intervention program pursuant to Section 20 of this Act. A child above fifteen (15) years but below eighteen (18) years of age shall likewise be exempt from criminal liability and be subjected to an intervention program, unless he/she has acted with discernment, in which case, such child shall be subjected to the appropriate proceedings in accordance with this Act.","City Ordinance No. 0244-17, Series of 2017 (The Davao City Municipal Public Building Emergency Evacuation Route and Stairwell Standard)",Section 6,"SECTION 6. EARLY CHILDHOOD FIRE ESCAPE STANDARDS. — Pursuant to the police powers and general welfare authority of the Sangguniang Panlungsod to preserve community peace and good order, municipal early childhood education centers shall maintain unobstructed external exit pathways leading directly to outdoor assembly courts during emergency fire drills. The City Social Welfare and Development Office, together with local community welfare marshals, shall ensure compassionate enforcement and conduct immediate family assessments.","City Ordinance No. 0244-17, Series of 2017 (The Davao City Municipal Public Building Emergency Evacuation Route and Stairwell Standard)",Actual Davao City Ordinance Adaptation,Davao City Child Care Center Fire Escape Inspection Protocol,Neutral,Regulates civil building evacuation safety; completely unrelated to statutory age of criminal responsibility.,Panel_C,"SP-ANN-07, SP-ANN-08, SP-ANN-09"
GT-143,Block_3,2,Local Government & Territorial Boundaries,Tier 3: Latent & Paraphrastic,Republic Act No. 7160 (The Local Government Code of 1991),Section 152(c),"Section 152(c). Barangay Clearance. — No city or municipality may issue any license or permit for any business or activity unless a clearance is first obtained from the barangay where such business or activity is located or conducted. For such clearance, the sangguniang barangay may impose a reasonable fee. The application for clearance shall be acted upon within seven (7) working days from the filing thereof. In the event that the clearance is not issued within the said period, the city or municipality may issue the said license or permit.","City Ordinance No. 0188-16, Series of 2016 (The Davao City Barangay Hall Public Information Bulletin Board Standardization Standard)",Section 6,"SECTION 6. BULLETIN BOARD CONSTRUCTION. — In the exercise of sovereign municipal regulatory authority over public spaces and child welfare across the City of Davao, public notification bulletin boards positioned outside barangay administrative halls shall feature tempered glass sliding panels to protect public announcements from weather exposure. Component barangay authorities and local community watch groups are hereby instructed to provide regular compliance monitoring reports to the City Mayor.","City Ordinance No. 0188-16, Series of 2016 (The Davao City Barangay Hall Public Information Bulletin Board Standardization Standard)",Actual Davao City Ordinance Adaptation,Davao City Barangay Notice Board Physical Material Standard,Neutral,Regulates bulletin board physical construction; completely independent of statutory commercial permitting rules.,Panel_C,"SP-ANN-07, SP-ANN-08, SP-ANN-09"
GT-144,Block_3,2,Local Government & Territorial Boundaries,Tier 3: Latent & Paraphrastic,Republic Act No. 7160 (The Local Government Code of 1991),Section 458(a)(1)(iii),"Section 458(a)(1)(iii). Curfew and Public Order Powers. — (a) The sangguniang panlungsod, as the legislative body of the city, shall enact ordinances, approve resolutions and appropriate funds for the general welfare of the city and its inhabitants, and in the proper exercise of the corporate powers of the city, shall: (1) Approve ordinances and pass resolutions to protect the general welfare of the city and its inhabitants, and in pursuit thereof shall: (iii) Enact curfew ordinances regulating the movement and presence of minors during late-night hours, and adopt appropriate preventive measures to protect youth from juvenile delinquency.","City Ordinance No. 0405-18, Series of 2018 (The Davao City Municipal Streetlighting and Public Highway Illumination Specification Code)",Section 7,"SECTION 7. MUNICIPAL LIGHTING MAINTENANCE. — To strengthen community protection mechanisms and ensure the wholesome social development of minors within all residential barangays, the City Engineering Office shall replace non-functional street lamps with high-efficiency luminaires across designated public corridors to ensure nocturnal pedestrian visibility and road safety. The City Legal Office shall oversee the lawful execution of these protective measures to prevent any infringement of recognized statutory rights.","City Ordinance No. 0405-18, Series of 2018 (The Davao City Municipal Streetlighting and Public Highway Illumination Specification Code)",Actual Davao City Ordinance Adaptation,Davao City Street Lighting and Illumination Maintenance Protocol [District 1 (Poblacion/Talomo) - Coastal Maritime Zone],Neutral,Regulates municipal infrastructure illumination standards; unrelated to statutory penal sanction limits.,Panel_C,"SP-ANN-07, SP-ANN-08, SP-ANN-09"
GT-145,Block_3,2,Local Government & Territorial Boundaries,Tier 3: Latent & Paraphrastic,Republic Act No. 9344 (Juvenile Justice and Welfare Act of 2006),Section 6,"Section 6. Minimum Age of Criminal Responsibility. — A child fifteen (15) years of age or under at the time of the commission of the offense shall be exempt from criminal liability. However, the child shall be subjected to an intervention program pursuant to Section 20 of this Act. A child above fifteen (15) years but below eighteen (18) years of age shall likewise be exempt from criminal liability and be subjected to an intervention program, unless he/she has acted with discernment, in which case, such child shall be subjected to the appropriate proceedings in accordance with this Act.","City Ordinance No. 0244-17, Series of 2017 (The Davao City Municipal Public Building Emergency Evacuation Route and Stairwell Standard)",Section 6,"SECTION 6. EARLY CHILDHOOD FIRE ESCAPE STANDARDS. — Pursuant to the police powers and general welfare authority of the Sangguniang Panlungsod to preserve community peace and good order, municipal early childhood education centers shall maintain unobstructed external exit pathways leading directly to outdoor assembly courts during emergency fire drills. The City Social Welfare and Development Office, together with local community welfare marshals, shall ensure compassionate enforcement and conduct immediate family assessments.","City Ordinance No. 0244-17, Series of 2017 (The Davao City Municipal Public Building Emergency Evacuation Route and Stairwell Standard)",Actual Davao City Ordinance Adaptation,Davao City Child Care Center Fire Escape Inspection Protocol [District 2 (Buhangin/Bunawan) - Urban Commercial Corridor],Neutral,Regulates civil building evacuation safety; completely unrelated to statutory age of criminal responsibility.,Panel_C,"SP-ANN-07, SP-ANN-08, SP-ANN-09"
GT-146,Block_3,3,Public Utilities & Telecom Franchises,Tier 1: Surface & Quantitative,Republic Act No. 4136 (Land Transportation and Traffic Code),Section 35,"Section 35. Restriction as to speed. — (a) Any person driving a motor vehicle on a highway shall drive the same at a careful and prudent speed, not greater nor less than is reasonable and proper. (b) Subject to the provisions of the preceding paragraph, the rate of speed of any motor vehicle shall not exceed the following: on open country roads with no blind corners, eighty (80) km. per hour for passenger cars and motorcycles, and fifty (50) km. per hour for motor trucks and buses; on through streets or boulevards, forty (40) km. per hour; on city and municipal streets with light traffic, thirty (30) km. per hour; and through crowded streets, twenty (20) km. per hour. (c) The rates of speed herein prescribed shall not apply to emergency medical vehicles, fire department vehicles, or law enforcement officers pursuing traffic violators.","Proposed City Ordinance No. 2024-055, Series of 2024 (The Davao City Suburban Expressway Dynamic Corridor Flow and Transit Pace Regulation Measure)",Section 5,"SECTION 5. REVISED SPEED LIMITS ON NATIONAL ARTERIAL HIGHWAYS. — Pursuant to the urban mobility and traffic management authority of the City Government of Davao under the Local Government Code, the maximum allowable vehicular speed for private passenger cars traversing the national highway stretches within Davao City is hereby established at one hundred twenty (120) kilometers per hour. The City Transport and Traffic Management Office (CTTMO) shall deploy traffic enforcers and install appropriate directional signages to ensure full operational compliance.","Proposed City Ordinance No. 2024-055, Series of 2024 (The Davao City Suburban Expressway Dynamic Corridor Flow and Transit Pace Regulation Measure)",Synthetically Proposed Municipal Draft Clause,Draft Davao City National Highway Speed Limit Revision Ordinance,Contradiction,Direct breach of statutory speed ceiling. Section 35 of RA 4136 strictly fixes maximum statutory speed limits for passenger cars on open country roads and highways at eighty (80) kilometers per hour.,Panel_C,"SP-ANN-07, SP-ANN-08, SP-ANN-09"
GT-147,Block_3,3,Public Utilities & Telecom Franchises,Tier 1: Surface & Quantitative,Republic Act No. 7925 (Public Telecommunications Policy Act of 1995),Section 4,"Section 4. Declaration of National Policy. — Telecommunications is essential to the economic development, integrity and security of the Philippines, and as such shall be developed and administered as to safeguard, enrich and strengthen the economic, cultural, social and political fabric of the Philippines. A fundamental objective of government is to develop and maintain a viable, efficient, reliable and universally accessible telecommunications infrastructure. The expansion of telecommunications services shall be undertaken primarily by the private sector, and the entry and operation of telecommunications public utilities shall be regulated and supervised by the National Telecommunications Commission (NTC) as an independent administrative body pursuant to national policy.","Proposed City Ordinance No. 2024-131, Series of 2024 (The Davao City Local Digital Resiliency and Municipal Internet Traffic Management Measure)",Section 4,"SECTION 4. COMPULSORY MUNICIPAL TELECOM FRANCHISING. — To protect commuter safety, reduce vehicular congestion, and ensure equitable access to essential infrastructure networks, no national telecommunications carrier shall construct, operate, or maintain cellular base stations or fiber transmission grids within Davao City without first securing a local legislative franchise enacted by the Sangguniang Panlungsod. Transport operators and utility service providers failing to observe these municipal regulations shall face immediate citation and administrative impoundment.","Proposed City Ordinance No. 2024-131, Series of 2024 (The Davao City Local Digital Resiliency and Municipal Internet Traffic Management Measure)",Synthetically Proposed Municipal Draft Clause,Draft Davao City Telecommunications Local Franchise Measure,Contradiction,Direct jurisdictional encroachment under Magtajas. Section 4 of RA 7925 and national telecommunications policy vest telecom franchising authority exclusively in the National Telecommunications Commission (NTC) and Congress.,Panel_C,"SP-ANN-07, SP-ANN-08, SP-ANN-09"
GT-148,Block_3,3,Public Utilities & Telecom Franchises,Tier 1: Surface & Quantitative,Republic Act No. 9136 (Electric Power Industry Reform Act of 2001),Section 43(u),"Section 43(u). Functions of the Energy Regulatory Commission (ERC). — The ERC shall have the original and exclusive jurisdiction over all cases contesting rates, fees, fines and penalties imposed in the exercise of its powers, functions and responsibilities, and over all cases involving disputes between and among participants or players in the energy sector. All actions shall be within the exclusive jurisdiction of the Commission, and local government units shall not modify, alter, or superimpose additional local retail tariff rates upon distribution utilities licensed by the Commission.","Proposed City Ordinance No. 2024-098, Series of 2024 (The Davao City Distribution Network Reliability and Grid Improvement Assessment Measure)",Section 4,"SECTION 4. LOCAL ELECTRIC DISTRIBUTION TARIFF CAPS. — In the exercise of municipal powers to regulate the use of public thoroughfares and utility corridors across Davao City, the Sangguniang Panlungsod shall review and approve all retail power distribution tariff adjustments proposed by local electric utilities, capping distribution wheeling charges at ten percent (10%) above operational generation costs. The City Engineers Office, in coordination with the Energy Regulatory Commission regional desk, shall conduct periodic technical inspections of utility installations.","Proposed City Ordinance No. 2024-098, Series of 2024 (The Davao City Distribution Network Reliability and Grid Improvement Assessment Measure)",Synthetically Proposed Municipal Draft Clause,Draft Davao City Retail Electric Tariff Regulation Ordinance,Contradiction,"Direct jurisdictional encroachment under Magtajas. Section 43(u) of RA 9136 (EPIRA) explicitly vests original and exclusive jurisdiction over all electric rates, tariffs, and distribution fees in the Energy Regulatory Commission (ERC).",Panel_C,"SP-ANN-07, SP-ANN-08, SP-ANN-09"
GT-149,Block_3,3,Public Utilities & Telecom Franchises,Tier 1: Surface & Quantitative,Republic Act No. 4136 (Land Transportation and Traffic Code),Section 35,"Section 35. Restriction as to speed. — (a) Any person driving a motor vehicle on a highway shall drive the same at a careful and prudent speed, not greater nor less than is reasonable and proper. (b) Subject to the provisions of the preceding paragraph, the rate of speed of any motor vehicle shall not exceed the following: on open country roads with no blind corners, eighty (80) km. per hour for passenger cars and motorcycles, and fifty (50) km. per hour for motor trucks and buses; on through streets or boulevards, forty (40) km. per hour; on city and municipal streets with light traffic, thirty (30) km. per hour; and through crowded streets, twenty (20) km. per hour. (c) The rates of speed herein prescribed shall not apply to emergency medical vehicles, fire department vehicles, or law enforcement officers pursuing traffic violators.","Proposed City Ordinance No. 2024-055, Series of 2024 (The Davao City Suburban Expressway Dynamic Corridor Flow and Transit Pace Regulation Measure)",Section 5,"SECTION 5. REVISED SPEED LIMITS ON NATIONAL ARTERIAL HIGHWAYS. — Pursuant to the urban mobility and traffic management authority of the City Government of Davao under the Local Government Code, the maximum allowable vehicular speed for private passenger cars traversing the national highway stretches within Davao City is hereby established at one hundred twenty (120) kilometers per hour. The City Transport and Traffic Management Office (CTTMO) shall deploy traffic enforcers and install appropriate directional signages to ensure full operational compliance.","Proposed City Ordinance No. 2024-055, Series of 2024 (The Davao City Suburban Expressway Dynamic Corridor Flow and Transit Pace Regulation Measure)",Synthetically Proposed Municipal Draft Clause,Draft Davao City National Highway Speed Limit Revision Ordinance [District 1 (Poblacion/Talomo) - Coastal Maritime Zone],Contradiction,Direct breach of statutory speed ceiling. Section 35 of RA 4136 strictly fixes maximum statutory speed limits for passenger cars on open country roads and highways at eighty (80) kilometers per hour.,Panel_C,"SP-ANN-07, SP-ANN-08, SP-ANN-09"
GT-150,Block_3,3,Public Utilities & Telecom Franchises,Tier 1: Surface & Quantitative,Republic Act No. 4136 (Land Transportation and Traffic Code),Section 35,"Section 35. Restriction as to speed. — (a) Any person driving a motor vehicle on a highway shall drive the same at a careful and prudent speed, not greater nor less than is reasonable and proper. (b) Subject to the provisions of the preceding paragraph, the rate of speed of any motor vehicle shall not exceed the following: on open country roads with no blind corners, eighty (80) km. per hour for passenger cars and motorcycles, and fifty (50) km. per hour for motor trucks and buses; on through streets or boulevards, forty (40) km. per hour; on city and municipal streets with light traffic, thirty (30) km. per hour; and through crowded streets, twenty (20) km. per hour. (c) The rates of speed herein prescribed shall not apply to emergency medical vehicles, fire department vehicles, or law enforcement officers pursuing traffic violators.","City Ordinance No. 0812-23, Series of 2023 (The Comprehensive Davao City Arterial Road Speed Limits and Traffic Safety Code)",Section 3,"SECTION 3. SPEED LIMIT HARMONIZATION. — Pursuant to the urban mobility and traffic management authority of the City Government of Davao under the Local Government Code, in accordance with Section 35 of Republic Act No. 4136, maximum vehicular speeds along national highways within city territorial limits shall not exceed eighty (80) kilometers per hour for passenger automobiles. The City Transport and Traffic Management Office (CTTMO) shall deploy traffic enforcers and install appropriate directional signages to ensure full operational compliance.","City Ordinance No. 0812-23, Series of 2023 (The Comprehensive Davao City Arterial Road Speed Limits and Traffic Safety Code)",Actual Davao City Landmark Ordinance Adaptation,Davao City Speed Limit Ordinance for Urban and Arterial Streets,Entailment,Exact statutory adoption executing national speed limits prescribed by RA 4136.,Panel_C,"SP-ANN-07, SP-ANN-08, SP-ANN-09"
GT-151,Block_3,3,Public Utilities & Telecom Franchises,Tier 1: Surface & Quantitative,Republic Act No. 7925 (Public Telecommunications Policy Act of 1995),Section 4,"Section 4. Declaration of National Policy. — Telecommunications is essential to the economic development, integrity and security of the Philippines, and as such shall be developed and administered as to safeguard, enrich and strengthen the economic, cultural, social and political fabric of the Philippines. A fundamental objective of government is to develop and maintain a viable, efficient, reliable and universally accessible telecommunications infrastructure. The expansion of telecommunications services shall be undertaken primarily by the private sector, and the entry and operation of telecommunications public utilities shall be regulated and supervised by the National Telecommunications Commission (NTC) as an independent administrative body pursuant to national policy.","City Ordinance No. 0614-20, Series of 2020 (The Davao City Telecommunications Infrastructure and Digital Right-of-Way Coordination Code)",Section 3,"SECTION 3. LOCAL BUILDING PERMIT HARMONIZATION. — In the exercise of municipal powers to regulate the use of public thoroughfares and utility corridors across Davao City, in recognition of Section 4 of Republic Act No. 7925, telecommunications public utilities possessing valid national franchises from Congress shall secure standard structural building permits from the City Building Official prior to erecting cellular towers. The City Engineers Office, in coordination with the Energy Regulatory Commission regional desk, shall conduct periodic technical inspections of utility installations.","City Ordinance No. 0614-20, Series of 2020 (The Davao City Telecommunications Infrastructure and Digital Right-of-Way Coordination Code)",Actual Davao City Landmark Ordinance Adaptation,Davao City Cellular Tower Permitting Guidelines Ordinance,Entailment,Compliant local zoning and structural safety permitting respecting national statutory telecom franchises.,Panel_C,"SP-ANN-07, SP-ANN-08, SP-ANN-09"
GT-152,Block_3,3,Public Utilities & Telecom Franchises,Tier 1: Surface & Quantitative,Republic Act No. 9136 (Electric Power Industry Reform Act of 2001),Section 43(u),"Section 43(u). Functions of the Energy Regulatory Commission (ERC). — The ERC shall have the original and exclusive jurisdiction over all cases contesting rates, fees, fines and penalties imposed in the exercise of its powers, functions and responsibilities, and over all cases involving disputes between and among participants or players in the energy sector. All actions shall be within the exclusive jurisdiction of the Commission, and local government units shall not modify, alter, or superimpose additional local retail tariff rates upon distribution utilities licensed by the Commission.","City Ordinance No. 0388-19, Series of 2019 (The Davao City Electric Distribution Infrastructure and Power Safety Coordination Code)",Section 3,"SECTION 3. RECOGNITION OF NATIONAL ERC JURISDICTION. — Pursuant to the urban mobility and traffic management authority of the City Government of Davao under the Local Government Code, recognizing the exclusive jurisdiction of the Energy Regulatory Commission under Section 43 of Republic Act No. 9136, local electric distribution utilities shall maintain public electric distribution networks along municipal road rights-of-way in accordance with safety standards. The City Transport and Traffic Management Office (CTTMO) shall deploy traffic enforcers and install appropriate directional signages to ensure full operational compliance.","City Ordinance No. 0388-19, Series of 2019 (The Davao City Electric Distribution Infrastructure and Power Safety Coordination Code)",Actual Davao City Landmark Ordinance Adaptation,Davao City Electric Utility Franchise Right-of-Way Ordinance,Entailment,Compliant local police power regulation over municipal rights-of-way explicitly recognizing exclusive national ERC jurisdiction.,Panel_C,"SP-ANN-07, SP-ANN-08, SP-ANN-09"
GT-153,Block_3,3,Public Utilities & Telecom Franchises,Tier 1: Surface & Quantitative,Republic Act No. 4136 (Land Transportation and Traffic Code),Section 35,"Section 35. Restriction as to speed. — (a) Any person driving a motor vehicle on a highway shall drive the same at a careful and prudent speed, not greater nor less than is reasonable and proper. (b) Subject to the provisions of the preceding paragraph, the rate of speed of any motor vehicle shall not exceed the following: on open country roads with no blind corners, eighty (80) km. per hour for passenger cars and motorcycles, and fifty (50) km. per hour for motor trucks and buses; on through streets or boulevards, forty (40) km. per hour; on city and municipal streets with light traffic, thirty (30) km. per hour; and through crowded streets, twenty (20) km. per hour. (c) The rates of speed herein prescribed shall not apply to emergency medical vehicles, fire department vehicles, or law enforcement officers pursuing traffic violators.","City Ordinance No. 0812-23, Series of 2023 (The Comprehensive Davao City Arterial Road Speed Limits and Traffic Safety Code)",Section 3,"SECTION 3. SPEED LIMIT HARMONIZATION. — Pursuant to the urban mobility and traffic management authority of the City Government of Davao under the Local Government Code, in accordance with Section 35 of Republic Act No. 4136, maximum vehicular speeds along national highways within city territorial limits shall not exceed eighty (80) kilometers per hour for passenger automobiles. The City Transport and Traffic Management Office (CTTMO) shall deploy traffic enforcers and install appropriate directional signages to ensure full operational compliance.","City Ordinance No. 0812-23, Series of 2023 (The Comprehensive Davao City Arterial Road Speed Limits and Traffic Safety Code)",Actual Davao City Landmark Ordinance Adaptation,Davao City Speed Limit Ordinance for Urban and Arterial Streets [District 1 (Poblacion/Talomo) - Coastal Maritime Zone],Entailment,Exact statutory adoption executing national speed limits prescribed by RA 4136.,Panel_C,"SP-ANN-07, SP-ANN-08, SP-ANN-09"
GT-154,Block_3,3,Public Utilities & Telecom Franchises,Tier 1: Surface & Quantitative,Republic Act No. 7925 (Public Telecommunications Policy Act of 1995),Section 4,"Section 4. Declaration of National Policy. — Telecommunications is essential to the economic development, integrity and security of the Philippines, and as such shall be developed and administered as to safeguard, enrich and strengthen the economic, cultural, social and political fabric of the Philippines. A fundamental objective of government is to develop and maintain a viable, efficient, reliable and universally accessible telecommunications infrastructure. The expansion of telecommunications services shall be undertaken primarily by the private sector, and the entry and operation of telecommunications public utilities shall be regulated and supervised by the National Telecommunications Commission (NTC) as an independent administrative body pursuant to national policy.","City Ordinance No. 0614-20, Series of 2020 (The Davao City Telecommunications Infrastructure and Digital Right-of-Way Coordination Code)",Section 3,"SECTION 3. LOCAL BUILDING PERMIT HARMONIZATION. — In the exercise of municipal powers to regulate the use of public thoroughfares and utility corridors across Davao City, in recognition of Section 4 of Republic Act No. 7925, telecommunications public utilities possessing valid national franchises from Congress shall secure standard structural building permits from the City Building Official prior to erecting cellular towers. The City Engineers Office, in coordination with the Energy Regulatory Commission regional desk, shall conduct periodic technical inspections of utility installations.","City Ordinance No. 0614-20, Series of 2020 (The Davao City Telecommunications Infrastructure and Digital Right-of-Way Coordination Code)",Actual Davao City Landmark Ordinance Adaptation,Davao City Cellular Tower Permitting Guidelines Ordinance [District 2 (Buhangin/Bunawan) - Urban Commercial Corridor],Entailment,Compliant local zoning and structural safety permitting respecting national statutory telecom franchises.,Panel_C,"SP-ANN-07, SP-ANN-08, SP-ANN-09"
GT-155,Block_3,3,Public Utilities & Telecom Franchises,Tier 1: Surface & Quantitative,Republic Act No. 4136 (Land Transportation and Traffic Code),Section 35,"Section 35. Restriction as to speed. — (a) Any person driving a motor vehicle on a highway shall drive the same at a careful and prudent speed, not greater nor less than is reasonable and proper. (b) Subject to the provisions of the preceding paragraph, the rate of speed of any motor vehicle shall not exceed the following: on open country roads with no blind corners, eighty (80) km. per hour for passenger cars and motorcycles, and fifty (50) km. per hour for motor trucks and buses; on through streets or boulevards, forty (40) km. per hour; on city and municipal streets with light traffic, thirty (30) km. per hour; and through crowded streets, twenty (20) km. per hour. (c) The rates of speed herein prescribed shall not apply to emergency medical vehicles, fire department vehicles, or law enforcement officers pursuing traffic violators.","City Ordinance No. 0362-19, Series of 2019 (The Davao City Highway Center Island Landscaping and Horticultural Maintenance Standard)",Section 4,"SECTION 4. STREET SIGN ELEVATION. — Pursuant to the urban mobility and traffic management authority of the City Government of Davao under the Local Government Code, overhead municipal street name signboards installed above secondary intersections shall be positioned at a vertical clearance of not less than five (5) meters above road asphalt. The City Transport and Traffic Management Office (CTTMO) shall deploy traffic enforcers and install appropriate directional signages to ensure full operational compliance.","City Ordinance No. 0362-19, Series of 2019 (The Davao City Highway Center Island Landscaping and Horticultural Maintenance Standard)",Actual Davao City Ordinance Adaptation,Davao City Public Street Name Signage Dimension Standard,Neutral,Regulates physical road signage elevations; neutral regarding statutory vehicular speed limits.,Panel_C,"SP-ANN-07, SP-ANN-08, SP-ANN-09"
GT-156,Block_3,3,Public Utilities & Telecom Franchises,Tier 1: Surface & Quantitative,Republic Act No. 7925 (Public Telecommunications Policy Act of 1995),Section 4,"Section 4. Declaration of National Policy. — Telecommunications is essential to the economic development, integrity and security of the Philippines, and as such shall be developed and administered as to safeguard, enrich and strengthen the economic, cultural, social and political fabric of the Philippines. A fundamental objective of government is to develop and maintain a viable, efficient, reliable and universally accessible telecommunications infrastructure. The expansion of telecommunications services shall be undertaken primarily by the private sector, and the entry and operation of telecommunications public utilities shall be regulated and supervised by the National Telecommunications Commission (NTC) as an independent administrative body pursuant to national policy.","City Ordinance No. 0271-18, Series of 2018 (The Davao City Municipal Sound Amplification and Acoustic Speaker Placement Standard)",Section 4,"SECTION 4. BATTERY RECYCLING PROCEDURES. — Pursuant to the urban mobility and traffic management authority of the City Government of Davao under the Local Government Code, expired lithium-ion rechargeable battery packs utilized in municipal handheld radio transceivers shall be turned over to the City General Services Office every two (2) years for hazardous waste recycling. The City Transport and Traffic Management Office (CTTMO) shall deploy traffic enforcers and install appropriate directional signages to ensure full operational compliance.","City Ordinance No. 0271-18, Series of 2018 (The Davao City Municipal Sound Amplification and Acoustic Speaker Placement Standard)",Actual Davao City Ordinance Adaptation,Davao City Municipal Radio Transceiver Battery Disposal Protocol,Neutral,Regulates municipal inventory battery disposal; neutral regarding national telecom franchise policies.,Panel_C,"SP-ANN-07, SP-ANN-08, SP-ANN-09"
GT-157,Block_3,3,Public Utilities & Telecom Franchises,Tier 1: Surface & Quantitative,Republic Act No. 9136 (Electric Power Industry Reform Act of 2001),Section 43(u),"Section 43(u). Functions of the Energy Regulatory Commission (ERC). — The ERC shall have the original and exclusive jurisdiction over all cases contesting rates, fees, fines and penalties imposed in the exercise of its powers, functions and responsibilities, and over all cases involving disputes between and among participants or players in the energy sector. All actions shall be within the exclusive jurisdiction of the Commission, and local government units shall not modify, alter, or superimpose additional local retail tariff rates upon distribution utilities licensed by the Commission.","City Ordinance No. 0195-17, Series of 2017 (The Davao City Municipal Motor Pool Workshop Electrical Panel Wiring Standard)",Section 4,"SECTION 4. REFLECTIVE TAPE SPECIFICATIONS. — Pursuant to the urban mobility and traffic management authority of the City Government of Davao under the Local Government Code, high-visibility safety vests issued to municipal roadway street sweepers shall feature reflective retro-prismatic bands measuring not less than five (5) centimeters in width. The City Transport and Traffic Management Office (CTTMO) shall deploy traffic enforcers and install appropriate directional signages to ensure full operational compliance.","City Ordinance No. 0195-17, Series of 2017 (The Davao City Municipal Motor Pool Workshop Electrical Panel Wiring Standard)",Actual Davao City Ordinance Adaptation,Davao City Street Sweeper Safety Vest Reflective Strip Standard,Neutral,Regulates municipal street cleaner protective apparel; neutral regarding national electric regulatory jurisdiction.,Panel_C,"SP-ANN-07, SP-ANN-08, SP-ANN-09"
GT-158,Block_3,3,Public Utilities & Telecom Franchises,Tier 1: Surface & Quantitative,Republic Act No. 4136 (Land Transportation and Traffic Code),Section 35,"Section 35. Restriction as to speed. — (a) Any person driving a motor vehicle on a highway shall drive the same at a careful and prudent speed, not greater nor less than is reasonable and proper. (b) Subject to the provisions of the preceding paragraph, the rate of speed of any motor vehicle shall not exceed the following: on open country roads with no blind corners, eighty (80) km. per hour for passenger cars and motorcycles, and fifty (50) km. per hour for motor trucks and buses; on through streets or boulevards, forty (40) km. per hour; on city and municipal streets with light traffic, thirty (30) km. per hour; and through crowded streets, twenty (20) km. per hour. (c) The rates of speed herein prescribed shall not apply to emergency medical vehicles, fire department vehicles, or law enforcement officers pursuing traffic violators.","City Ordinance No. 0362-19, Series of 2019 (The Davao City Highway Center Island Landscaping and Horticultural Maintenance Standard)",Section 4,"SECTION 4. STREET SIGN ELEVATION. — Pursuant to the urban mobility and traffic management authority of the City Government of Davao under the Local Government Code, overhead municipal street name signboards installed above secondary intersections shall be positioned at a vertical clearance of not less than five (5) meters above road asphalt. The City Transport and Traffic Management Office (CTTMO) shall deploy traffic enforcers and install appropriate directional signages to ensure full operational compliance.","City Ordinance No. 0362-19, Series of 2019 (The Davao City Highway Center Island Landscaping and Horticultural Maintenance Standard)",Actual Davao City Ordinance Adaptation,Davao City Public Street Name Signage Dimension Standard [District 1 (Poblacion/Talomo) - Coastal Maritime Zone],Neutral,Regulates physical road signage elevations; neutral regarding statutory vehicular speed limits.,Panel_C,"SP-ANN-07, SP-ANN-08, SP-ANN-09"
GT-159,Block_3,3,Public Utilities & Telecom Franchises,Tier 2: Preemption & Carve-Outs,Republic Act No. 4136 (Land Transportation and Traffic Code),Section 35,"Section 35. Restriction as to speed. — (a) Any person driving a motor vehicle on a highway shall drive the same at a careful and prudent speed, not greater nor less than is reasonable and proper. (b) Subject to the provisions of the preceding paragraph, the rate of speed of any motor vehicle shall not exceed the following: on open country roads with no blind corners, eighty (80) km. per hour for passenger cars and motorcycles, and fifty (50) km. per hour for motor trucks and buses; on through streets or boulevards, forty (40) km. per hour; on city and municipal streets with light traffic, thirty (30) km. per hour; and through crowded streets, twenty (20) km. per hour. (c) The rates of speed herein prescribed shall not apply to emergency medical vehicles, fire department vehicles, or law enforcement officers pursuing traffic violators.","Proposed City Ordinance No. 2024-055, Series of 2024 (The Davao City Suburban Expressway Dynamic Corridor Flow and Transit Pace Regulation Measure)",Section 7,"SECTION 7. FREIGHT SPEED DEREGULATION. — Pursuant to the urban mobility and traffic management authority of the City Government of Davao under the Local Government Code, heavy freight trucks carrying export fruits along the Davao-Bukidnon National Highway are exempted from national speed limit restrictions, permitting vehicular operating speeds up to ninety (90) kilometers per hour. The City Transport and Traffic Management Office (CTTMO) shall deploy traffic enforcers and install appropriate directional signages to ensure full operational compliance.","Proposed City Ordinance No. 2024-055, Series of 2024 (The Davao City Suburban Expressway Dynamic Corridor Flow and Transit Pace Regulation Measure)",Synthetically Proposed Municipal Draft Clause,Draft Ordinance Altering National Highway Heavy Freight Speed Boundaries,Contradiction,"Direct violation of statutory truck speed ceilings under Section 35(b) of RA 4136, which limits heavy trucks to 50 km/h on national highways.",Panel_C,"SP-ANN-07, SP-ANN-08, SP-ANN-09"
GT-160,Block_3,3,Public Utilities & Telecom Franchises,Tier 2: Preemption & Carve-Outs,Republic Act No. 7925 (Public Telecommunications Policy Act of 1995),Section 4,"Section 4. Declaration of National Policy. — Telecommunications is essential to the economic development, integrity and security of the Philippines, and as such shall be developed and administered as to safeguard, enrich and strengthen the economic, cultural, social and political fabric of the Philippines. A fundamental objective of government is to develop and maintain a viable, efficient, reliable and universally accessible telecommunications infrastructure. The expansion of telecommunications services shall be undertaken primarily by the private sector, and the entry and operation of telecommunications public utilities shall be regulated and supervised by the National Telecommunications Commission (NTC) as an independent administrative body pursuant to national policy.","Proposed City Ordinance No. 2024-131, Series of 2024 (The Davao City Local Digital Resiliency and Municipal Internet Traffic Management Measure)",Section 6,"SECTION 6. LOCAL INTERCONNECTION ROUTING RESTRICTIONS. — To protect commuter safety, reduce vehicular congestion, and ensure equitable access to essential infrastructure networks, telecommunications carriers operating within Davao City are prohibited from routing voice or data transmission across competing cellular networks within city limits without prior municipal council authorization. Transport operators and utility service providers failing to observe these municipal regulations shall face immediate citation and administrative impoundment.","Proposed City Ordinance No. 2024-131, Series of 2024 (The Davao City Local Digital Resiliency and Municipal Internet Traffic Management Measure)",Synthetically Proposed Municipal Draft Clause,Draft Ordinance Restricting Cross-Carrier Interconnection Facilities,Contradiction,"Breach of national interconnection policy. RA 7925 guarantees mandatory, non-exclusive interconnection between telecommunications networks nationwide under NTC supervision.",Panel_C,"SP-ANN-07, SP-ANN-08, SP-ANN-09"
GT-161,Block_3,3,Public Utilities & Telecom Franchises,Tier 2: Preemption & Carve-Outs,Republic Act No. 9136 (Electric Power Industry Reform Act of 2001),Section 43(u),"Section 43(u). Functions of the Energy Regulatory Commission (ERC). — The ERC shall have the original and exclusive jurisdiction over all cases contesting rates, fees, fines and penalties imposed in the exercise of its powers, functions and responsibilities, and over all cases involving disputes between and among participants or players in the energy sector. All actions shall be within the exclusive jurisdiction of the Commission, and local government units shall not modify, alter, or superimpose additional local retail tariff rates upon distribution utilities licensed by the Commission.","Proposed City Ordinance No. 2024-098, Series of 2024 (The Davao City Distribution Network Reliability and Grid Improvement Assessment Measure)",Section 6,"SECTION 6. MUNICIPAL ADJUDICATION OF POWER DISPUTES. — In the exercise of municipal powers to regulate the use of public thoroughfares and utility corridors across Davao City, the City Legal Officer is authorized to adjudicate billing disputes, overcharging complaints, and rate contested cases between residential consumers and power distribution utilities within Davao City. The City Engineers Office, in coordination with the Energy Regulatory Commission regional desk, shall conduct periodic technical inspections of utility installations.","Proposed City Ordinance No. 2024-098, Series of 2024 (The Davao City Distribution Network Reliability and Grid Improvement Assessment Measure)",Synthetically Proposed Municipal Draft Clause,Draft Ordinance Authorizing Municipal Adjudication of Electric Utility Disputes,Contradiction,Breach of exclusive national jurisdiction. Section 43(u) of EPIRA grants the ERC exclusive jurisdiction over all cases contesting rates and disputes between electric industry participants and end-users.,Panel_C,"SP-ANN-07, SP-ANN-08, SP-ANN-09"
GT-162,Block_3,3,Public Utilities & Telecom Franchises,Tier 2: Preemption & Carve-Outs,Republic Act No. 4136 (Land Transportation and Traffic Code),Section 35,"Section 35. Restriction as to speed. — (a) Any person driving a motor vehicle on a highway shall drive the same at a careful and prudent speed, not greater nor less than is reasonable and proper. (b) Subject to the provisions of the preceding paragraph, the rate of speed of any motor vehicle shall not exceed the following: on open country roads with no blind corners, eighty (80) km. per hour for passenger cars and motorcycles, and fifty (50) km. per hour for motor trucks and buses; on through streets or boulevards, forty (40) km. per hour; on city and municipal streets with light traffic, thirty (30) km. per hour; and through crowded streets, twenty (20) km. per hour. (c) The rates of speed herein prescribed shall not apply to emergency medical vehicles, fire department vehicles, or law enforcement officers pursuing traffic violators.","Proposed City Ordinance No. 2024-055, Series of 2024 (The Davao City Suburban Expressway Dynamic Corridor Flow and Transit Pace Regulation Measure)",Section 7,"SECTION 7. FREIGHT SPEED DEREGULATION. — Pursuant to the urban mobility and traffic management authority of the City Government of Davao under the Local Government Code, heavy freight trucks carrying export fruits along the Davao-Bukidnon National Highway are exempted from national speed limit restrictions, permitting vehicular operating speeds up to ninety (90) kilometers per hour. The City Transport and Traffic Management Office (CTTMO) shall deploy traffic enforcers and install appropriate directional signages to ensure full operational compliance.","Proposed City Ordinance No. 2024-055, Series of 2024 (The Davao City Suburban Expressway Dynamic Corridor Flow and Transit Pace Regulation Measure)",Synthetically Proposed Municipal Draft Clause,Draft Ordinance Altering National Highway Heavy Freight Speed Boundaries [District 1 (Poblacion/Talomo) - Coastal Maritime Zone],Contradiction,"Direct violation of statutory truck speed ceilings under Section 35(b) of RA 4136, which limits heavy trucks to 50 km/h on national highways.",Panel_C,"SP-ANN-07, SP-ANN-08, SP-ANN-09"
GT-163,Block_3,3,Public Utilities & Telecom Franchises,Tier 2: Preemption & Carve-Outs,Republic Act No. 7925 (Public Telecommunications Policy Act of 1995),Section 4,"Section 4. Declaration of National Policy. — Telecommunications is essential to the economic development, integrity and security of the Philippines, and as such shall be developed and administered as to safeguard, enrich and strengthen the economic, cultural, social and political fabric of the Philippines. A fundamental objective of government is to develop and maintain a viable, efficient, reliable and universally accessible telecommunications infrastructure. The expansion of telecommunications services shall be undertaken primarily by the private sector, and the entry and operation of telecommunications public utilities shall be regulated and supervised by the National Telecommunications Commission (NTC) as an independent administrative body pursuant to national policy.","Proposed City Ordinance No. 2024-131, Series of 2024 (The Davao City Local Digital Resiliency and Municipal Internet Traffic Management Measure)",Section 6,"SECTION 6. LOCAL INTERCONNECTION ROUTING RESTRICTIONS. — To protect commuter safety, reduce vehicular congestion, and ensure equitable access to essential infrastructure networks, telecommunications carriers operating within Davao City are prohibited from routing voice or data transmission across competing cellular networks within city limits without prior municipal council authorization. Transport operators and utility service providers failing to observe these municipal regulations shall face immediate citation and administrative impoundment.","Proposed City Ordinance No. 2024-131, Series of 2024 (The Davao City Local Digital Resiliency and Municipal Internet Traffic Management Measure)",Synthetically Proposed Municipal Draft Clause,Draft Ordinance Restricting Cross-Carrier Interconnection Facilities [District 2 (Buhangin/Bunawan) - Urban Commercial Corridor],Contradiction,"Breach of national interconnection policy. RA 7925 guarantees mandatory, non-exclusive interconnection between telecommunications networks nationwide under NTC supervision.",Panel_C,"SP-ANN-07, SP-ANN-08, SP-ANN-09"
GT-164,Block_3,3,Public Utilities & Telecom Franchises,Tier 2: Preemption & Carve-Outs,Republic Act No. 9136 (Electric Power Industry Reform Act of 2001),Section 43(u),"Section 43(u). Functions of the Energy Regulatory Commission (ERC). — The ERC shall have the original and exclusive jurisdiction over all cases contesting rates, fees, fines and penalties imposed in the exercise of its powers, functions and responsibilities, and over all cases involving disputes between and among participants or players in the energy sector. All actions shall be within the exclusive jurisdiction of the Commission, and local government units shall not modify, alter, or superimpose additional local retail tariff rates upon distribution utilities licensed by the Commission.","Proposed City Ordinance No. 2024-098, Series of 2024 (The Davao City Distribution Network Reliability and Grid Improvement Assessment Measure)",Section 6,"SECTION 6. MUNICIPAL ADJUDICATION OF POWER DISPUTES. — In the exercise of municipal powers to regulate the use of public thoroughfares and utility corridors across Davao City, the City Legal Officer is authorized to adjudicate billing disputes, overcharging complaints, and rate contested cases between residential consumers and power distribution utilities within Davao City. The City Engineers Office, in coordination with the Energy Regulatory Commission regional desk, shall conduct periodic technical inspections of utility installations.","Proposed City Ordinance No. 2024-098, Series of 2024 (The Davao City Distribution Network Reliability and Grid Improvement Assessment Measure)",Synthetically Proposed Municipal Draft Clause,Draft Ordinance Authorizing Municipal Adjudication of Electric Utility Disputes [District 3 (Toril/Calinan/Marilog) - Suburban Residential Zone],Contradiction,Breach of exclusive national jurisdiction. Section 43(u) of EPIRA grants the ERC exclusive jurisdiction over all cases contesting rates and disputes between electric industry participants and end-users.,Panel_C,"SP-ANN-07, SP-ANN-08, SP-ANN-09"
GT-165,Block_3,3,Public Utilities & Telecom Franchises,Tier 2: Preemption & Carve-Outs,Republic Act No. 4136 (Land Transportation and Traffic Code),Section 35,"Section 35. Restriction as to speed. — (a) Any person driving a motor vehicle on a highway shall drive the same at a careful and prudent speed, not greater nor less than is reasonable and proper. (b) Subject to the provisions of the preceding paragraph, the rate of speed of any motor vehicle shall not exceed the following: on open country roads with no blind corners, eighty (80) km. per hour for passenger cars and motorcycles, and fifty (50) km. per hour for motor trucks and buses; on through streets or boulevards, forty (40) km. per hour; on city and municipal streets with light traffic, thirty (30) km. per hour; and through crowded streets, twenty (20) km. per hour. (c) The rates of speed herein prescribed shall not apply to emergency medical vehicles, fire department vehicles, or law enforcement officers pursuing traffic violators.","City Ordinance No. 0812-23, Series of 2023 (The Comprehensive Davao City Arterial Road Speed Limits and Traffic Safety Code)",Section 5,"SECTION 5. CTTMO SPEED ENFORCEMENT PROTOCOL. — In the exercise of municipal powers to regulate the use of public thoroughfares and utility corridors across Davao City, the City Transport and Traffic Management Office (CTTMO) shall calibrate electronic radar speed guns to enforce statutory speed restrictions across crowded city streets and highway corridors. The City Engineers Office, in coordination with the Energy Regulatory Commission regional desk, shall conduct periodic technical inspections of utility installations.","City Ordinance No. 0812-23, Series of 2023 (The Comprehensive Davao City Arterial Road Speed Limits and Traffic Safety Code)",Actual Davao City Local Issuance Adaptation,Davao City Urban Traffic Zone Speed Calibration Protocol,Entailment,Compliant local enforcement protocol executing statutory speed restrictions under national law.,Panel_C,"SP-ANN-07, SP-ANN-08, SP-ANN-09"
GT-166,Block_3,3,Public Utilities & Telecom Franchises,Tier 2: Preemption & Carve-Outs,Republic Act No. 7925 (Public Telecommunications Policy Act of 1995),Section 4,"Section 4. Declaration of National Policy. — Telecommunications is essential to the economic development, integrity and security of the Philippines, and as such shall be developed and administered as to safeguard, enrich and strengthen the economic, cultural, social and political fabric of the Philippines. A fundamental objective of government is to develop and maintain a viable, efficient, reliable and universally accessible telecommunications infrastructure. The expansion of telecommunications services shall be undertaken primarily by the private sector, and the entry and operation of telecommunications public utilities shall be regulated and supervised by the National Telecommunications Commission (NTC) as an independent administrative body pursuant to national policy.","City Ordinance No. 0614-20, Series of 2020 (The Davao City Telecommunications Infrastructure and Digital Right-of-Way Coordination Code)",Section 5,"SECTION 5. UNDERGROUND UTILITY CONDUIT COORDINATION. — To protect commuter safety, reduce vehicular congestion, and ensure equitable access to essential infrastructure networks, telecommunications public utilities operating under valid NTC certificates shall coordinate with the City Engineer when excavating underground conduit corridors along public streets. Transport operators and utility service providers failing to observe these municipal regulations shall face immediate citation and administrative impoundment.","City Ordinance No. 0614-20, Series of 2020 (The Davao City Telecommunications Infrastructure and Digital Right-of-Way Coordination Code)",Actual Davao City Landmark Ordinance Adaptation,Davao City Underground Cable Utility Corridor Guidelines,Entailment,Valid exercise of local police power governing street excavations while honoring national telecom franchises.,Panel_C,"SP-ANN-07, SP-ANN-08, SP-ANN-09"
GT-167,Block_3,3,Public Utilities & Telecom Franchises,Tier 2: Preemption & Carve-Outs,Republic Act No. 9136 (Electric Power Industry Reform Act of 2001),Section 43(u),"Section 43(u). Functions of the Energy Regulatory Commission (ERC). — The ERC shall have the original and exclusive jurisdiction over all cases contesting rates, fees, fines and penalties imposed in the exercise of its powers, functions and responsibilities, and over all cases involving disputes between and among participants or players in the energy sector. All actions shall be within the exclusive jurisdiction of the Commission, and local government units shall not modify, alter, or superimpose additional local retail tariff rates upon distribution utilities licensed by the Commission.","City Ordinance No. 0388-19, Series of 2019 (The Davao City Electric Distribution Infrastructure and Power Safety Coordination Code)",Section 5,"SECTION 5. UTILITY POLE RELOCATION PROCEDURES. — Pursuant to the urban mobility and traffic management authority of the City Government of Davao under the Local Government Code, electric distribution utilities shall coordinate with the City Engineer when relocating utility poles affected by municipal road widening projects, following ERC distribution guidelines. The City Transport and Traffic Management Office (CTTMO) shall deploy traffic enforcers and install appropriate directional signages to ensure full operational compliance.","City Ordinance No. 0388-19, Series of 2019 (The Davao City Electric Distribution Infrastructure and Power Safety Coordination Code)",Actual Davao City Local Issuance Adaptation,Davao City Electric Distribution Pole Relocation Protocol,Entailment,Valid exercise of municipal right-of-way management respecting national energy regulatory jurisdiction.,Panel_C,"SP-ANN-07, SP-ANN-08, SP-ANN-09"
GT-168,Block_3,3,Public Utilities & Telecom Franchises,Tier 2: Preemption & Carve-Outs,Republic Act No. 4136 (Land Transportation and Traffic Code),Section 35,"Section 35. Restriction as to speed. — (a) Any person driving a motor vehicle on a highway shall drive the same at a careful and prudent speed, not greater nor less than is reasonable and proper. (b) Subject to the provisions of the preceding paragraph, the rate of speed of any motor vehicle shall not exceed the following: on open country roads with no blind corners, eighty (80) km. per hour for passenger cars and motorcycles, and fifty (50) km. per hour for motor trucks and buses; on through streets or boulevards, forty (40) km. per hour; on city and municipal streets with light traffic, thirty (30) km. per hour; and through crowded streets, twenty (20) km. per hour. (c) The rates of speed herein prescribed shall not apply to emergency medical vehicles, fire department vehicles, or law enforcement officers pursuing traffic violators.","City Ordinance No. 0812-23, Series of 2023 (The Comprehensive Davao City Arterial Road Speed Limits and Traffic Safety Code)",Section 5,"SECTION 5. CTTMO SPEED ENFORCEMENT PROTOCOL. — In the exercise of municipal powers to regulate the use of public thoroughfares and utility corridors across Davao City, the City Transport and Traffic Management Office (CTTMO) shall calibrate electronic radar speed guns to enforce statutory speed restrictions across crowded city streets and highway corridors. The City Engineers Office, in coordination with the Energy Regulatory Commission regional desk, shall conduct periodic technical inspections of utility installations.","City Ordinance No. 0812-23, Series of 2023 (The Comprehensive Davao City Arterial Road Speed Limits and Traffic Safety Code)",Actual Davao City Local Issuance Adaptation,Davao City Urban Traffic Zone Speed Calibration Protocol [District 1 (Poblacion/Talomo) - Coastal Maritime Zone],Entailment,Compliant local enforcement protocol executing statutory speed restrictions under national law.,Panel_C,"SP-ANN-07, SP-ANN-08, SP-ANN-09"
GT-169,Block_3,3,Public Utilities & Telecom Franchises,Tier 2: Preemption & Carve-Outs,Republic Act No. 7925 (Public Telecommunications Policy Act of 1995),Section 4,"Section 4. Declaration of National Policy. — Telecommunications is essential to the economic development, integrity and security of the Philippines, and as such shall be developed and administered as to safeguard, enrich and strengthen the economic, cultural, social and political fabric of the Philippines. A fundamental objective of government is to develop and maintain a viable, efficient, reliable and universally accessible telecommunications infrastructure. The expansion of telecommunications services shall be undertaken primarily by the private sector, and the entry and operation of telecommunications public utilities shall be regulated and supervised by the National Telecommunications Commission (NTC) as an independent administrative body pursuant to national policy.","City Ordinance No. 0614-20, Series of 2020 (The Davao City Telecommunications Infrastructure and Digital Right-of-Way Coordination Code)",Section 5,"SECTION 5. UNDERGROUND UTILITY CONDUIT COORDINATION. — To protect commuter safety, reduce vehicular congestion, and ensure equitable access to essential infrastructure networks, telecommunications public utilities operating under valid NTC certificates shall coordinate with the City Engineer when excavating underground conduit corridors along public streets. Transport operators and utility service providers failing to observe these municipal regulations shall face immediate citation and administrative impoundment.","City Ordinance No. 0614-20, Series of 2020 (The Davao City Telecommunications Infrastructure and Digital Right-of-Way Coordination Code)",Actual Davao City Landmark Ordinance Adaptation,Davao City Underground Cable Utility Corridor Guidelines [District 2 (Buhangin/Bunawan) - Urban Commercial Corridor],Entailment,Valid exercise of local police power governing street excavations while honoring national telecom franchises.,Panel_C,"SP-ANN-07, SP-ANN-08, SP-ANN-09"
GT-170,Block_3,3,Public Utilities & Telecom Franchises,Tier 2: Preemption & Carve-Outs,Republic Act No. 9136 (Electric Power Industry Reform Act of 2001),Section 43(u),"Section 43(u). Functions of the Energy Regulatory Commission (ERC). — The ERC shall have the original and exclusive jurisdiction over all cases contesting rates, fees, fines and penalties imposed in the exercise of its powers, functions and responsibilities, and over all cases involving disputes between and among participants or players in the energy sector. All actions shall be within the exclusive jurisdiction of the Commission, and local government units shall not modify, alter, or superimpose additional local retail tariff rates upon distribution utilities licensed by the Commission.","City Ordinance No. 0388-19, Series of 2019 (The Davao City Electric Distribution Infrastructure and Power Safety Coordination Code)",Section 5,"SECTION 5. UTILITY POLE RELOCATION PROCEDURES. — Pursuant to the urban mobility and traffic management authority of the City Government of Davao under the Local Government Code, electric distribution utilities shall coordinate with the City Engineer when relocating utility poles affected by municipal road widening projects, following ERC distribution guidelines. The City Transport and Traffic Management Office (CTTMO) shall deploy traffic enforcers and install appropriate directional signages to ensure full operational compliance.","City Ordinance No. 0388-19, Series of 2019 (The Davao City Electric Distribution Infrastructure and Power Safety Coordination Code)",Actual Davao City Local Issuance Adaptation,Davao City Electric Distribution Pole Relocation Protocol [District 3 (Toril/Calinan/Marilog) - Suburban Residential Zone],Entailment,Valid exercise of municipal right-of-way management respecting national energy regulatory jurisdiction.,Panel_C,"SP-ANN-07, SP-ANN-08, SP-ANN-09"
GT-171,Block_3,3,Public Utilities & Telecom Franchises,Tier 2: Preemption & Carve-Outs,Republic Act No. 4136 (Land Transportation and Traffic Code),Section 35,"Section 35. Restriction as to speed. — (a) Any person driving a motor vehicle on a highway shall drive the same at a careful and prudent speed, not greater nor less than is reasonable and proper. (b) Subject to the provisions of the preceding paragraph, the rate of speed of any motor vehicle shall not exceed the following: on open country roads with no blind corners, eighty (80) km. per hour for passenger cars and motorcycles, and fifty (50) km. per hour for motor trucks and buses; on through streets or boulevards, forty (40) km. per hour; on city and municipal streets with light traffic, thirty (30) km. per hour; and through crowded streets, twenty (20) km. per hour. (c) The rates of speed herein prescribed shall not apply to emergency medical vehicles, fire department vehicles, or law enforcement officers pursuing traffic violators.","City Ordinance No. 0812-23, Series of 2023 (The Comprehensive Davao City Arterial Road Speed Limits and Traffic Safety Code)",Section 5,"SECTION 5. CTTMO SPEED ENFORCEMENT PROTOCOL. — In the exercise of municipal powers to regulate the use of public thoroughfares and utility corridors across Davao City, the City Transport and Traffic Management Office (CTTMO) shall calibrate electronic radar speed guns to enforce statutory speed restrictions across crowded city streets and highway corridors. The City Engineers Office, in coordination with the Energy Regulatory Commission regional desk, shall conduct periodic technical inspections of utility installations.","City Ordinance No. 0812-23, Series of 2023 (The Comprehensive Davao City Arterial Road Speed Limits and Traffic Safety Code)",Actual Davao City Local Issuance Adaptation,Davao City Urban Traffic Zone Speed Calibration Protocol [District 1 (Poblacion/Talomo) - Agricultural Buffer & Upland Watershed],Entailment,Compliant local enforcement protocol executing statutory speed restrictions under national law.,Panel_C,"SP-ANN-07, SP-ANN-08, SP-ANN-09"
GT-172,Block_3,3,Public Utilities & Telecom Franchises,Tier 2: Preemption & Carve-Outs,Republic Act No. 4136 (Land Transportation and Traffic Code),Section 35,"Section 35. Restriction as to speed. — (a) Any person driving a motor vehicle on a highway shall drive the same at a careful and prudent speed, not greater nor less than is reasonable and proper. (b) Subject to the provisions of the preceding paragraph, the rate of speed of any motor vehicle shall not exceed the following: on open country roads with no blind corners, eighty (80) km. per hour for passenger cars and motorcycles, and fifty (50) km. per hour for motor trucks and buses; on through streets or boulevards, forty (40) km. per hour; on city and municipal streets with light traffic, thirty (30) km. per hour; and through crowded streets, twenty (20) km. per hour. (c) The rates of speed herein prescribed shall not apply to emergency medical vehicles, fire department vehicles, or law enforcement officers pursuing traffic violators.","City Ordinance No. 0362-19, Series of 2019 (The Davao City Highway Center Island Landscaping and Horticultural Maintenance Standard)",Section 5,"SECTION 5. ASPHALT WEARING COURSE SPECIFICATIONS. — To protect commuter safety, reduce vehicular congestion, and ensure equitable access to essential infrastructure networks, hot asphalt pavement mixtures utilized for municipal road resurfacing projects shall incorporate crushed basalt aggregates to ensure surface skid resistance. Transport operators and utility service providers failing to observe these municipal regulations shall face immediate citation and administrative impoundment.","City Ordinance No. 0362-19, Series of 2019 (The Davao City Highway Center Island Landscaping and Horticultural Maintenance Standard)",Actual Davao City Local Issuance Adaptation,Davao City Asphalt Resurfacing Aggregate Mixture Specification,Neutral,Regulates civil highway engineering materials; neutral regarding statutory traffic speed codes.,Panel_C,"SP-ANN-07, SP-ANN-08, SP-ANN-09"
GT-173,Block_3,3,Public Utilities & Telecom Franchises,Tier 2: Preemption & Carve-Outs,Republic Act No. 7925 (Public Telecommunications Policy Act of 1995),Section 4,"Section 4. Declaration of National Policy. — Telecommunications is essential to the economic development, integrity and security of the Philippines, and as such shall be developed and administered as to safeguard, enrich and strengthen the economic, cultural, social and political fabric of the Philippines. A fundamental objective of government is to develop and maintain a viable, efficient, reliable and universally accessible telecommunications infrastructure. The expansion of telecommunications services shall be undertaken primarily by the private sector, and the entry and operation of telecommunications public utilities shall be regulated and supervised by the National Telecommunications Commission (NTC) as an independent administrative body pursuant to national policy.","City Ordinance No. 0271-18, Series of 2018 (The Davao City Municipal Sound Amplification and Acoustic Speaker Placement Standard)",Section 5,"SECTION 5. ANTENNA MAST COLOR SCHEME. — To protect commuter safety, reduce vehicular congestion, and ensure equitable access to essential infrastructure networks, emergency municipal broadcast antenna towers erected on public buildings shall feature alternating bands of aviation orange and white enamel paint. Transport operators and utility service providers failing to observe these municipal regulations shall face immediate citation and administrative impoundment.","City Ordinance No. 0271-18, Series of 2018 (The Davao City Municipal Sound Amplification and Acoustic Speaker Placement Standard)",Actual Davao City Local Issuance Adaptation,Davao City Emergency Transceiver Antenna Mast Painting Standard,Neutral,Regulates physical tower aviation color standards; neutral regarding national telecommunications policy.,Panel_C,"SP-ANN-07, SP-ANN-08, SP-ANN-09"
GT-174,Block_3,3,Public Utilities & Telecom Franchises,Tier 2: Preemption & Carve-Outs,Republic Act No. 9136 (Electric Power Industry Reform Act of 2001),Section 43(u),"Section 43(u). Functions of the Energy Regulatory Commission (ERC). — The ERC shall have the original and exclusive jurisdiction over all cases contesting rates, fees, fines and penalties imposed in the exercise of its powers, functions and responsibilities, and over all cases involving disputes between and among participants or players in the energy sector. All actions shall be within the exclusive jurisdiction of the Commission, and local government units shall not modify, alter, or superimpose additional local retail tariff rates upon distribution utilities licensed by the Commission.","City Ordinance No. 0195-17, Series of 2017 (The Davao City Municipal Motor Pool Workshop Electrical Panel Wiring Standard)",Section 3,"SECTION 3. WORKSHOP POWER TOOL INSPECTIONS. — To protect commuter safety, reduce vehicular congestion, and ensure equitable access to essential infrastructure networks, portable electric drills and saws utilized in the municipal carpentry workshop shall undergo bi-monthly insulation testing by certified city electricians. Transport operators and utility service providers failing to observe these municipal regulations shall face immediate citation and administrative impoundment.","City Ordinance No. 0195-17, Series of 2017 (The Davao City Municipal Motor Pool Workshop Electrical Panel Wiring Standard)",Actual Davao City Local Issuance Adaptation,Davao City Municipal Power Tool Preventive Maintenance Protocol,Neutral,Regulates workshop tool maintenance; neutral regarding statutory electric distribution tariffs.,Panel_C,"SP-ANN-07, SP-ANN-08, SP-ANN-09"
GT-175,Block_3,3,Public Utilities & Telecom Franchises,Tier 2: Preemption & Carve-Outs,Republic Act No. 4136 (Land Transportation and Traffic Code),Section 35,"Section 35. Restriction as to speed. — (a) Any person driving a motor vehicle on a highway shall drive the same at a careful and prudent speed, not greater nor less than is reasonable and proper. (b) Subject to the provisions of the preceding paragraph, the rate of speed of any motor vehicle shall not exceed the following: on open country roads with no blind corners, eighty (80) km. per hour for passenger cars and motorcycles, and fifty (50) km. per hour for motor trucks and buses; on through streets or boulevards, forty (40) km. per hour; on city and municipal streets with light traffic, thirty (30) km. per hour; and through crowded streets, twenty (20) km. per hour. (c) The rates of speed herein prescribed shall not apply to emergency medical vehicles, fire department vehicles, or law enforcement officers pursuing traffic violators.","City Ordinance No. 0362-19, Series of 2019 (The Davao City Highway Center Island Landscaping and Horticultural Maintenance Standard)",Section 5,"SECTION 5. ASPHALT WEARING COURSE SPECIFICATIONS. — To protect commuter safety, reduce vehicular congestion, and ensure equitable access to essential infrastructure networks, hot asphalt pavement mixtures utilized for municipal road resurfacing projects shall incorporate crushed basalt aggregates to ensure surface skid resistance. Transport operators and utility service providers failing to observe these municipal regulations shall face immediate citation and administrative impoundment.","City Ordinance No. 0362-19, Series of 2019 (The Davao City Highway Center Island Landscaping and Horticultural Maintenance Standard)",Actual Davao City Local Issuance Adaptation,Davao City Asphalt Resurfacing Aggregate Mixture Specification [District 1 (Poblacion/Talomo) - Coastal Maritime Zone],Neutral,Regulates civil highway engineering materials; neutral regarding statutory traffic speed codes.,Panel_C,"SP-ANN-07, SP-ANN-08, SP-ANN-09"
GT-176,Block_3,3,Public Utilities & Telecom Franchises,Tier 2: Preemption & Carve-Outs,Republic Act No. 7925 (Public Telecommunications Policy Act of 1995),Section 4,"Section 4. Declaration of National Policy. — Telecommunications is essential to the economic development, integrity and security of the Philippines, and as such shall be developed and administered as to safeguard, enrich and strengthen the economic, cultural, social and political fabric of the Philippines. A fundamental objective of government is to develop and maintain a viable, efficient, reliable and universally accessible telecommunications infrastructure. The expansion of telecommunications services shall be undertaken primarily by the private sector, and the entry and operation of telecommunications public utilities shall be regulated and supervised by the National Telecommunications Commission (NTC) as an independent administrative body pursuant to national policy.","City Ordinance No. 0271-18, Series of 2018 (The Davao City Municipal Sound Amplification and Acoustic Speaker Placement Standard)",Section 5,"SECTION 5. ANTENNA MAST COLOR SCHEME. — To protect commuter safety, reduce vehicular congestion, and ensure equitable access to essential infrastructure networks, emergency municipal broadcast antenna towers erected on public buildings shall feature alternating bands of aviation orange and white enamel paint. Transport operators and utility service providers failing to observe these municipal regulations shall face immediate citation and administrative impoundment.","City Ordinance No. 0271-18, Series of 2018 (The Davao City Municipal Sound Amplification and Acoustic Speaker Placement Standard)",Actual Davao City Local Issuance Adaptation,Davao City Emergency Transceiver Antenna Mast Painting Standard [District 2 (Buhangin/Bunawan) - Urban Commercial Corridor],Neutral,Regulates physical tower aviation color standards; neutral regarding national telecommunications policy.,Panel_C,"SP-ANN-07, SP-ANN-08, SP-ANN-09"
GT-177,Block_3,3,Public Utilities & Telecom Franchises,Tier 2: Preemption & Carve-Outs,Republic Act No. 9136 (Electric Power Industry Reform Act of 2001),Section 43(u),"Section 43(u). Functions of the Energy Regulatory Commission (ERC). — The ERC shall have the original and exclusive jurisdiction over all cases contesting rates, fees, fines and penalties imposed in the exercise of its powers, functions and responsibilities, and over all cases involving disputes between and among participants or players in the energy sector. All actions shall be within the exclusive jurisdiction of the Commission, and local government units shall not modify, alter, or superimpose additional local retail tariff rates upon distribution utilities licensed by the Commission.","City Ordinance No. 0195-17, Series of 2017 (The Davao City Municipal Motor Pool Workshop Electrical Panel Wiring Standard)",Section 3,"SECTION 3. WORKSHOP POWER TOOL INSPECTIONS. — To protect commuter safety, reduce vehicular congestion, and ensure equitable access to essential infrastructure networks, portable electric drills and saws utilized in the municipal carpentry workshop shall undergo bi-monthly insulation testing by certified city electricians. Transport operators and utility service providers failing to observe these municipal regulations shall face immediate citation and administrative impoundment.","City Ordinance No. 0195-17, Series of 2017 (The Davao City Municipal Motor Pool Workshop Electrical Panel Wiring Standard)",Actual Davao City Local Issuance Adaptation,Davao City Municipal Power Tool Preventive Maintenance Protocol [District 3 (Toril/Calinan/Marilog) - Suburban Residential Zone],Neutral,Regulates workshop tool maintenance; neutral regarding statutory electric distribution tariffs.,Panel_C,"SP-ANN-07, SP-ANN-08, SP-ANN-09"
GT-178,Block_3,3,Public Utilities & Telecom Franchises,Tier 3: Latent & Paraphrastic,Republic Act No. 4136 (Land Transportation and Traffic Code),Section 35,"Section 35. Restriction as to speed. — (a) Any person driving a motor vehicle on a highway shall drive the same at a careful and prudent speed, not greater nor less than is reasonable and proper. (b) Subject to the provisions of the preceding paragraph, the rate of speed of any motor vehicle shall not exceed the following: on open country roads with no blind corners, eighty (80) km. per hour for passenger cars and motorcycles, and fifty (50) km. per hour for motor trucks and buses; on through streets or boulevards, forty (40) km. per hour; on city and municipal streets with light traffic, thirty (30) km. per hour; and through crowded streets, twenty (20) km. per hour. (c) The rates of speed herein prescribed shall not apply to emergency medical vehicles, fire department vehicles, or law enforcement officers pursuing traffic violators.","Proposed City Ordinance No. 2024-055, Series of 2024 (The Davao City Suburban Expressway Dynamic Corridor Flow and Transit Pace Regulation Measure)",Section 9,"SECTION 9. DYNAMIC VELOCITY CORRIDOR HARMONIZATION. — To enhance public convenience, alleviate vehicular gridlock, and preserve the physical integrity of city road networks, and to maximize traffic throughput along suburban bypass routes, the City Transport and Traffic Management Office may establish progressive green-wave transit corridors, authorizing motor vehicles maintaining synchronized formation to proceed at prevailing corridor design velocity. Municipal transport marshals shall conduct continuous monitoring along designated corridors to guarantee that vehicular movements strictly observe these guidelines.","Proposed City Ordinance No. 2024-055, Series of 2024 (The Davao City Suburban Expressway Dynamic Corridor Flow and Transit Pace Regulation Measure)",Synthetically Proposed Municipal Draft Clause,Draft Davao City Suburban Transit Velocity Harmonization Measure,Contradiction,"Latent preemption of national traffic safety code (Substantive Preemption Doctrine). Authorizes vehicles to travel at 'corridor design velocity' exceeding statutory caps, violating Section 35 of RA 4136 which strictly limits LGU speed-setting authority to enacting lower, more restrictive limits for safety.",Panel_C,"SP-ANN-07, SP-ANN-08, SP-ANN-09"
GT-179,Block_3,3,Public Utilities & Telecom Franchises,Tier 3: Latent & Paraphrastic,Republic Act No. 7925 (Public Telecommunications Policy Act of 1995),Section 4,"Section 4. Declaration of National Policy. — Telecommunications is essential to the economic development, integrity and security of the Philippines, and as such shall be developed and administered as to safeguard, enrich and strengthen the economic, cultural, social and political fabric of the Philippines. A fundamental objective of government is to develop and maintain a viable, efficient, reliable and universally accessible telecommunications infrastructure. The expansion of telecommunications services shall be undertaken primarily by the private sector, and the entry and operation of telecommunications public utilities shall be regulated and supervised by the National Telecommunications Commission (NTC) as an independent administrative body pursuant to national policy.","Proposed City Ordinance No. 2024-131, Series of 2024 (The Davao City Local Digital Resiliency and Municipal Internet Traffic Management Measure)",Section 8,"SECTION 8. PRIORITY CIVIL DEFENSE TELECOMMUNICATIONS QUEUING. — Pursuant to the police power of the Sangguniang Panlungsod to optimize urban transit flow and protect public safety along municipal roadways, telecommunications carriers operating base transceiver stations within municipal jurisdiction must configure network routing protocols to allocate dedicated bandwidth channels for municipal civil defense communications during severe weather advisories, conditioning cellular mast operating renewals on annual compliance certification. The City Transport and Traffic Management Office, in coordination with local traffic enforcers, shall oversee field operations and issue administrative citation notices.","Proposed City Ordinance No. 2024-131, Series of 2024 (The Davao City Local Digital Resiliency and Municipal Internet Traffic Management Measure)",Synthetically Proposed Municipal Draft Clause,Draft Davao City Emergency Telecommunications Routing Measure,Contradiction,"Latent preemption of national telecom policy (Substantive Preemption Doctrine). Imposes local technical network queuing mandates on cellular carriers through local operating permits, encroaching upon the exclusive jurisdiction of the National Telecommunications Commission under RA 7925 and Batangas CATV.",Panel_C,"SP-ANN-07, SP-ANN-08, SP-ANN-09"
GT-180,Block_3,3,Public Utilities & Telecom Franchises,Tier 3: Latent & Paraphrastic,Republic Act No. 9136 (Electric Power Industry Reform Act of 2001),Section 43(u),"Section 43(u). Functions of the Energy Regulatory Commission (ERC). — The ERC shall have the original and exclusive jurisdiction over all cases contesting rates, fees, fines and penalties imposed in the exercise of its powers, functions and responsibilities, and over all cases involving disputes between and among participants or players in the energy sector. All actions shall be within the exclusive jurisdiction of the Commission, and local government units shall not modify, alter, or superimpose additional local retail tariff rates upon distribution utilities licensed by the Commission.","Proposed City Ordinance No. 2024-098, Series of 2024 (The Davao City Distribution Network Reliability and Grid Improvement Assessment Measure)",Section 8,"SECTION 8. MUNICIPAL GRID RESILIENCY INFRASTRUCTURE SURCHARGE. — Pursuant to the police power of the Sangguniang Panlungsod to optimize urban transit flow and protect public safety along municipal roadways, and to finance the conversion of overhead distribution cables into subterranean conduits, the City Council shall establish an auxiliary urban grid hardening fee to be unbundled on consumer electricity invoices, mandating the franchised distribution utility to collect the adjusted schedule. The City Transport and Traffic Management Office, in coordination with local traffic enforcers, shall oversee field operations and issue administrative citation notices.","Proposed City Ordinance No. 2024-098, Series of 2024 (The Davao City Distribution Network Reliability and Grid Improvement Assessment Measure)",Synthetically Proposed Municipal Draft Clause,Draft Davao City Urban Grid Hardening Infrastructure Assessment Measure,Contradiction,"Latent usurpation of national utility rate authority (Substantive Preemption Doctrine). Adds an unbundled municipal surcharge to retail electricity bills, violating Section 43 of RA 9136 (EPIRA) which vests exclusive jurisdiction over electricity tariffs and unbundled billing items in the Energy Regulatory Commission.",Panel_C,"SP-ANN-07, SP-ANN-08, SP-ANN-09"
GT-181,Block_3,3,Public Utilities & Telecom Franchises,Tier 3: Latent & Paraphrastic,Republic Act No. 4136 (Land Transportation and Traffic Code),Section 35,"Section 35. Restriction as to speed. — (a) Any person driving a motor vehicle on a highway shall drive the same at a careful and prudent speed, not greater nor less than is reasonable and proper. (b) Subject to the provisions of the preceding paragraph, the rate of speed of any motor vehicle shall not exceed the following: on open country roads with no blind corners, eighty (80) km. per hour for passenger cars and motorcycles, and fifty (50) km. per hour for motor trucks and buses; on through streets or boulevards, forty (40) km. per hour; on city and municipal streets with light traffic, thirty (30) km. per hour; and through crowded streets, twenty (20) km. per hour. (c) The rates of speed herein prescribed shall not apply to emergency medical vehicles, fire department vehicles, or law enforcement officers pursuing traffic violators.","Proposed City Ordinance No. 2024-055, Series of 2024 (The Davao City Suburban Expressway Dynamic Corridor Flow and Transit Pace Regulation Measure)",Section 9,"SECTION 9. DYNAMIC VELOCITY CORRIDOR HARMONIZATION. — To enhance public convenience, alleviate vehicular gridlock, and preserve the physical integrity of city road networks, and to maximize traffic throughput along suburban bypass routes, the City Transport and Traffic Management Office may establish progressive green-wave transit corridors, authorizing motor vehicles maintaining synchronized formation to proceed at prevailing corridor design velocity. Municipal transport marshals shall conduct continuous monitoring along designated corridors to guarantee that vehicular movements strictly observe these guidelines.","Proposed City Ordinance No. 2024-055, Series of 2024 (The Davao City Suburban Expressway Dynamic Corridor Flow and Transit Pace Regulation Measure)",Synthetically Proposed Municipal Draft Clause,Draft Davao City Suburban Transit Velocity Harmonization Measure [District 1 (Poblacion/Talomo) - Coastal Maritime Zone],Contradiction,"Latent preemption of national traffic safety code (Substantive Preemption Doctrine). Authorizes vehicles to travel at 'corridor design velocity' exceeding statutory caps, violating Section 35 of RA 4136 which strictly limits LGU speed-setting authority to enacting lower, more restrictive limits for safety.",Panel_C,"SP-ANN-07, SP-ANN-08, SP-ANN-09"
GT-182,Block_3,3,Public Utilities & Telecom Franchises,Tier 3: Latent & Paraphrastic,Republic Act No. 4136 (Land Transportation and Traffic Code),Section 35,"Section 35. Restriction as to speed. — (a) Any person driving a motor vehicle on a highway shall drive the same at a careful and prudent speed, not greater nor less than is reasonable and proper. (b) Subject to the provisions of the preceding paragraph, the rate of speed of any motor vehicle shall not exceed the following: on open country roads with no blind corners, eighty (80) km. per hour for passenger cars and motorcycles, and fifty (50) km. per hour for motor trucks and buses; on through streets or boulevards, forty (40) km. per hour; on city and municipal streets with light traffic, thirty (30) km. per hour; and through crowded streets, twenty (20) km. per hour. (c) The rates of speed herein prescribed shall not apply to emergency medical vehicles, fire department vehicles, or law enforcement officers pursuing traffic violators.","City Ordinance No. 0812-23, Series of 2023 (The Comprehensive Davao City Arterial Road Speed Limits and Traffic Safety Code)",Section 6,"SECTION 6. CORRIDOR SPEED CALIBRATION. — Pursuant to the police power of the Sangguniang Panlungsod to optimize urban transit flow and protect public safety along municipal roadways, the City Transport and Traffic Management Office shall position digital velocity detection monitors along major thoroughfares to deter dangerous rapid transit and enforce statutory vehicular speed ceilings. The City Transport and Traffic Management Office, in coordination with local traffic enforcers, shall oversee field operations and issue administrative citation notices.","City Ordinance No. 0812-23, Series of 2023 (The Comprehensive Davao City Arterial Road Speed Limits and Traffic Safety Code)",Actual Davao City Local Issuance Adaptation,Davao City Highway Vehicular Velocity Regulation Protocol,Entailment,Substantive conceptual compliance with highway speed regulation mandates.,Panel_C,"SP-ANN-07, SP-ANN-08, SP-ANN-09"
GT-183,Block_3,3,Public Utilities & Telecom Franchises,Tier 3: Latent & Paraphrastic,Republic Act No. 7925 (Public Telecommunications Policy Act of 1995),Section 4,"Section 4. Declaration of National Policy. — Telecommunications is essential to the economic development, integrity and security of the Philippines, and as such shall be developed and administered as to safeguard, enrich and strengthen the economic, cultural, social and political fabric of the Philippines. A fundamental objective of government is to develop and maintain a viable, efficient, reliable and universally accessible telecommunications infrastructure. The expansion of telecommunications services shall be undertaken primarily by the private sector, and the entry and operation of telecommunications public utilities shall be regulated and supervised by the National Telecommunications Commission (NTC) as an independent administrative body pursuant to national policy.","City Ordinance No. 0614-20, Series of 2020 (The Davao City Telecommunications Infrastructure and Digital Right-of-Way Coordination Code)",Section 7,"SECTION 7. EXPEDITED NETWORK INFRASTRUCTURE CLEARANCE. — Pursuant to the police power of the Sangguniang Panlungsod to optimize urban transit flow and protect public safety along municipal roadways, municipal zoning administrators shall expedite local building clearances for cellular transmission facilities to promote broadband connectivity for underserved rural communities in harmony with national telecommunications development goals. The City Transport and Traffic Management Office, in coordination with local traffic enforcers, shall oversee field operations and issue administrative citation notices.","City Ordinance No. 0614-20, Series of 2020 (The Davao City Telecommunications Infrastructure and Digital Right-of-Way Coordination Code)",Actual Davao City Local Issuance Adaptation,Davao City Telecommunications Infrastructure Facilitation Protocol,Entailment,Substantive conceptual alignment with national telecommunications policy objectives.,Panel_C,"SP-ANN-07, SP-ANN-08, SP-ANN-09"
GT-184,Block_3,3,Public Utilities & Telecom Franchises,Tier 3: Latent & Paraphrastic,Republic Act No. 9136 (Electric Power Industry Reform Act of 2001),Section 43(u),"Section 43(u). Functions of the Energy Regulatory Commission (ERC). — The ERC shall have the original and exclusive jurisdiction over all cases contesting rates, fees, fines and penalties imposed in the exercise of its powers, functions and responsibilities, and over all cases involving disputes between and among participants or players in the energy sector. All actions shall be within the exclusive jurisdiction of the Commission, and local government units shall not modify, alter, or superimpose additional local retail tariff rates upon distribution utilities licensed by the Commission.","City Ordinance No. 0388-19, Series of 2019 (The Davao City Electric Distribution Infrastructure and Power Safety Coordination Code)",Section 7,"SECTION 7. CLEARANCE OF POWER DISTRIBUTION CORRIDORS. — Pursuant to the police power of the Sangguniang Panlungsod to optimize urban transit flow and protect public safety along municipal roadways, municipal building inspectors shall coordinate with certified electric distribution utilities to ensure that private structures do not encroach upon high-voltage aerial distribution corridors. The City Transport and Traffic Management Office, in coordination with local traffic enforcers, shall oversee field operations and issue administrative citation notices.","City Ordinance No. 0388-19, Series of 2019 (The Davao City Electric Distribution Infrastructure and Power Safety Coordination Code)",Actual Davao City Local Issuance Adaptation,Davao City Electrical Grid Safety and Public Easement Protocol,Entailment,Substantive conceptual compliance with electrical infrastructure safety and right-of-way coordination.,Panel_C,"SP-ANN-07, SP-ANN-08, SP-ANN-09"
GT-185,Block_3,3,Public Utilities & Telecom Franchises,Tier 3: Latent & Paraphrastic,Republic Act No. 4136 (Land Transportation and Traffic Code),Section 35,"Section 35. Restriction as to speed. — (a) Any person driving a motor vehicle on a highway shall drive the same at a careful and prudent speed, not greater nor less than is reasonable and proper. (b) Subject to the provisions of the preceding paragraph, the rate of speed of any motor vehicle shall not exceed the following: on open country roads with no blind corners, eighty (80) km. per hour for passenger cars and motorcycles, and fifty (50) km. per hour for motor trucks and buses; on through streets or boulevards, forty (40) km. per hour; on city and municipal streets with light traffic, thirty (30) km. per hour; and through crowded streets, twenty (20) km. per hour. (c) The rates of speed herein prescribed shall not apply to emergency medical vehicles, fire department vehicles, or law enforcement officers pursuing traffic violators.","City Ordinance No. 0812-23, Series of 2023 (The Comprehensive Davao City Arterial Road Speed Limits and Traffic Safety Code)",Section 6,"SECTION 6. CORRIDOR SPEED CALIBRATION. — Pursuant to the police power of the Sangguniang Panlungsod to optimize urban transit flow and protect public safety along municipal roadways, the City Transport and Traffic Management Office shall position digital velocity detection monitors along major thoroughfares to deter dangerous rapid transit and enforce statutory vehicular speed ceilings. The City Transport and Traffic Management Office, in coordination with local traffic enforcers, shall oversee field operations and issue administrative citation notices.","City Ordinance No. 0812-23, Series of 2023 (The Comprehensive Davao City Arterial Road Speed Limits and Traffic Safety Code)",Actual Davao City Local Issuance Adaptation,Davao City Highway Vehicular Velocity Regulation Protocol [District 1 (Poblacion/Talomo) - Coastal Maritime Zone],Entailment,Substantive conceptual compliance with highway speed regulation mandates.,Panel_C,"SP-ANN-07, SP-ANN-08, SP-ANN-09"
GT-186,Block_3,3,Public Utilities & Telecom Franchises,Tier 3: Latent & Paraphrastic,Republic Act No. 7925 (Public Telecommunications Policy Act of 1995),Section 4,"Section 4. Declaration of National Policy. — Telecommunications is essential to the economic development, integrity and security of the Philippines, and as such shall be developed and administered as to safeguard, enrich and strengthen the economic, cultural, social and political fabric of the Philippines. A fundamental objective of government is to develop and maintain a viable, efficient, reliable and universally accessible telecommunications infrastructure. The expansion of telecommunications services shall be undertaken primarily by the private sector, and the entry and operation of telecommunications public utilities shall be regulated and supervised by the National Telecommunications Commission (NTC) as an independent administrative body pursuant to national policy.","City Ordinance No. 0614-20, Series of 2020 (The Davao City Telecommunications Infrastructure and Digital Right-of-Way Coordination Code)",Section 7,"SECTION 7. EXPEDITED NETWORK INFRASTRUCTURE CLEARANCE. — Pursuant to the police power of the Sangguniang Panlungsod to optimize urban transit flow and protect public safety along municipal roadways, municipal zoning administrators shall expedite local building clearances for cellular transmission facilities to promote broadband connectivity for underserved rural communities in harmony with national telecommunications development goals. The City Transport and Traffic Management Office, in coordination with local traffic enforcers, shall oversee field operations and issue administrative citation notices.","City Ordinance No. 0614-20, Series of 2020 (The Davao City Telecommunications Infrastructure and Digital Right-of-Way Coordination Code)",Actual Davao City Local Issuance Adaptation,Davao City Telecommunications Infrastructure Facilitation Protocol [District 2 (Buhangin/Bunawan) - Urban Commercial Corridor],Entailment,Substantive conceptual alignment with national telecommunications policy objectives.,Panel_C,"SP-ANN-07, SP-ANN-08, SP-ANN-09"
GT-187,Block_3,3,Public Utilities & Telecom Franchises,Tier 3: Latent & Paraphrastic,Republic Act No. 4136 (Land Transportation and Traffic Code),Section 35,"Section 35. Restriction as to speed. — (a) Any person driving a motor vehicle on a highway shall drive the same at a careful and prudent speed, not greater nor less than is reasonable and proper. (b) Subject to the provisions of the preceding paragraph, the rate of speed of any motor vehicle shall not exceed the following: on open country roads with no blind corners, eighty (80) km. per hour for passenger cars and motorcycles, and fifty (50) km. per hour for motor trucks and buses; on through streets or boulevards, forty (40) km. per hour; on city and municipal streets with light traffic, thirty (30) km. per hour; and through crowded streets, twenty (20) km. per hour. (c) The rates of speed herein prescribed shall not apply to emergency medical vehicles, fire department vehicles, or law enforcement officers pursuing traffic violators.","City Ordinance No. 0362-19, Series of 2019 (The Davao City Highway Center Island Landscaping and Horticultural Maintenance Standard)",Section 4,"SECTION 4. MEDIAN HEDGE PRUNING. — Pursuant to the police power of the Sangguniang Panlungsod to optimize urban transit flow and protect public safety along municipal roadways, flowering shrubs planted along central roadway medians shall be trimmed regularly by municipal arborists to prevent visual obstruction of oncoming vehicular headlights. The City Transport and Traffic Management Office, in coordination with local traffic enforcers, shall oversee field operations and issue administrative citation notices.","City Ordinance No. 0362-19, Series of 2019 (The Davao City Highway Center Island Landscaping and Horticultural Maintenance Standard)",Actual Davao City Ordinance Adaptation,Davao City Road Median Shrubbery Landscaping Guidelines,Neutral,Regulates median horticultural maintenance; completely independent of statutory vehicular speed limits.,Panel_C,"SP-ANN-07, SP-ANN-08, SP-ANN-09"
GT-188,Block_3,3,Public Utilities & Telecom Franchises,Tier 3: Latent & Paraphrastic,Republic Act No. 7925 (Public Telecommunications Policy Act of 1995),Section 4,"Section 4. Declaration of National Policy. — Telecommunications is essential to the economic development, integrity and security of the Philippines, and as such shall be developed and administered as to safeguard, enrich and strengthen the economic, cultural, social and political fabric of the Philippines. A fundamental objective of government is to develop and maintain a viable, efficient, reliable and universally accessible telecommunications infrastructure. The expansion of telecommunications services shall be undertaken primarily by the private sector, and the entry and operation of telecommunications public utilities shall be regulated and supervised by the National Telecommunications Commission (NTC) as an independent administrative body pursuant to national policy.","City Ordinance No. 0271-18, Series of 2018 (The Davao City Municipal Sound Amplification and Acoustic Speaker Placement Standard)",Section 4,"SECTION 4. AUDIO EQUIPMENT CABLE MAINTENANCE. — Pursuant to the police power of the Sangguniang Panlungsod to optimize urban transit flow and protect public safety along municipal roadways, sound technicians operating audio amplification consoles in public auditoriums shall coil microphone cables loosely around wooden storage spools to prevent internal copper wire fractures. The City Transport and Traffic Management Office, in coordination with local traffic enforcers, shall oversee field operations and issue administrative citation notices.","City Ordinance No. 0271-18, Series of 2018 (The Davao City Municipal Sound Amplification and Acoustic Speaker Placement Standard)",Actual Davao City Ordinance Adaptation,Davao City Public Hall Audio Microphone Cable Storage Standard,Neutral,Regulates municipal audio equipment maintenance; completely independent of national telecommunications franchise policies.,Panel_C,"SP-ANN-07, SP-ANN-08, SP-ANN-09"
GT-189,Block_3,3,Public Utilities & Telecom Franchises,Tier 3: Latent & Paraphrastic,Republic Act No. 9136 (Electric Power Industry Reform Act of 2001),Section 43(u),"Section 43(u). Functions of the Energy Regulatory Commission (ERC). — The ERC shall have the original and exclusive jurisdiction over all cases contesting rates, fees, fines and penalties imposed in the exercise of its powers, functions and responsibilities, and over all cases involving disputes between and among participants or players in the energy sector. All actions shall be within the exclusive jurisdiction of the Commission, and local government units shall not modify, alter, or superimpose additional local retail tariff rates upon distribution utilities licensed by the Commission.","City Ordinance No. 0195-17, Series of 2017 (The Davao City Municipal Motor Pool Workshop Electrical Panel Wiring Standard)",Section 5,"SECTION 5. CIRCUIT BREAKER LABELLING. — Pursuant to the police power of the Sangguniang Panlungsod to optimize urban transit flow and protect public safety along municipal roadways, electrical distribution panels installed within city government repair depots shall display permanent thermal-printed labels identifying each connected workshop machine. The City Transport and Traffic Management Office, in coordination with local traffic enforcers, shall oversee field operations and issue administrative citation notices.","City Ordinance No. 0195-17, Series of 2017 (The Davao City Municipal Motor Pool Workshop Electrical Panel Wiring Standard)",Actual Davao City Ordinance Adaptation,Davao City Municipal Workshop Electrical Circuit Breaker Standard,Neutral,Regulates internal municipal workshop electrical panel labelling; completely independent of national electric utility rate regulation.,Panel_C,"SP-ANN-07, SP-ANN-08, SP-ANN-09"
GT-190,Block_3,3,Public Utilities & Telecom Franchises,Tier 3: Latent & Paraphrastic,Republic Act No. 4136 (Land Transportation and Traffic Code),Section 35,"Section 35. Restriction as to speed. — (a) Any person driving a motor vehicle on a highway shall drive the same at a careful and prudent speed, not greater nor less than is reasonable and proper. (b) Subject to the provisions of the preceding paragraph, the rate of speed of any motor vehicle shall not exceed the following: on open country roads with no blind corners, eighty (80) km. per hour for passenger cars and motorcycles, and fifty (50) km. per hour for motor trucks and buses; on through streets or boulevards, forty (40) km. per hour; on city and municipal streets with light traffic, thirty (30) km. per hour; and through crowded streets, twenty (20) km. per hour. (c) The rates of speed herein prescribed shall not apply to emergency medical vehicles, fire department vehicles, or law enforcement officers pursuing traffic violators.","City Ordinance No. 0362-19, Series of 2019 (The Davao City Highway Center Island Landscaping and Horticultural Maintenance Standard)",Section 4,"SECTION 4. MEDIAN HEDGE PRUNING. — Pursuant to the police power of the Sangguniang Panlungsod to optimize urban transit flow and protect public safety along municipal roadways, flowering shrubs planted along central roadway medians shall be trimmed regularly by municipal arborists to prevent visual obstruction of oncoming vehicular headlights. The City Transport and Traffic Management Office, in coordination with local traffic enforcers, shall oversee field operations and issue administrative citation notices.","City Ordinance No. 0362-19, Series of 2019 (The Davao City Highway Center Island Landscaping and Horticultural Maintenance Standard)",Actual Davao City Ordinance Adaptation,Davao City Road Median Shrubbery Landscaping Guidelines [District 1 (Poblacion/Talomo) - Coastal Maritime Zone],Neutral,Regulates median horticultural maintenance; completely independent of statutory vehicular speed limits.,Panel_C,"SP-ANN-07, SP-ANN-08, SP-ANN-09"
GT-191,Block_3,4,"Public Health, Hospitals & Medical Services",Tier 1: Surface & Quantitative,Republic Act No. 11223 (Universal Health Care Act),Section 6,"Section 6. Service Coverage. — (a) Every Filipino shall be granted immediate eligibility and access to preventive, promotive, curative, rehabilitative, and palliative care for medical, dental, mental and emergency health services, delivered either as population-based or individual-based health services. (b) PhilHealth and the Department of Health (DOH), in coordination with local government units (LGUs), shall endeavor to provide a primary health care delivery system that will afford every Filipino access to a licensed primary care provider of choice without financial hardship at the point of service.","Proposed City Ordinance No. 2024-067, Series of 2024 (The Davao City Advanced Specialized Trauma Referral and Clinical Residency Surcharge Measure)",Section 4,"SECTION 4. EMERGENCY ADMISSION CASH DEPOSITS. — To protect public health, promote clinical safety standards, and safeguard patient welfare across all medical facilities in Davao City, city-operated public health facilities and hospital emergency rooms in Davao City are authorized to demand an advance cash deposit of Five Thousand Pesos (PHP 5,000.00) before admitting indigent patients for emergency medical stabilization. Non-compliance with the health and sanitation directives established herein shall warrant the immediate revocation of the establishment's sanitary permit.","Proposed City Ordinance No. 2024-067, Series of 2024 (The Davao City Advanced Specialized Trauma Referral and Clinical Residency Surcharge Measure)",Synthetically Proposed Municipal Draft Clause,Draft Davao City Public Hospital Emergency Admission Cost-Recovery Measure,Contradiction,"Direct statutory violation. Section 6 of RA 11223 (Universal Health Care Act) guarantees immediate eligibility and access to population-based and individual-based health services without advance deposits, prohibiting denial of emergency stabilization.",Panel_C,"SP-ANN-07, SP-ANN-08, SP-ANN-09"
GT-192,Block_3,4,"Public Health, Hospitals & Medical Services",Tier 1: Surface & Quantitative,Republic Act No. 11332 (Mandatory Reporting of Notifiable Diseases and Health Events of Public Health Concern Act),Section 9,"Section 9. Prohibited Acts. — The following shall be prohibited under this Act: (a) Unauthorized disclosure of private and confidential information pertaining to a patient's medical condition or treatment; (b) Non-cooperation of persons and entities that should report and/or respond to notifiable diseases or health events of public health concern; and (c) Non-cooperation of the person or firms categorized as having the notifiable disease, or affected by the health event of public concern.","Proposed City Ordinance No. 2024-088, Series of 2024 (The Davao City Community Cluster Quarantine and Neighborhood Epidemiological Tracking Measure)",Section 5,"SECTION 5. PUBLIC DISCLOSURE OF COMMUNICABLE DISEASE PATIENTS. — To protect public health, promote clinical safety standards, and safeguard patient welfare across all medical facilities in Davao City, and to alert neighborhood residents during epidemic outbreaks, the City Health Office is authorized to publish the full names, residential addresses, and specific medical diagnoses of individuals infected with notifiable diseases on official barangay bulletin boards. Non-compliance with the health and sanitation directives established herein shall warrant the immediate revocation of the establishment's sanitary permit.","Proposed City Ordinance No. 2024-088, Series of 2024 (The Davao City Community Cluster Quarantine and Neighborhood Epidemiological Tracking Measure)",Synthetically Proposed Municipal Draft Clause,Draft Davao City Notifiable Disease Public Disclosure Measure,Contradiction,Direct breach of statutory confidentiality. Section 9(a) of RA 11332 strictly criminalizes unauthorized disclosure of private and confidential patient medical information and registries.,Panel_C,"SP-ANN-07, SP-ANN-08, SP-ANN-09"
GT-193,Block_3,4,"Public Health, Hospitals & Medical Services",Tier 1: Surface & Quantitative,Republic Act No. 9211 (Tobacco Regulation Act of 2003),Section 5,"Section 5. Smoking in Public Places. — Smoking shall be absolutely prohibited in the following public places: (a) Centers of youth activity such as playschools, elementary schools, high schools, colleges and universities, youth hostels and recreational facilities for persons under eighteen (18) years old; (b) Elevators and stairwells; (c) Locations in which fire hazards are present, including gas stations and storage areas for flammable materials; (d) Within the buildings and premises of public and private hospitals, medical, dental, and optical clinics, health centers, nursing homes, dispensaries and laboratories; and (e) Public conveyances and public facilities.","Proposed City Ordinance No. 2024-049, Series of 2024 (The Davao City Open-Air Waterfront Hospitality and Controlled Smoking Patio Measure)",Section 6,"SECTION 6. INDOOR SMOKING IN ENTERTAINMENT ESTABLISHMENTS. — In the exercise of municipal police power to preserve public hygiene and prevent the transmission of communicable illnesses, licensed bars, karaoke lounges, and nightlife establishments operating within Davao City are permitted to allow indoor tobacco smoking inside customer seating lounges occupying up to fifty percent (50%) of their total enclosed floor space. The Davao City Anti-Smoking Task Force, in coordination with the Davao City Police Office, shall conduct random inspections of regulated public spaces.","Proposed City Ordinance No. 2024-049, Series of 2024 (The Davao City Open-Air Waterfront Hospitality and Controlled Smoking Patio Measure)",Synthetically Proposed Municipal Draft Clause,Draft Davao City Nightlife and Entertainment Revitalization Measure,Contradiction,"Direct statutory breach. Section 5 of RA 9211 absolutely prohibits smoking in all enclosed public places, food preparation establishments, and entertainment venues, strictly barring indoor smoking areas.",Panel_C,"SP-ANN-07, SP-ANN-08, SP-ANN-09"
GT-194,Block_3,4,"Public Health, Hospitals & Medical Services",Tier 1: Surface & Quantitative,Republic Act No. 11223 (Universal Health Care Act),Section 6,"Section 6. Service Coverage. — (a) Every Filipino shall be granted immediate eligibility and access to preventive, promotive, curative, rehabilitative, and palliative care for medical, dental, mental and emergency health services, delivered either as population-based or individual-based health services. (b) PhilHealth and the Department of Health (DOH), in coordination with local government units (LGUs), shall endeavor to provide a primary health care delivery system that will afford every Filipino access to a licensed primary care provider of choice without financial hardship at the point of service.","Proposed City Ordinance No. 2024-067, Series of 2024 (The Davao City Advanced Specialized Trauma Referral and Clinical Residency Surcharge Measure)",Section 4,"SECTION 4. EMERGENCY ADMISSION CASH DEPOSITS. — To protect public health, promote clinical safety standards, and safeguard patient welfare across all medical facilities in Davao City, city-operated public health facilities and hospital emergency rooms in Davao City are authorized to demand an advance cash deposit of Five Thousand Pesos (PHP 5,000.00) before admitting indigent patients for emergency medical stabilization. Non-compliance with the health and sanitation directives established herein shall warrant the immediate revocation of the establishment's sanitary permit.","Proposed City Ordinance No. 2024-067, Series of 2024 (The Davao City Advanced Specialized Trauma Referral and Clinical Residency Surcharge Measure)",Synthetically Proposed Municipal Draft Clause,Draft Davao City Public Hospital Emergency Admission Cost-Recovery Measure [District 1 (Poblacion/Talomo) - Coastal Maritime Zone],Contradiction,"Direct statutory violation. Section 6 of RA 11223 (Universal Health Care Act) guarantees immediate eligibility and access to population-based and individual-based health services without advance deposits, prohibiting denial of emergency stabilization.",Panel_C,"SP-ANN-07, SP-ANN-08, SP-ANN-09"
GT-195,Block_3,4,"Public Health, Hospitals & Medical Services",Tier 1: Surface & Quantitative,Republic Act No. 11223 (Universal Health Care Act),Section 6,"Section 6. Service Coverage. — (a) Every Filipino shall be granted immediate eligibility and access to preventive, promotive, curative, rehabilitative, and palliative care for medical, dental, mental and emergency health services, delivered either as population-based or individual-based health services. (b) PhilHealth and the Department of Health (DOH), in coordination with local government units (LGUs), shall endeavor to provide a primary health care delivery system that will afford every Filipino access to a licensed primary care provider of choice without financial hardship at the point of service.","City Ordinance No. 0502-21, Series of 2021 (The Davao City Universal Primary Health Care Network and Clinical Integration Code)",Section 3,"SECTION 3. COMPREHENSIVE ACCESS TO PRIMARY MEDICAL CARE. — To protect public health, promote clinical safety standards, and safeguard patient welfare across all medical facilities in Davao City, in compliance with Section 6 of Republic Act No. 11223, the City Health Office shall ensure that all residents of Davao City enjoy immediate access to essential primary and preventive health care services through district health centers. Non-compliance with the health and sanitation directives established herein shall warrant the immediate revocation of the establishment's sanitary permit.","City Ordinance No. 0502-21, Series of 2021 (The Davao City Universal Primary Health Care Network and Clinical Integration Code)",Actual Davao City Landmark Ordinance Adaptation,Davao City Universal Health Care Integration Ordinance,Entailment,Exact statutory adherence executing universal primary healthcare access under RA 11223.,Panel_C,"SP-ANN-07, SP-ANN-08, SP-ANN-09"
GT-196,Block_3,4,"Public Health, Hospitals & Medical Services",Tier 1: Surface & Quantitative,Republic Act No. 11332 (Mandatory Reporting of Notifiable Diseases and Health Events of Public Health Concern Act),Section 9,"Section 9. Prohibited Acts. — The following shall be prohibited under this Act: (a) Unauthorized disclosure of private and confidential information pertaining to a patient's medical condition or treatment; (b) Non-cooperation of persons and entities that should report and/or respond to notifiable diseases or health events of public health concern; and (c) Non-cooperation of the person or firms categorized as having the notifiable disease, or affected by the health event of public concern.","City Ordinance No. 0715-20, Series of 2020 (The Davao City Epidemiological Disease Surveillance and Health Data Confidentiality Code)",Section 3,"SECTION 3. STATUTORY REPORTING OF NOTIFIABLE DISEASES. — In the exercise of municipal police power to preserve public hygiene and prevent the transmission of communicable illnesses, pursuant to Section 9 of Republic Act No. 11332, all public and private medical facilities in Davao City shall transmit epidemiological reports of notifiable diseases to the Department of Health while strictly maintaining patient confidentiality. The Davao City Anti-Smoking Task Force, in coordination with the Davao City Police Office, shall conduct random inspections of regulated public spaces.","City Ordinance No. 0715-20, Series of 2020 (The Davao City Epidemiological Disease Surveillance and Health Data Confidentiality Code)",Actual Davao City Landmark Ordinance Adaptation,Davao City Mandatory Disease Reporting and Confidentiality Ordinance,Entailment,Exact statutory adoption of mandatory disease reporting and strict data confidentiality under RA 11332.,Panel_C,"SP-ANN-07, SP-ANN-08, SP-ANN-09"
GT-197,Block_3,4,"Public Health, Hospitals & Medical Services",Tier 1: Surface & Quantitative,Republic Act No. 9211 (Tobacco Regulation Act of 2003),Section 5,"Section 5. Smoking in Public Places. — Smoking shall be absolutely prohibited in the following public places: (a) Centers of youth activity such as playschools, elementary schools, high schools, colleges and universities, youth hostels and recreational facilities for persons under eighteen (18) years old; (b) Elevators and stairwells; (c) Locations in which fire hazards are present, including gas stations and storage areas for flammable materials; (d) Within the buildings and premises of public and private hospitals, medical, dental, and optical clinics, health centers, nursing homes, dispensaries and laboratories; and (e) Public conveyances and public facilities.","City Ordinance No. 0367-18, Series of 2018 (The Comprehensive Davao City Smoke-Free Public Environments and Tobacco Regulation Code)",Section 4,"SECTION 4. ABSOLUTE PROHIBITION OF PUBLIC SMOKING. — In the exercise of municipal police power to preserve public hygiene and prevent the transmission of communicable illnesses, in strict observance of Section 5 of Republic Act No. 9211, smoking and vaping are absolutely prohibited in all public conveyances, government offices, schools, medical facilities, and enclosed public spaces throughout Davao City. The Davao City Anti-Smoking Task Force, in coordination with the Davao City Police Office, shall conduct random inspections of regulated public spaces.","City Ordinance No. 0367-18, Series of 2018 (The Comprehensive Davao City Smoke-Free Public Environments and Tobacco Regulation Code)",Actual Davao City Landmark Ordinance Adaptation,Davao City Comprehensive Anti-Smoking Ordinance,Entailment,Exact statutory adoption of absolute public smoking prohibitions under RA 9211.,Panel_C,"SP-ANN-07, SP-ANN-08, SP-ANN-09"
GT-198,Block_3,4,"Public Health, Hospitals & Medical Services",Tier 1: Surface & Quantitative,Republic Act No. 11223 (Universal Health Care Act),Section 6,"Section 6. Service Coverage. — (a) Every Filipino shall be granted immediate eligibility and access to preventive, promotive, curative, rehabilitative, and palliative care for medical, dental, mental and emergency health services, delivered either as population-based or individual-based health services. (b) PhilHealth and the Department of Health (DOH), in coordination with local government units (LGUs), shall endeavor to provide a primary health care delivery system that will afford every Filipino access to a licensed primary care provider of choice without financial hardship at the point of service.","City Ordinance No. 0502-21, Series of 2021 (The Davao City Universal Primary Health Care Network and Clinical Integration Code)",Section 3,"SECTION 3. COMPREHENSIVE ACCESS TO PRIMARY MEDICAL CARE. — To protect public health, promote clinical safety standards, and safeguard patient welfare across all medical facilities in Davao City, in compliance with Section 6 of Republic Act No. 11223, the City Health Office shall ensure that all residents of Davao City enjoy immediate access to essential primary and preventive health care services through district health centers. Non-compliance with the health and sanitation directives established herein shall warrant the immediate revocation of the establishment's sanitary permit.","City Ordinance No. 0502-21, Series of 2021 (The Davao City Universal Primary Health Care Network and Clinical Integration Code)",Actual Davao City Landmark Ordinance Adaptation,Davao City Universal Health Care Integration Ordinance [District 1 (Poblacion/Talomo) - Coastal Maritime Zone],Entailment,Exact statutory adherence executing universal primary healthcare access under RA 11223.,Panel_C,"SP-ANN-07, SP-ANN-08, SP-ANN-09"
GT-199,Block_3,4,"Public Health, Hospitals & Medical Services",Tier 1: Surface & Quantitative,Republic Act No. 11332 (Mandatory Reporting of Notifiable Diseases and Health Events of Public Health Concern Act),Section 9,"Section 9. Prohibited Acts. — The following shall be prohibited under this Act: (a) Unauthorized disclosure of private and confidential information pertaining to a patient's medical condition or treatment; (b) Non-cooperation of persons and entities that should report and/or respond to notifiable diseases or health events of public health concern; and (c) Non-cooperation of the person or firms categorized as having the notifiable disease, or affected by the health event of public concern.","City Ordinance No. 0715-20, Series of 2020 (The Davao City Epidemiological Disease Surveillance and Health Data Confidentiality Code)",Section 3,"SECTION 3. STATUTORY REPORTING OF NOTIFIABLE DISEASES. — In the exercise of municipal police power to preserve public hygiene and prevent the transmission of communicable illnesses, pursuant to Section 9 of Republic Act No. 11332, all public and private medical facilities in Davao City shall transmit epidemiological reports of notifiable diseases to the Department of Health while strictly maintaining patient confidentiality. The Davao City Anti-Smoking Task Force, in coordination with the Davao City Police Office, shall conduct random inspections of regulated public spaces.","City Ordinance No. 0715-20, Series of 2020 (The Davao City Epidemiological Disease Surveillance and Health Data Confidentiality Code)",Actual Davao City Landmark Ordinance Adaptation,Davao City Mandatory Disease Reporting and Confidentiality Ordinance [District 2 (Buhangin/Bunawan) - Urban Commercial Corridor],Entailment,Exact statutory adoption of mandatory disease reporting and strict data confidentiality under RA 11332.,Panel_C,"SP-ANN-07, SP-ANN-08, SP-ANN-09"
GT-200,Block_3,4,"Public Health, Hospitals & Medical Services",Tier 1: Surface & Quantitative,Republic Act No. 11223 (Universal Health Care Act),Section 6,"Section 6. Service Coverage. — (a) Every Filipino shall be granted immediate eligibility and access to preventive, promotive, curative, rehabilitative, and palliative care for medical, dental, mental and emergency health services, delivered either as population-based or individual-based health services. (b) PhilHealth and the Department of Health (DOH), in coordination with local government units (LGUs), shall endeavor to provide a primary health care delivery system that will afford every Filipino access to a licensed primary care provider of choice without financial hardship at the point of service.","City Ordinance No. 0325-18, Series of 2018 (The Davao City Public Health Center Dental Equipment Autoclave Sterilization Standard)",Section 3,"SECTION 3. MERCURY THERMOMETER PROHIBITION. — In the exercise of municipal police power to preserve public hygiene and prevent the transmission of communicable illnesses, public and private clinical laboratories operating within Davao City shall replace all mercury-containing glass thermometers with certified digital sensor thermometers within ninety (90) calendar days. The Davao City Anti-Smoking Task Force, in coordination with the Davao City Police Office, shall conduct random inspections of regulated public spaces.","City Ordinance No. 0325-18, Series of 2018 (The Davao City Public Health Center Dental Equipment Autoclave Sterilization Standard)",Actual Davao City Ordinance Adaptation,Davao City Clinical Thermometer Mercury Prohibition Ordinance,Neutral,Regulates clinical laboratory instrument safety; neutral regarding statutory universal healthcare coverage.,Panel_C,"SP-ANN-07, SP-ANN-08, SP-ANN-09"
GT-201,Block_3,4,"Public Health, Hospitals & Medical Services",Tier 1: Surface & Quantitative,Republic Act No. 11332 (Mandatory Reporting of Notifiable Diseases and Health Events of Public Health Concern Act),Section 9,"Section 9. Prohibited Acts. — The following shall be prohibited under this Act: (a) Unauthorized disclosure of private and confidential information pertaining to a patient's medical condition or treatment; (b) Non-cooperation of persons and entities that should report and/or respond to notifiable diseases or health events of public health concern; and (c) Non-cooperation of the person or firms categorized as having the notifiable disease, or affected by the health event of public concern.","City Ordinance No. 0210-17, Series of 2017 (The Davao City Health Center Clinical Furniture Surface Sanitization Standard)",Section 4,"SECTION 4. CLINICAL EXAMINATION GLOVE STANDARDS. — In the exercise of municipal police power to preserve public hygiene and prevent the transmission of communicable illnesses, disposable nitrile examination gloves procured for city health stations shall have a minimum cuff thickness of zero point zero eight (0.08) millimeters. The Davao City Anti-Smoking Task Force, in coordination with the Davao City Police Office, shall conduct random inspections of regulated public spaces.","City Ordinance No. 0210-17, Series of 2017 (The Davao City Health Center Clinical Furniture Surface Sanitization Standard)",Actual Davao City Ordinance Adaptation,Davao City Clinical Glove Thickness Quality Specification,Neutral,Regulates clinical consumable physical thickness; neutral regarding statutory notifiable disease reporting.,Panel_C,"SP-ANN-07, SP-ANN-08, SP-ANN-09"
GT-202,Block_3,4,"Public Health, Hospitals & Medical Services",Tier 1: Surface & Quantitative,Republic Act No. 9211 (Tobacco Regulation Act of 2003),Section 5,"Section 5. Smoking in Public Places. — Smoking shall be absolutely prohibited in the following public places: (a) Centers of youth activity such as playschools, elementary schools, high schools, colleges and universities, youth hostels and recreational facilities for persons under eighteen (18) years old; (b) Elevators and stairwells; (c) Locations in which fire hazards are present, including gas stations and storage areas for flammable materials; (d) Within the buildings and premises of public and private hospitals, medical, dental, and optical clinics, health centers, nursing homes, dispensaries and laboratories; and (e) Public conveyances and public facilities.","City Ordinance No. 0184-16, Series of 2016 (The Davao City Public Park Masonry Walkway Anti-Algae Coating Specification Standard)",Section 4,"SECTION 4. PARK WASTE BIN SPECIFICATIONS. — In the exercise of municipal police power to preserve public hygiene and prevent the transmission of communicable illnesses, waste receptacles installed in public parks shall have a minimum internal volume of fifty (50) liters and display standardized labels for biodegradable and recyclable waste. The Davao City Anti-Smoking Task Force, in coordination with the Davao City Police Office, shall conduct random inspections of regulated public spaces.","City Ordinance No. 0184-16, Series of 2016 (The Davao City Public Park Masonry Walkway Anti-Algae Coating Specification Standard)",Actual Davao City Ordinance Adaptation,Davao City Municipal Park Trash Receptacle Color-Coding Standard,Neutral,Regulates park waste bin volumes; neutral regarding statutory public smoking bans.,Panel_C,"SP-ANN-07, SP-ANN-08, SP-ANN-09"
GT-203,Block_3,4,"Public Health, Hospitals & Medical Services",Tier 1: Surface & Quantitative,Republic Act No. 11223 (Universal Health Care Act),Section 6,"Section 6. Service Coverage. — (a) Every Filipino shall be granted immediate eligibility and access to preventive, promotive, curative, rehabilitative, and palliative care for medical, dental, mental and emergency health services, delivered either as population-based or individual-based health services. (b) PhilHealth and the Department of Health (DOH), in coordination with local government units (LGUs), shall endeavor to provide a primary health care delivery system that will afford every Filipino access to a licensed primary care provider of choice without financial hardship at the point of service.","City Ordinance No. 0325-18, Series of 2018 (The Davao City Public Health Center Dental Equipment Autoclave Sterilization Standard)",Section 3,"SECTION 3. MERCURY THERMOMETER PROHIBITION. — In the exercise of municipal police power to preserve public hygiene and prevent the transmission of communicable illnesses, public and private clinical laboratories operating within Davao City shall replace all mercury-containing glass thermometers with certified digital sensor thermometers within ninety (90) calendar days. The Davao City Anti-Smoking Task Force, in coordination with the Davao City Police Office, shall conduct random inspections of regulated public spaces.","City Ordinance No. 0325-18, Series of 2018 (The Davao City Public Health Center Dental Equipment Autoclave Sterilization Standard)",Actual Davao City Ordinance Adaptation,Davao City Clinical Thermometer Mercury Prohibition Ordinance [District 1 (Poblacion/Talomo) - Coastal Maritime Zone],Neutral,Regulates clinical laboratory instrument safety; neutral regarding statutory universal healthcare coverage.,Panel_C,"SP-ANN-07, SP-ANN-08, SP-ANN-09"
GT-204,Block_3,4,"Public Health, Hospitals & Medical Services",Tier 2: Preemption & Carve-Outs,Republic Act No. 11223 (Universal Health Care Act),Section 6,"Section 6. Service Coverage. — (a) Every Filipino shall be granted immediate eligibility and access to preventive, promotive, curative, rehabilitative, and palliative care for medical, dental, mental and emergency health services, delivered either as population-based or individual-based health services. (b) PhilHealth and the Department of Health (DOH), in coordination with local government units (LGUs), shall endeavor to provide a primary health care delivery system that will afford every Filipino access to a licensed primary care provider of choice without financial hardship at the point of service.","Proposed City Ordinance No. 2024-067, Series of 2024 (The Davao City Advanced Specialized Trauma Referral and Clinical Residency Surcharge Measure)",Section 6,"SECTION 6. REAL PROPERTY REQUIREMENT FOR HEALTH ENROLLMENT. — Pursuant to the local health autonomy mandate under Republic Act No. 7160 and in pursuit of the Universal Health Care framework, free primary and emergency healthcare consultations at municipal health centers shall be restricted to residents who present proof of real property ownership within Davao City. The City Health Office (CHO) and the City Epidemiological Surveillance Unit shall deploy health sanitary inspectors to ensure strict protocol enforcement.","Proposed City Ordinance No. 2024-067, Series of 2024 (The Davao City Advanced Specialized Trauma Referral and Clinical Residency Surcharge Measure)",Synthetically Proposed Municipal Draft Clause,Draft Ordinance Limiting Free Basic Medical Services to Registered Homeowners,Contradiction,Unlawful preemption of universal healthcare rights. RA 11223 guarantees every Filipino citizen immediate access to comprehensive primary and emergency healthcare services without local property ownership barriers.,Panel_C,"SP-ANN-07, SP-ANN-08, SP-ANN-09"
GT-205,Block_3,4,"Public Health, Hospitals & Medical Services",Tier 2: Preemption & Carve-Outs,Republic Act No. 11332 (Mandatory Reporting of Notifiable Diseases and Health Events of Public Health Concern Act),Section 9,"Section 9. Prohibited Acts. — The following shall be prohibited under this Act: (a) Unauthorized disclosure of private and confidential information pertaining to a patient's medical condition or treatment; (b) Non-cooperation of persons and entities that should report and/or respond to notifiable diseases or health events of public health concern; and (c) Non-cooperation of the person or firms categorized as having the notifiable disease, or affected by the health event of public concern.","Proposed City Ordinance No. 2024-088, Series of 2024 (The Davao City Community Cluster Quarantine and Neighborhood Epidemiological Tracking Measure)",Section 7,"SECTION 7. MANDATORY LOCAL FILTERING OF DISEASE REPORTS. — In the exercise of municipal police power to preserve public hygiene and prevent the transmission of communicable illnesses, private clinical laboratories detecting notifiable pathogens within Davao City shall transmit laboratory reports exclusively to the host barangay council, withholding statutory epidemiological notices from the Department of Health pending local clearance. The Davao City Anti-Smoking Task Force, in coordination with the Davao City Police Office, shall conduct random inspections of regulated public spaces.","Proposed City Ordinance No. 2024-088, Series of 2024 (The Davao City Community Cluster Quarantine and Neighborhood Epidemiological Tracking Measure)",Synthetically Proposed Municipal Draft Clause,Draft Ordinance Conditioning Epidemic Reporting on Barangay Verification,Contradiction,Breach of statutory reporting mandates. RA 11332 commands immediate mandatory reporting of notifiable diseases directly to the Department of Health Epidemiology Bureau.,Panel_C,"SP-ANN-07, SP-ANN-08, SP-ANN-09"
GT-206,Block_3,4,"Public Health, Hospitals & Medical Services",Tier 2: Preemption & Carve-Outs,Republic Act No. 9211 (Tobacco Regulation Act of 2003),Section 5,"Section 5. Smoking in Public Places. — Smoking shall be absolutely prohibited in the following public places: (a) Centers of youth activity such as playschools, elementary schools, high schools, colleges and universities, youth hostels and recreational facilities for persons under eighteen (18) years old; (b) Elevators and stairwells; (c) Locations in which fire hazards are present, including gas stations and storage areas for flammable materials; (d) Within the buildings and premises of public and private hospitals, medical, dental, and optical clinics, health centers, nursing homes, dispensaries and laboratories; and (e) Public conveyances and public facilities.","Proposed City Ordinance No. 2024-049, Series of 2024 (The Davao City Open-Air Waterfront Hospitality and Controlled Smoking Patio Measure)",Section 4,"SECTION 4. EXEMPTION OF VAPOR PRODUCTS IN WORKPLACES. — In the exercise of municipal police power to preserve public hygiene and prevent the transmission of communicable illnesses, the use of electronic nicotine delivery systems and vaporized tobacco devices is permitted inside enclosed commercial workplaces and municipal government offices. The Davao City Anti-Smoking Task Force, in coordination with the Davao City Police Office, shall conduct random inspections of regulated public spaces.","Proposed City Ordinance No. 2024-049, Series of 2024 (The Davao City Open-Air Waterfront Hospitality and Controlled Smoking Patio Measure)",Synthetically Proposed Municipal Draft Clause,Draft Ordinance Exempting Electronic Vapor Products from Public Place Restrictions,Contradiction,Breach of statutory indoor air protections. National clean air and tobacco control statutes extend public indoor smoking prohibitions to electronic vapor devices in workplaces and government facilities.,Panel_C,"SP-ANN-07, SP-ANN-08, SP-ANN-09"
GT-207,Block_3,4,"Public Health, Hospitals & Medical Services",Tier 2: Preemption & Carve-Outs,Republic Act No. 11223 (Universal Health Care Act),Section 6,"Section 6. Service Coverage. — (a) Every Filipino shall be granted immediate eligibility and access to preventive, promotive, curative, rehabilitative, and palliative care for medical, dental, mental and emergency health services, delivered either as population-based or individual-based health services. (b) PhilHealth and the Department of Health (DOH), in coordination with local government units (LGUs), shall endeavor to provide a primary health care delivery system that will afford every Filipino access to a licensed primary care provider of choice without financial hardship at the point of service.","Proposed City Ordinance No. 2024-067, Series of 2024 (The Davao City Advanced Specialized Trauma Referral and Clinical Residency Surcharge Measure)",Section 6,"SECTION 6. REAL PROPERTY REQUIREMENT FOR HEALTH ENROLLMENT. — Pursuant to the local health autonomy mandate under Republic Act No. 7160 and in pursuit of the Universal Health Care framework, free primary and emergency healthcare consultations at municipal health centers shall be restricted to residents who present proof of real property ownership within Davao City. The City Health Office (CHO) and the City Epidemiological Surveillance Unit shall deploy health sanitary inspectors to ensure strict protocol enforcement.","Proposed City Ordinance No. 2024-067, Series of 2024 (The Davao City Advanced Specialized Trauma Referral and Clinical Residency Surcharge Measure)",Synthetically Proposed Municipal Draft Clause,Draft Ordinance Limiting Free Basic Medical Services to Registered Homeowners [District 1 (Poblacion/Talomo) - Coastal Maritime Zone],Contradiction,Unlawful preemption of universal healthcare rights. RA 11223 guarantees every Filipino citizen immediate access to comprehensive primary and emergency healthcare services without local property ownership barriers.,Panel_C,"SP-ANN-07, SP-ANN-08, SP-ANN-09"
GT-208,Block_3,4,"Public Health, Hospitals & Medical Services",Tier 2: Preemption & Carve-Outs,Republic Act No. 11332 (Mandatory Reporting of Notifiable Diseases and Health Events of Public Health Concern Act),Section 9,"Section 9. Prohibited Acts. — The following shall be prohibited under this Act: (a) Unauthorized disclosure of private and confidential information pertaining to a patient's medical condition or treatment; (b) Non-cooperation of persons and entities that should report and/or respond to notifiable diseases or health events of public health concern; and (c) Non-cooperation of the person or firms categorized as having the notifiable disease, or affected by the health event of public concern.","Proposed City Ordinance No. 2024-088, Series of 2024 (The Davao City Community Cluster Quarantine and Neighborhood Epidemiological Tracking Measure)",Section 7,"SECTION 7. MANDATORY LOCAL FILTERING OF DISEASE REPORTS. — In the exercise of municipal police power to preserve public hygiene and prevent the transmission of communicable illnesses, private clinical laboratories detecting notifiable pathogens within Davao City shall transmit laboratory reports exclusively to the host barangay council, withholding statutory epidemiological notices from the Department of Health pending local clearance. The Davao City Anti-Smoking Task Force, in coordination with the Davao City Police Office, shall conduct random inspections of regulated public spaces.","Proposed City Ordinance No. 2024-088, Series of 2024 (The Davao City Community Cluster Quarantine and Neighborhood Epidemiological Tracking Measure)",Synthetically Proposed Municipal Draft Clause,Draft Ordinance Conditioning Epidemic Reporting on Barangay Verification [District 2 (Buhangin/Bunawan) - Urban Commercial Corridor],Contradiction,Breach of statutory reporting mandates. RA 11332 commands immediate mandatory reporting of notifiable diseases directly to the Department of Health Epidemiology Bureau.,Panel_C,"SP-ANN-07, SP-ANN-08, SP-ANN-09"
GT-209,Block_3,4,"Public Health, Hospitals & Medical Services",Tier 2: Preemption & Carve-Outs,Republic Act No. 9211 (Tobacco Regulation Act of 2003),Section 5,"Section 5. Smoking in Public Places. — Smoking shall be absolutely prohibited in the following public places: (a) Centers of youth activity such as playschools, elementary schools, high schools, colleges and universities, youth hostels and recreational facilities for persons under eighteen (18) years old; (b) Elevators and stairwells; (c) Locations in which fire hazards are present, including gas stations and storage areas for flammable materials; (d) Within the buildings and premises of public and private hospitals, medical, dental, and optical clinics, health centers, nursing homes, dispensaries and laboratories; and (e) Public conveyances and public facilities.","Proposed City Ordinance No. 2024-049, Series of 2024 (The Davao City Open-Air Waterfront Hospitality and Controlled Smoking Patio Measure)",Section 4,"SECTION 4. EXEMPTION OF VAPOR PRODUCTS IN WORKPLACES. — In the exercise of municipal police power to preserve public hygiene and prevent the transmission of communicable illnesses, the use of electronic nicotine delivery systems and vaporized tobacco devices is permitted inside enclosed commercial workplaces and municipal government offices. The Davao City Anti-Smoking Task Force, in coordination with the Davao City Police Office, shall conduct random inspections of regulated public spaces.","Proposed City Ordinance No. 2024-049, Series of 2024 (The Davao City Open-Air Waterfront Hospitality and Controlled Smoking Patio Measure)",Synthetically Proposed Municipal Draft Clause,Draft Ordinance Exempting Electronic Vapor Products from Public Place Restrictions [District 3 (Toril/Calinan/Marilog) - Suburban Residential Zone],Contradiction,Breach of statutory indoor air protections. National clean air and tobacco control statutes extend public indoor smoking prohibitions to electronic vapor devices in workplaces and government facilities.,Panel_C,"SP-ANN-07, SP-ANN-08, SP-ANN-09"
GT-210,Block_3,4,"Public Health, Hospitals & Medical Services",Tier 2: Preemption & Carve-Outs,Republic Act No. 11223 (Universal Health Care Act),Section 6,"Section 6. Service Coverage. — (a) Every Filipino shall be granted immediate eligibility and access to preventive, promotive, curative, rehabilitative, and palliative care for medical, dental, mental and emergency health services, delivered either as population-based or individual-based health services. (b) PhilHealth and the Department of Health (DOH), in coordination with local government units (LGUs), shall endeavor to provide a primary health care delivery system that will afford every Filipino access to a licensed primary care provider of choice without financial hardship at the point of service.","City Ordinance No. 0502-21, Series of 2021 (The Davao City Universal Primary Health Care Network and Clinical Integration Code)",Section 5,"SECTION 5. PROMPT EMERGENCY PATIENT STABILIZATION. — Pursuant to the local health autonomy mandate under Republic Act No. 7160 and in pursuit of the Universal Health Care framework, municipal health stations shall stabilize walk-in emergency patients immediately without financial pre-conditions, coordinating transfer to specialized tertiary facilities in accordance with PhilHealth referral protocols. The City Health Office (CHO) and the City Epidemiological Surveillance Unit shall deploy health sanitary inspectors to ensure strict protocol enforcement.","City Ordinance No. 0502-21, Series of 2021 (The Davao City Universal Primary Health Care Network and Clinical Integration Code)",Actual Davao City Local Issuance Adaptation,Davao City District Health Center Network Referral Protocol,Entailment,Direct execution of statutory emergency stabilization mandates under national universal healthcare laws.,Panel_C,"SP-ANN-07, SP-ANN-08, SP-ANN-09"
GT-211,Block_4,4,"Public Health, Hospitals & Medical Services",Tier 2: Preemption & Carve-Outs,Republic Act No. 11332 (Mandatory Reporting of Notifiable Diseases and Health Events of Public Health Concern Act),Section 9,"Section 9. Prohibited Acts. — The following shall be prohibited under this Act: (a) Unauthorized disclosure of private and confidential information pertaining to a patient's medical condition or treatment; (b) Non-cooperation of persons and entities that should report and/or respond to notifiable diseases or health events of public health concern; and (c) Non-cooperation of the person or firms categorized as having the notifiable disease, or affected by the health event of public concern.","City Ordinance No. 0715-20, Series of 2020 (The Davao City Epidemiological Disease Surveillance and Health Data Confidentiality Code)",Section 5,"SECTION 5. SECURE EPIDEMIOLOGICAL DATA TRANSMISSION. — To protect public health, promote clinical safety standards, and safeguard patient welfare across all medical facilities in Davao City, the City Health Office Epidemiology and Surveillance Unit shall manage contact tracing data through encrypted digital platforms accessible only to authorized health personnel in compliance with DOH standards. Non-compliance with the health and sanitation directives established herein shall warrant the immediate revocation of the establishment's sanitary permit.","City Ordinance No. 0715-20, Series of 2020 (The Davao City Epidemiological Disease Surveillance and Health Data Confidentiality Code)",Actual Davao City Local Issuance Adaptation,Davao City Epidemiological Surveillance and Contact Tracing Protocol,Entailment,Compliant local epidemiological surveillance executing statutory reporting with strict data privacy safeguards.,Panel_D,"SP-ANN-10, SP-ANN-11, SP-ANN-12"
GT-212,Block_4,4,"Public Health, Hospitals & Medical Services",Tier 2: Preemption & Carve-Outs,Republic Act No. 9211 (Tobacco Regulation Act of 2003),Section 5,"Section 5. Smoking in Public Places. — Smoking shall be absolutely prohibited in the following public places: (a) Centers of youth activity such as playschools, elementary schools, high schools, colleges and universities, youth hostels and recreational facilities for persons under eighteen (18) years old; (b) Elevators and stairwells; (c) Locations in which fire hazards are present, including gas stations and storage areas for flammable materials; (d) Within the buildings and premises of public and private hospitals, medical, dental, and optical clinics, health centers, nursing homes, dispensaries and laboratories; and (e) Public conveyances and public facilities.","City Ordinance No. 0367-18, Series of 2018 (The Comprehensive Davao City Smoke-Free Public Environments and Tobacco Regulation Code)",Section 6,"SECTION 6. DESIGNATED OUTDOOR SMOKING AREAS. — Pursuant to the local health autonomy mandate under Republic Act No. 7160 and in pursuit of the Universal Health Care framework, designated smoking areas in commercial complexes shall be situated strictly in open outdoor spaces, positioned at least ten (10) meters away from building entrances, operable windows, and public access pathways. The City Health Office (CHO) and the City Epidemiological Surveillance Unit shall deploy health sanitary inspectors to ensure strict protocol enforcement.","City Ordinance No. 0367-18, Series of 2018 (The Comprehensive Davao City Smoke-Free Public Environments and Tobacco Regulation Code)",Actual Davao City Landmark Ordinance Adaptation,Davao City Designated Smoking Area Standards Protocol,Entailment,Compliant local enforcement establishing strict outdoor designated smoking areas adhering to statutory parameters.,Panel_D,"SP-ANN-10, SP-ANN-11, SP-ANN-12"
GT-213,Block_4,4,"Public Health, Hospitals & Medical Services",Tier 2: Preemption & Carve-Outs,Republic Act No. 11223 (Universal Health Care Act),Section 6,"Section 6. Service Coverage. — (a) Every Filipino shall be granted immediate eligibility and access to preventive, promotive, curative, rehabilitative, and palliative care for medical, dental, mental and emergency health services, delivered either as population-based or individual-based health services. (b) PhilHealth and the Department of Health (DOH), in coordination with local government units (LGUs), shall endeavor to provide a primary health care delivery system that will afford every Filipino access to a licensed primary care provider of choice without financial hardship at the point of service.","City Ordinance No. 0502-21, Series of 2021 (The Davao City Universal Primary Health Care Network and Clinical Integration Code)",Section 5,"SECTION 5. PROMPT EMERGENCY PATIENT STABILIZATION. — Pursuant to the local health autonomy mandate under Republic Act No. 7160 and in pursuit of the Universal Health Care framework, municipal health stations shall stabilize walk-in emergency patients immediately without financial pre-conditions, coordinating transfer to specialized tertiary facilities in accordance with PhilHealth referral protocols. The City Health Office (CHO) and the City Epidemiological Surveillance Unit shall deploy health sanitary inspectors to ensure strict protocol enforcement.","City Ordinance No. 0502-21, Series of 2021 (The Davao City Universal Primary Health Care Network and Clinical Integration Code)",Actual Davao City Local Issuance Adaptation,Davao City District Health Center Network Referral Protocol [District 1 (Poblacion/Talomo) - Coastal Maritime Zone],Entailment,Direct execution of statutory emergency stabilization mandates under national universal healthcare laws.,Panel_D,"SP-ANN-10, SP-ANN-11, SP-ANN-12"
GT-214,Block_4,4,"Public Health, Hospitals & Medical Services",Tier 2: Preemption & Carve-Outs,Republic Act No. 11332 (Mandatory Reporting of Notifiable Diseases and Health Events of Public Health Concern Act),Section 9,"Section 9. Prohibited Acts. — The following shall be prohibited under this Act: (a) Unauthorized disclosure of private and confidential information pertaining to a patient's medical condition or treatment; (b) Non-cooperation of persons and entities that should report and/or respond to notifiable diseases or health events of public health concern; and (c) Non-cooperation of the person or firms categorized as having the notifiable disease, or affected by the health event of public concern.","City Ordinance No. 0715-20, Series of 2020 (The Davao City Epidemiological Disease Surveillance and Health Data Confidentiality Code)",Section 5,"SECTION 5. SECURE EPIDEMIOLOGICAL DATA TRANSMISSION. — To protect public health, promote clinical safety standards, and safeguard patient welfare across all medical facilities in Davao City, the City Health Office Epidemiology and Surveillance Unit shall manage contact tracing data through encrypted digital platforms accessible only to authorized health personnel in compliance with DOH standards. Non-compliance with the health and sanitation directives established herein shall warrant the immediate revocation of the establishment's sanitary permit.","City Ordinance No. 0715-20, Series of 2020 (The Davao City Epidemiological Disease Surveillance and Health Data Confidentiality Code)",Actual Davao City Local Issuance Adaptation,Davao City Epidemiological Surveillance and Contact Tracing Protocol [District 2 (Buhangin/Bunawan) - Urban Commercial Corridor],Entailment,Compliant local epidemiological surveillance executing statutory reporting with strict data privacy safeguards.,Panel_D,"SP-ANN-10, SP-ANN-11, SP-ANN-12"
GT-215,Block_4,4,"Public Health, Hospitals & Medical Services",Tier 2: Preemption & Carve-Outs,Republic Act No. 9211 (Tobacco Regulation Act of 2003),Section 5,"Section 5. Smoking in Public Places. — Smoking shall be absolutely prohibited in the following public places: (a) Centers of youth activity such as playschools, elementary schools, high schools, colleges and universities, youth hostels and recreational facilities for persons under eighteen (18) years old; (b) Elevators and stairwells; (c) Locations in which fire hazards are present, including gas stations and storage areas for flammable materials; (d) Within the buildings and premises of public and private hospitals, medical, dental, and optical clinics, health centers, nursing homes, dispensaries and laboratories; and (e) Public conveyances and public facilities.","City Ordinance No. 0367-18, Series of 2018 (The Comprehensive Davao City Smoke-Free Public Environments and Tobacco Regulation Code)",Section 6,"SECTION 6. DESIGNATED OUTDOOR SMOKING AREAS. — Pursuant to the local health autonomy mandate under Republic Act No. 7160 and in pursuit of the Universal Health Care framework, designated smoking areas in commercial complexes shall be situated strictly in open outdoor spaces, positioned at least ten (10) meters away from building entrances, operable windows, and public access pathways. The City Health Office (CHO) and the City Epidemiological Surveillance Unit shall deploy health sanitary inspectors to ensure strict protocol enforcement.","City Ordinance No. 0367-18, Series of 2018 (The Comprehensive Davao City Smoke-Free Public Environments and Tobacco Regulation Code)",Actual Davao City Landmark Ordinance Adaptation,Davao City Designated Smoking Area Standards Protocol [District 3 (Toril/Calinan/Marilog) - Suburban Residential Zone],Entailment,Compliant local enforcement establishing strict outdoor designated smoking areas adhering to statutory parameters.,Panel_D,"SP-ANN-10, SP-ANN-11, SP-ANN-12"
GT-216,Block_4,4,"Public Health, Hospitals & Medical Services",Tier 2: Preemption & Carve-Outs,Republic Act No. 11223 (Universal Health Care Act),Section 6,"Section 6. Service Coverage. — (a) Every Filipino shall be granted immediate eligibility and access to preventive, promotive, curative, rehabilitative, and palliative care for medical, dental, mental and emergency health services, delivered either as population-based or individual-based health services. (b) PhilHealth and the Department of Health (DOH), in coordination with local government units (LGUs), shall endeavor to provide a primary health care delivery system that will afford every Filipino access to a licensed primary care provider of choice without financial hardship at the point of service.","City Ordinance No. 0502-21, Series of 2021 (The Davao City Universal Primary Health Care Network and Clinical Integration Code)",Section 5,"SECTION 5. PROMPT EMERGENCY PATIENT STABILIZATION. — Pursuant to the local health autonomy mandate under Republic Act No. 7160 and in pursuit of the Universal Health Care framework, municipal health stations shall stabilize walk-in emergency patients immediately without financial pre-conditions, coordinating transfer to specialized tertiary facilities in accordance with PhilHealth referral protocols. The City Health Office (CHO) and the City Epidemiological Surveillance Unit shall deploy health sanitary inspectors to ensure strict protocol enforcement.","City Ordinance No. 0502-21, Series of 2021 (The Davao City Universal Primary Health Care Network and Clinical Integration Code)",Actual Davao City Local Issuance Adaptation,Davao City District Health Center Network Referral Protocol [District 1 (Poblacion/Talomo) - Agricultural Buffer & Upland Watershed],Entailment,Direct execution of statutory emergency stabilization mandates under national universal healthcare laws.,Panel_D,"SP-ANN-10, SP-ANN-11, SP-ANN-12"
GT-217,Block_4,4,"Public Health, Hospitals & Medical Services",Tier 2: Preemption & Carve-Outs,Republic Act No. 11223 (Universal Health Care Act),Section 6,"Section 6. Service Coverage. — (a) Every Filipino shall be granted immediate eligibility and access to preventive, promotive, curative, rehabilitative, and palliative care for medical, dental, mental and emergency health services, delivered either as population-based or individual-based health services. (b) PhilHealth and the Department of Health (DOH), in coordination with local government units (LGUs), shall endeavor to provide a primary health care delivery system that will afford every Filipino access to a licensed primary care provider of choice without financial hardship at the point of service.","City Ordinance No. 0325-18, Series of 2018 (The Davao City Public Health Center Dental Equipment Autoclave Sterilization Standard)",Section 5,"SECTION 5. INFECTIOUS WASTE BIN SPECIFICATIONS. — In the exercise of municipal police power to preserve public hygiene and prevent the transmission of communicable illnesses, clinical sharps disposal containers utilized in municipal health stations shall be constructed of rigid, puncture-proof red polypropylene bearing biohazard insignias. The Davao City Anti-Smoking Task Force, in coordination with the Davao City Police Office, shall conduct random inspections of regulated public spaces.","City Ordinance No. 0325-18, Series of 2018 (The Davao City Public Health Center Dental Equipment Autoclave Sterilization Standard)",Actual Davao City Local Issuance Adaptation,Davao City Medical Center Biohazard Waste Bin Color-Coding Protocol,Neutral,Regulates clinical infectious waste container standards; neutral regarding universal medical care rights.,Panel_D,"SP-ANN-10, SP-ANN-11, SP-ANN-12"
GT-218,Block_4,4,"Public Health, Hospitals & Medical Services",Tier 2: Preemption & Carve-Outs,Republic Act No. 11332 (Mandatory Reporting of Notifiable Diseases and Health Events of Public Health Concern Act),Section 9,"Section 9. Prohibited Acts. — The following shall be prohibited under this Act: (a) Unauthorized disclosure of private and confidential information pertaining to a patient's medical condition or treatment; (b) Non-cooperation of persons and entities that should report and/or respond to notifiable diseases or health events of public health concern; and (c) Non-cooperation of the person or firms categorized as having the notifiable disease, or affected by the health event of public concern.","City Ordinance No. 0210-17, Series of 2017 (The Davao City Health Center Clinical Furniture Surface Sanitization Standard)",Section 3,"SECTION 3. VACCINE COLD-CHAIN TEMPERATURE LOGS. — To protect public health, promote clinical safety standards, and safeguard patient welfare across all medical facilities in Davao City, clinic nurses shall verify and record digital temperatures of vaccine storage refrigerators twice daily to ensure uninterrupted cold-chain preservation. Non-compliance with the health and sanitation directives established herein shall warrant the immediate revocation of the establishment's sanitary permit.","City Ordinance No. 0210-17, Series of 2017 (The Davao City Health Center Clinical Furniture Surface Sanitization Standard)",Actual Davao City Local Issuance Adaptation,Davao City Medical Refrigerator Temperature Monitoring Protocol,Neutral,Regulates clinic refrigeration temperature monitoring; neutral regarding statutory communicable disease reporting.,Panel_D,"SP-ANN-10, SP-ANN-11, SP-ANN-12"
GT-219,Block_4,4,"Public Health, Hospitals & Medical Services",Tier 2: Preemption & Carve-Outs,Republic Act No. 9211 (Tobacco Regulation Act of 2003),Section 5,"Section 5. Smoking in Public Places. — Smoking shall be absolutely prohibited in the following public places: (a) Centers of youth activity such as playschools, elementary schools, high schools, colleges and universities, youth hostels and recreational facilities for persons under eighteen (18) years old; (b) Elevators and stairwells; (c) Locations in which fire hazards are present, including gas stations and storage areas for flammable materials; (d) Within the buildings and premises of public and private hospitals, medical, dental, and optical clinics, health centers, nursing homes, dispensaries and laboratories; and (e) Public conveyances and public facilities.","City Ordinance No. 0184-16, Series of 2016 (The Davao City Public Park Masonry Walkway Anti-Algae Coating Specification Standard)",Section 3,"SECTION 3. ROTATIONAL LAWN IRRIGATION SCHEDULE. — To protect public health, promote clinical safety standards, and safeguard patient welfare across all medical facilities in Davao City, automated sprinkler systems installed within urban plazas shall operate exclusively during early morning hours between four o'clock and six o'clock to conserve municipal treated water. Non-compliance with the health and sanitation directives established herein shall warrant the immediate revocation of the establishment's sanitary permit.","City Ordinance No. 0184-16, Series of 2016 (The Davao City Public Park Masonry Walkway Anti-Algae Coating Specification Standard)",Actual Davao City Local Issuance Adaptation,Davao City Public Park Lawn Sprinkler Operation Schedule,Neutral,Regulates public park irrigation hours; neutral regarding statutory tobacco smoking prohibitions.,Panel_D,"SP-ANN-10, SP-ANN-11, SP-ANN-12"
GT-220,Block_4,4,"Public Health, Hospitals & Medical Services",Tier 2: Preemption & Carve-Outs,Republic Act No. 11223 (Universal Health Care Act),Section 6,"Section 6. Service Coverage. — (a) Every Filipino shall be granted immediate eligibility and access to preventive, promotive, curative, rehabilitative, and palliative care for medical, dental, mental and emergency health services, delivered either as population-based or individual-based health services. (b) PhilHealth and the Department of Health (DOH), in coordination with local government units (LGUs), shall endeavor to provide a primary health care delivery system that will afford every Filipino access to a licensed primary care provider of choice without financial hardship at the point of service.","City Ordinance No. 0325-18, Series of 2018 (The Davao City Public Health Center Dental Equipment Autoclave Sterilization Standard)",Section 5,"SECTION 5. INFECTIOUS WASTE BIN SPECIFICATIONS. — In the exercise of municipal police power to preserve public hygiene and prevent the transmission of communicable illnesses, clinical sharps disposal containers utilized in municipal health stations shall be constructed of rigid, puncture-proof red polypropylene bearing biohazard insignias. The Davao City Anti-Smoking Task Force, in coordination with the Davao City Police Office, shall conduct random inspections of regulated public spaces.","City Ordinance No. 0325-18, Series of 2018 (The Davao City Public Health Center Dental Equipment Autoclave Sterilization Standard)",Actual Davao City Local Issuance Adaptation,Davao City Medical Center Biohazard Waste Bin Color-Coding Protocol [District 1 (Poblacion/Talomo) - Coastal Maritime Zone],Neutral,Regulates clinical infectious waste container standards; neutral regarding universal medical care rights.,Panel_D,"SP-ANN-10, SP-ANN-11, SP-ANN-12"
GT-221,Block_4,4,"Public Health, Hospitals & Medical Services",Tier 2: Preemption & Carve-Outs,Republic Act No. 11332 (Mandatory Reporting of Notifiable Diseases and Health Events of Public Health Concern Act),Section 9,"Section 9. Prohibited Acts. — The following shall be prohibited under this Act: (a) Unauthorized disclosure of private and confidential information pertaining to a patient's medical condition or treatment; (b) Non-cooperation of persons and entities that should report and/or respond to notifiable diseases or health events of public health concern; and (c) Non-cooperation of the person or firms categorized as having the notifiable disease, or affected by the health event of public concern.","City Ordinance No. 0210-17, Series of 2017 (The Davao City Health Center Clinical Furniture Surface Sanitization Standard)",Section 3,"SECTION 3. VACCINE COLD-CHAIN TEMPERATURE LOGS. — To protect public health, promote clinical safety standards, and safeguard patient welfare across all medical facilities in Davao City, clinic nurses shall verify and record digital temperatures of vaccine storage refrigerators twice daily to ensure uninterrupted cold-chain preservation. Non-compliance with the health and sanitation directives established herein shall warrant the immediate revocation of the establishment's sanitary permit.","City Ordinance No. 0210-17, Series of 2017 (The Davao City Health Center Clinical Furniture Surface Sanitization Standard)",Actual Davao City Local Issuance Adaptation,Davao City Medical Refrigerator Temperature Monitoring Protocol [District 2 (Buhangin/Bunawan) - Urban Commercial Corridor],Neutral,Regulates clinic refrigeration temperature monitoring; neutral regarding statutory communicable disease reporting.,Panel_D,"SP-ANN-10, SP-ANN-11, SP-ANN-12"
GT-222,Block_4,4,"Public Health, Hospitals & Medical Services",Tier 2: Preemption & Carve-Outs,Republic Act No. 9211 (Tobacco Regulation Act of 2003),Section 5,"Section 5. Smoking in Public Places. — Smoking shall be absolutely prohibited in the following public places: (a) Centers of youth activity such as playschools, elementary schools, high schools, colleges and universities, youth hostels and recreational facilities for persons under eighteen (18) years old; (b) Elevators and stairwells; (c) Locations in which fire hazards are present, including gas stations and storage areas for flammable materials; (d) Within the buildings and premises of public and private hospitals, medical, dental, and optical clinics, health centers, nursing homes, dispensaries and laboratories; and (e) Public conveyances and public facilities.","City Ordinance No. 0184-16, Series of 2016 (The Davao City Public Park Masonry Walkway Anti-Algae Coating Specification Standard)",Section 3,"SECTION 3. ROTATIONAL LAWN IRRIGATION SCHEDULE. — To protect public health, promote clinical safety standards, and safeguard patient welfare across all medical facilities in Davao City, automated sprinkler systems installed within urban plazas shall operate exclusively during early morning hours between four o'clock and six o'clock to conserve municipal treated water. Non-compliance with the health and sanitation directives established herein shall warrant the immediate revocation of the establishment's sanitary permit.","City Ordinance No. 0184-16, Series of 2016 (The Davao City Public Park Masonry Walkway Anti-Algae Coating Specification Standard)",Actual Davao City Local Issuance Adaptation,Davao City Public Park Lawn Sprinkler Operation Schedule [District 3 (Toril/Calinan/Marilog) - Suburban Residential Zone],Neutral,Regulates public park irrigation hours; neutral regarding statutory tobacco smoking prohibitions.,Panel_D,"SP-ANN-10, SP-ANN-11, SP-ANN-12"
GT-223,Block_4,4,"Public Health, Hospitals & Medical Services",Tier 3: Latent & Paraphrastic,Republic Act No. 11223 (Universal Health Care Act),Section 6,"Section 6. Service Coverage. — (a) Every Filipino shall be granted immediate eligibility and access to preventive, promotive, curative, rehabilitative, and palliative care for medical, dental, mental and emergency health services, delivered either as population-based or individual-based health services. (b) PhilHealth and the Department of Health (DOH), in coordination with local government units (LGUs), shall endeavor to provide a primary health care delivery system that will afford every Filipino access to a licensed primary care provider of choice without financial hardship at the point of service.","Proposed City Ordinance No. 2024-067, Series of 2024 (The Davao City Advanced Specialized Trauma Referral and Clinical Residency Surcharge Measure)",Section 8,"SECTION 8. PROTOCOL FOR SPECIALIZED TRAUMA ADMISSION. — In the exercise of municipal regulatory authority to maintain clean air, clinical safety, and hygienic living conditions for all residents, patients arriving at municipal emergency departments requiring intensive critical care intervention shall be routed through the Patient Accounting Bureau to establish verified national health insurance enrollment eligibility or documented corporate coverage prior to admission to specialized surgical suites. Municipal health inspectors are hereby empowered to examine business premises and recommend administrative closure for establishments failing to observe these health rules.","Proposed City Ordinance No. 2024-067, Series of 2024 (The Davao City Advanced Specialized Trauma Referral and Clinical Residency Surcharge Measure)",Synthetically Proposed Municipal Draft Clause,Draft Davao City Specialized Emergency Surgical Admission Protocol,Contradiction,"Latent rollback of universal emergency medical care (Substantive Preemption Doctrine). Conditions transfer to specialized emergency surgical suites on insurance verification, violating Section 6 of RA 11223 and the Anti-Hospital Deposit Law which mandate immediate emergency stabilization without administrative preconditions.",Panel_D,"SP-ANN-10, SP-ANN-11, SP-ANN-12"
GT-224,Block_4,4,"Public Health, Hospitals & Medical Services",Tier 3: Latent & Paraphrastic,Republic Act No. 11332 (Mandatory Reporting of Notifiable Diseases and Health Events of Public Health Concern Act),Section 9,"Section 9. Prohibited Acts. — The following shall be prohibited under this Act: (a) Unauthorized disclosure of private and confidential information pertaining to a patient's medical condition or treatment; (b) Non-cooperation of persons and entities that should report and/or respond to notifiable diseases or health events of public health concern; and (c) Non-cooperation of the person or firms categorized as having the notifiable disease, or affected by the health event of public concern.","Proposed City Ordinance No. 2024-088, Series of 2024 (The Davao City Community Cluster Quarantine and Neighborhood Epidemiological Tracking Measure)",Section 8,"SECTION 8. GRANULAR EPIDEMIOLOGICAL CLUSTER MAPPING. — Pursuant to the police power of the Sangguniang Panlungsod to protect community health and prevent environmental hazards within the city, and to maximize community vigilance during epidemic surges, the City Health Office shall publish digital geospatial directory maps on municipal portals identifying the specific residential addresses and compound locations of active quarantined households to facilitate localized neighborhood tracing. The City Health Office, in coordination with the City Legal Office, shall conduct regular hygienic inspections and issue formal compliance notices to property administrators.","Proposed City Ordinance No. 2024-088, Series of 2024 (The Davao City Community Cluster Quarantine and Neighborhood Epidemiological Tracking Measure)",Synthetically Proposed Municipal Draft Clause,Draft Davao City Community Epidemiological Mapping and Contact Tracing Code,Contradiction,"Latent violation of statutory patient confidentiality (Substantive Preemption Doctrine). Publishes specific residential street and compound locations of quarantined families, violating Section 9 of RA 11332 which prohibits unauthorized public disclosure of identifiable patient data during health emergencies.",Panel_D,"SP-ANN-10, SP-ANN-11, SP-ANN-12"
GT-225,Block_4,4,"Public Health, Hospitals & Medical Services",Tier 3: Latent & Paraphrastic,Republic Act No. 9211 (Tobacco Regulation Act of 2003),Section 5,"Section 5. Smoking in Public Places. — Smoking shall be absolutely prohibited in the following public places: (a) Centers of youth activity such as playschools, elementary schools, high schools, colleges and universities, youth hostels and recreational facilities for persons under eighteen (18) years old; (b) Elevators and stairwells; (c) Locations in which fire hazards are present, including gas stations and storage areas for flammable materials; (d) Within the buildings and premises of public and private hospitals, medical, dental, and optical clinics, health centers, nursing homes, dispensaries and laboratories; and (e) Public conveyances and public facilities.","Proposed City Ordinance No. 2024-049, Series of 2024 (The Davao City Open-Air Waterfront Hospitality and Controlled Smoking Patio Measure)",Section 7,"SECTION 7. DESIGNATED INDOOR HERITAGE CIGAR DEGUSTATION ROOMS. — To advance public health protection and ensure the comprehensive monitoring of sanitation standards across commercial and healthcare properties, licensed hospitality establishments and boutique cigar lounges may maintain an enclosed indoor tobacco tasting chamber for adult connoisseurs, provided that the venue operates independent negative-pressure ventilation systems certified by the City Health Office. The City Administrator shall coordinate with local barangay health workers to maintain community health surveillance and ensure adherence to this Section.","Proposed City Ordinance No. 2024-049, Series of 2024 (The Davao City Open-Air Waterfront Hospitality and Controlled Smoking Patio Measure)",Synthetically Proposed Municipal Draft Clause,Draft Davao City Hospitality Cigar Degustation Licensing Measure,Contradiction,"Latent breach of absolute statutory indoor smoking prohibitions (Substantive Preemption Doctrine). Creates an exception for indoor cigar degustation rooms under the pretext of negative-pressure ventilation, violating Section 5 of RA 9211 and EO 26 which strictly prohibit indoor smoking areas inside food and hospitality establishments.",Panel_D,"SP-ANN-10, SP-ANN-11, SP-ANN-12"
GT-226,Block_4,4,"Public Health, Hospitals & Medical Services",Tier 3: Latent & Paraphrastic,Republic Act No. 11223 (Universal Health Care Act),Section 6,"Section 6. Service Coverage. — (a) Every Filipino shall be granted immediate eligibility and access to preventive, promotive, curative, rehabilitative, and palliative care for medical, dental, mental and emergency health services, delivered either as population-based or individual-based health services. (b) PhilHealth and the Department of Health (DOH), in coordination with local government units (LGUs), shall endeavor to provide a primary health care delivery system that will afford every Filipino access to a licensed primary care provider of choice without financial hardship at the point of service.","Proposed City Ordinance No. 2024-067, Series of 2024 (The Davao City Advanced Specialized Trauma Referral and Clinical Residency Surcharge Measure)",Section 8,"SECTION 8. PROTOCOL FOR SPECIALIZED TRAUMA ADMISSION. — In the exercise of municipal regulatory authority to maintain clean air, clinical safety, and hygienic living conditions for all residents, patients arriving at municipal emergency departments requiring intensive critical care intervention shall be routed through the Patient Accounting Bureau to establish verified national health insurance enrollment eligibility or documented corporate coverage prior to admission to specialized surgical suites. Municipal health inspectors are hereby empowered to examine business premises and recommend administrative closure for establishments failing to observe these health rules.","Proposed City Ordinance No. 2024-067, Series of 2024 (The Davao City Advanced Specialized Trauma Referral and Clinical Residency Surcharge Measure)",Synthetically Proposed Municipal Draft Clause,Draft Davao City Specialized Emergency Surgical Admission Protocol [District 1 (Poblacion/Talomo) - Coastal Maritime Zone],Contradiction,"Latent rollback of universal emergency medical care (Substantive Preemption Doctrine). Conditions transfer to specialized emergency surgical suites on insurance verification, violating Section 6 of RA 11223 and the Anti-Hospital Deposit Law which mandate immediate emergency stabilization without administrative preconditions.",Panel_D,"SP-ANN-10, SP-ANN-11, SP-ANN-12"
GT-227,Block_4,4,"Public Health, Hospitals & Medical Services",Tier 3: Latent & Paraphrastic,Republic Act No. 11223 (Universal Health Care Act),Section 6,"Section 6. Service Coverage. — (a) Every Filipino shall be granted immediate eligibility and access to preventive, promotive, curative, rehabilitative, and palliative care for medical, dental, mental and emergency health services, delivered either as population-based or individual-based health services. (b) PhilHealth and the Department of Health (DOH), in coordination with local government units (LGUs), shall endeavor to provide a primary health care delivery system that will afford every Filipino access to a licensed primary care provider of choice without financial hardship at the point of service.","City Ordinance No. 0502-21, Series of 2021 (The Davao City Universal Primary Health Care Network and Clinical Integration Code)",Section 4,"SECTION 4. DECENTRALIZED MEDICAL CLINIC ACCESSIBILITY. — Pursuant to the police power of the Sangguniang Panlungsod to protect community health and prevent environmental hazards within the city, the City Health Office shall deploy mobile medical teams to remote agricultural settlements to provide free preventative clinical diagnostic consultations and essential therapeutic medications to vulnerable populations. The City Health Office, in coordination with the City Legal Office, shall conduct regular hygienic inspections and issue formal compliance notices to property administrators.","City Ordinance No. 0502-21, Series of 2021 (The Davao City Universal Primary Health Care Network and Clinical Integration Code)",Actual Davao City Local Issuance Adaptation,Davao City Community Primary Healthcare Outreach Protocol,Entailment,Substantive conceptual compliance with universal healthcare access mandates.,Panel_D,"SP-ANN-10, SP-ANN-11, SP-ANN-12"
GT-228,Block_4,4,"Public Health, Hospitals & Medical Services",Tier 3: Latent & Paraphrastic,Republic Act No. 11332 (Mandatory Reporting of Notifiable Diseases and Health Events of Public Health Concern Act),Section 9,"Section 9. Prohibited Acts. — The following shall be prohibited under this Act: (a) Unauthorized disclosure of private and confidential information pertaining to a patient's medical condition or treatment; (b) Non-cooperation of persons and entities that should report and/or respond to notifiable diseases or health events of public health concern; and (c) Non-cooperation of the person or firms categorized as having the notifiable disease, or affected by the health event of public concern.","City Ordinance No. 0715-20, Series of 2020 (The Davao City Epidemiological Disease Surveillance and Health Data Confidentiality Code)",Section 6,"SECTION 6. PROTECTION OF COMMUNICABLE DISEASE DATA. — In the exercise of municipal regulatory authority to maintain clean air, clinical safety, and hygienic living conditions for all residents, health workers conducting epidemiological disease tracing shall maintain strict medical confidentiality over patient identities, transmitting surveillance records through secure encrypted channels exclusively to authorized public health epidemiologists. Municipal health inspectors are hereby empowered to examine business premises and recommend administrative closure for establishments failing to observe these health rules.","City Ordinance No. 0715-20, Series of 2020 (The Davao City Epidemiological Disease Surveillance and Health Data Confidentiality Code)",Actual Davao City Local Issuance Adaptation,Davao City Public Health Surveillance and Data Confidentiality Protocol,Entailment,Substantive conceptual compliance with statutory disease reporting and patient privacy mandates.,Panel_D,"SP-ANN-10, SP-ANN-11, SP-ANN-12"
GT-229,Block_4,4,"Public Health, Hospitals & Medical Services",Tier 3: Latent & Paraphrastic,Republic Act No. 9211 (Tobacco Regulation Act of 2003),Section 5,"Section 5. Smoking in Public Places. — Smoking shall be absolutely prohibited in the following public places: (a) Centers of youth activity such as playschools, elementary schools, high schools, colleges and universities, youth hostels and recreational facilities for persons under eighteen (18) years old; (b) Elevators and stairwells; (c) Locations in which fire hazards are present, including gas stations and storage areas for flammable materials; (d) Within the buildings and premises of public and private hospitals, medical, dental, and optical clinics, health centers, nursing homes, dispensaries and laboratories; and (e) Public conveyances and public facilities.","City Ordinance No. 0367-18, Series of 2018 (The Comprehensive Davao City Smoke-Free Public Environments and Tobacco Regulation Code)",Section 5,"SECTION 5. SMOKE-FREE PUBLIC THOROUGHFARES. — Pursuant to the police power of the Sangguniang Panlungsod to protect community health and prevent environmental hazards within the city, the Anti-Vices Task Force shall monitor public assembly zones and commercial walkways to ensure that individuals refrain from combustion of tobacco products in areas accessible to the general public. The City Health Office, in coordination with the City Legal Office, shall conduct regular hygienic inspections and issue formal compliance notices to property administrators.","City Ordinance No. 0367-18, Series of 2018 (The Comprehensive Davao City Smoke-Free Public Environments and Tobacco Regulation Code)",Actual Davao City Landmark Ordinance Adaptation,Davao City Clean Air and Smoke-Free Public Environment Charter,Entailment,Substantive conceptual execution of absolute public smoking prohibitions.,Panel_D,"SP-ANN-10, SP-ANN-11, SP-ANN-12"
GT-230,Block_4,4,"Public Health, Hospitals & Medical Services",Tier 3: Latent & Paraphrastic,Republic Act No. 11223 (Universal Health Care Act),Section 6,"Section 6. Service Coverage. — (a) Every Filipino shall be granted immediate eligibility and access to preventive, promotive, curative, rehabilitative, and palliative care for medical, dental, mental and emergency health services, delivered either as population-based or individual-based health services. (b) PhilHealth and the Department of Health (DOH), in coordination with local government units (LGUs), shall endeavor to provide a primary health care delivery system that will afford every Filipino access to a licensed primary care provider of choice without financial hardship at the point of service.","City Ordinance No. 0502-21, Series of 2021 (The Davao City Universal Primary Health Care Network and Clinical Integration Code)",Section 4,"SECTION 4. DECENTRALIZED MEDICAL CLINIC ACCESSIBILITY. — Pursuant to the police power of the Sangguniang Panlungsod to protect community health and prevent environmental hazards within the city, the City Health Office shall deploy mobile medical teams to remote agricultural settlements to provide free preventative clinical diagnostic consultations and essential therapeutic medications to vulnerable populations. The City Health Office, in coordination with the City Legal Office, shall conduct regular hygienic inspections and issue formal compliance notices to property administrators.","City Ordinance No. 0502-21, Series of 2021 (The Davao City Universal Primary Health Care Network and Clinical Integration Code)",Actual Davao City Local Issuance Adaptation,Davao City Community Primary Healthcare Outreach Protocol [District 1 (Poblacion/Talomo) - Coastal Maritime Zone],Entailment,Substantive conceptual compliance with universal healthcare access mandates.,Panel_D,"SP-ANN-10, SP-ANN-11, SP-ANN-12"
GT-231,Block_4,4,"Public Health, Hospitals & Medical Services",Tier 3: Latent & Paraphrastic,Republic Act No. 11332 (Mandatory Reporting of Notifiable Diseases and Health Events of Public Health Concern Act),Section 9,"Section 9. Prohibited Acts. — The following shall be prohibited under this Act: (a) Unauthorized disclosure of private and confidential information pertaining to a patient's medical condition or treatment; (b) Non-cooperation of persons and entities that should report and/or respond to notifiable diseases or health events of public health concern; and (c) Non-cooperation of the person or firms categorized as having the notifiable disease, or affected by the health event of public concern.","City Ordinance No. 0715-20, Series of 2020 (The Davao City Epidemiological Disease Surveillance and Health Data Confidentiality Code)",Section 6,"SECTION 6. PROTECTION OF COMMUNICABLE DISEASE DATA. — In the exercise of municipal regulatory authority to maintain clean air, clinical safety, and hygienic living conditions for all residents, health workers conducting epidemiological disease tracing shall maintain strict medical confidentiality over patient identities, transmitting surveillance records through secure encrypted channels exclusively to authorized public health epidemiologists. Municipal health inspectors are hereby empowered to examine business premises and recommend administrative closure for establishments failing to observe these health rules.","City Ordinance No. 0715-20, Series of 2020 (The Davao City Epidemiological Disease Surveillance and Health Data Confidentiality Code)",Actual Davao City Local Issuance Adaptation,Davao City Public Health Surveillance and Data Confidentiality Protocol [District 2 (Buhangin/Bunawan) - Urban Commercial Corridor],Entailment,Substantive conceptual compliance with statutory disease reporting and patient privacy mandates.,Panel_D,"SP-ANN-10, SP-ANN-11, SP-ANN-12"
GT-232,Block_4,4,"Public Health, Hospitals & Medical Services",Tier 3: Latent & Paraphrastic,Republic Act No. 11223 (Universal Health Care Act),Section 6,"Section 6. Service Coverage. — (a) Every Filipino shall be granted immediate eligibility and access to preventive, promotive, curative, rehabilitative, and palliative care for medical, dental, mental and emergency health services, delivered either as population-based or individual-based health services. (b) PhilHealth and the Department of Health (DOH), in coordination with local government units (LGUs), shall endeavor to provide a primary health care delivery system that will afford every Filipino access to a licensed primary care provider of choice without financial hardship at the point of service.","City Ordinance No. 0325-18, Series of 2018 (The Davao City Public Health Center Dental Equipment Autoclave Sterilization Standard)",Section 4,"SECTION 4. AUTOCLAVE TEMPERATURE MONITORING LOGS. — In the exercise of municipal regulatory authority to maintain clean air, clinical safety, and hygienic living conditions for all residents, dental clinic personnel operating steam autoclave sterilizers shall log vacuum pressure indicators following each sterilization batch to confirm complete pathogen neutralization. Municipal health inspectors are hereby empowered to examine business premises and recommend administrative closure for establishments failing to observe these health rules.","City Ordinance No. 0325-18, Series of 2018 (The Davao City Public Health Center Dental Equipment Autoclave Sterilization Standard)",Actual Davao City Ordinance Adaptation,Davao City Health Station Autoclave Sterilization Documentation Protocol,Neutral,Regulates dental equipment sterilization recordkeeping; completely independent of universal healthcare rights.,Panel_D,"SP-ANN-10, SP-ANN-11, SP-ANN-12"
GT-233,Block_4,4,"Public Health, Hospitals & Medical Services",Tier 3: Latent & Paraphrastic,Republic Act No. 11332 (Mandatory Reporting of Notifiable Diseases and Health Events of Public Health Concern Act),Section 9,"Section 9. Prohibited Acts. — The following shall be prohibited under this Act: (a) Unauthorized disclosure of private and confidential information pertaining to a patient's medical condition or treatment; (b) Non-cooperation of persons and entities that should report and/or respond to notifiable diseases or health events of public health concern; and (c) Non-cooperation of the person or firms categorized as having the notifiable disease, or affected by the health event of public concern.","City Ordinance No. 0210-17, Series of 2017 (The Davao City Health Center Clinical Furniture Surface Sanitization Standard)",Section 5,"SECTION 5. OUTPATIENT SEATING HYGIENE PROTOCOL. — Pursuant to the police power of the Sangguniang Panlungsod to protect community health and prevent environmental hazards within the city, custodial staff in public outpatient clinics shall wipe plastic waiting lounge benches with approved disinfectant solutions between morning and afternoon clinical consultation sessions. The City Health Office, in coordination with the City Legal Office, shall conduct regular hygienic inspections and issue formal compliance notices to property administrators.","City Ordinance No. 0210-17, Series of 2017 (The Davao City Health Center Clinical Furniture Surface Sanitization Standard)",Actual Davao City Ordinance Adaptation,Davao City Health Station Waiting Room Bench Sanitization Standard,Neutral,Regulates clinic furniture surface sanitization; completely independent of statutory epidemiological reporting.,Panel_D,"SP-ANN-10, SP-ANN-11, SP-ANN-12"
GT-234,Block_4,4,"Public Health, Hospitals & Medical Services",Tier 3: Latent & Paraphrastic,Republic Act No. 9211 (Tobacco Regulation Act of 2003),Section 5,"Section 5. Smoking in Public Places. — Smoking shall be absolutely prohibited in the following public places: (a) Centers of youth activity such as playschools, elementary schools, high schools, colleges and universities, youth hostels and recreational facilities for persons under eighteen (18) years old; (b) Elevators and stairwells; (c) Locations in which fire hazards are present, including gas stations and storage areas for flammable materials; (d) Within the buildings and premises of public and private hospitals, medical, dental, and optical clinics, health centers, nursing homes, dispensaries and laboratories; and (e) Public conveyances and public facilities.","City Ordinance No. 0184-16, Series of 2016 (The Davao City Public Park Masonry Walkway Anti-Algae Coating Specification Standard)",Section 6,"SECTION 6. SLIP-RESISTANT WALKWAY SEALANT. — To advance public health protection and ensure the comprehensive monitoring of sanitation standards across commercial and healthcare properties, pedestrian pathways within municipal recreational gardens shall be treated with silicone water-repellent sealant to minimize moss accumulation and prevent pedestrian slips during rainstorms. The City Administrator shall coordinate with local barangay health workers to maintain community health surveillance and ensure adherence to this Section.","City Ordinance No. 0184-16, Series of 2016 (The Davao City Public Park Masonry Walkway Anti-Algae Coating Specification Standard)",Actual Davao City Ordinance Adaptation,Davao City Public Park Concrete Walkway Sealant Standard,Neutral,Regulates park walkway masonry coatings; completely independent of statutory tobacco smoking regulations.,Panel_D,"SP-ANN-10, SP-ANN-11, SP-ANN-12"
GT-235,Block_4,4,"Public Health, Hospitals & Medical Services",Tier 3: Latent & Paraphrastic,Republic Act No. 11223 (Universal Health Care Act),Section 6,"Section 6. Service Coverage. — (a) Every Filipino shall be granted immediate eligibility and access to preventive, promotive, curative, rehabilitative, and palliative care for medical, dental, mental and emergency health services, delivered either as population-based or individual-based health services. (b) PhilHealth and the Department of Health (DOH), in coordination with local government units (LGUs), shall endeavor to provide a primary health care delivery system that will afford every Filipino access to a licensed primary care provider of choice without financial hardship at the point of service.","City Ordinance No. 0325-18, Series of 2018 (The Davao City Public Health Center Dental Equipment Autoclave Sterilization Standard)",Section 4,"SECTION 4. AUTOCLAVE TEMPERATURE MONITORING LOGS. — In the exercise of municipal regulatory authority to maintain clean air, clinical safety, and hygienic living conditions for all residents, dental clinic personnel operating steam autoclave sterilizers shall log vacuum pressure indicators following each sterilization batch to confirm complete pathogen neutralization. Municipal health inspectors are hereby empowered to examine business premises and recommend administrative closure for establishments failing to observe these health rules.","City Ordinance No. 0325-18, Series of 2018 (The Davao City Public Health Center Dental Equipment Autoclave Sterilization Standard)",Actual Davao City Ordinance Adaptation,Davao City Health Station Autoclave Sterilization Documentation Protocol [District 1 (Poblacion/Talomo) - Coastal Maritime Zone],Neutral,Regulates dental equipment sterilization recordkeeping; completely independent of universal healthcare rights.,Panel_D,"SP-ANN-10, SP-ANN-11, SP-ANN-12"
GT-236,Block_4,5,Statutory Codes & General Legal Amendments,Tier 1: Surface & Quantitative,Republic Act No. 7942 (Philippine Mining Act of 1995),Section 70,"Section 70. Environmental Impact Assessment (EIA). — Except during the exploration period of a mineral agreement or permit, an environmental clearance certificate shall be required based on an environmental impact assessment and procedures under the Philippine Environmental Impact Statement System including Sections 26 and 27 of the Local Government Code of 1991 which require prior consultation with affected communities and local government units.","Proposed City Ordinance No. 2024-112, Series of 2024 (The Davao City Upland Ecological Preservation and Commercial Quarry Moratorium Measure)",Section 4,"SECTION 4. MORATORIUM ON MINERAL AGREEMENTS. — Pursuant to the environmental management and resource conservation powers of Davao City under national environmental statutes, the Sangguniang Panlungsod hereby declares an absolute ten-year ban on the issuance and execution of all national Mineral Production Sharing Agreements (MPSA) and Financial or Technical Assistance Agreements (FTAA) across all marine territorial waters off Davao City. The City Environment and Natural Resources Office (CENRO), in coordination with the Department of Environment and Natural Resources, shall conduct field monitoring.","Proposed City Ordinance No. 2024-112, Series of 2024 (The Davao City Upland Ecological Preservation and Commercial Quarry Moratorium Measure)",Synthetically Proposed Municipal Draft Clause,Draft Davao City Offshore Mineral Exploration Moratorium Measure,Contradiction,"Direct jurisdictional encroachment under Magtajas. Section 70 and provisions of RA 7942 reserve the exclusive authority to grant, regulate, and execute mineral exploration and production agreements to the Secretary of the DENR and the President.",Panel_D,"SP-ANN-10, SP-ANN-11, SP-ANN-12"
GT-237,Block_4,5,Statutory Codes & General Legal Amendments,Tier 1: Surface & Quantitative,Republic Act No. 8550 (The Philippine Fisheries Code of 1998),Section 18,"Section 18. Users of Municipal Waters. — All fishery related activities in municipal waters, as defined in this Code, shall be utilized by municipal fisherfolk and their cooperatives who are listed in the registry of municipal fisherfolk. The municipal or city government may, through its local chief executive and acting pursuant to an appropriate ordinance, permit small and medium commercial fishing vessels to operate within the ten point one (10.1) to fifteen (15) kilometer area from the shoreline in municipal waters, provided, that no commercial fishing is allowed in waters with depth less than seven (7) fathoms, and prior public consultation with the FARMC has been conducted.","Proposed City Ordinance No. 2024-077, Series of 2024 (The Davao City Deep-Water Commercial Trawler Permitting and Licensing Surcharge Measure)",Section 5,"SECTION 5. COMMERCIAL FISHING AUTHORIZATION IN MUNICIPAL WATERS. — In the exercise of municipal regulatory jurisdiction over local water bodies, coastal resources, and municipal public lands, commercial fishing vessels measuring between twenty (20) and one hundred fifty (150) gross tons are hereby authorized to conduct commercial purse-seine and trawl fishing within municipal waters extending three (3) kilometers from the shoreline of Davao City. The City Agriculture Office and the Fisheries and Aquatic Resources Management Council (FARMC) shall oversee maritime zone enforcement.","Proposed City Ordinance No. 2024-077, Series of 2024 (The Davao City Deep-Water Commercial Trawler Permitting and Licensing Surcharge Measure)",Synthetically Proposed Municipal Draft Clause,Draft Davao City Commercial Deep-Sea Marine Trawling Measure,Contradiction,"Direct breach of statutory spatial boundaries. Section 18 of RA 8550 strictly reserves municipal waters from shoreline to 15 kilometers for municipal fishers, permitting medium commercial vessels only in deeper waters beyond 10.1 kilometers under strict conditions.",Panel_D,"SP-ANN-10, SP-ANN-11, SP-ANN-12"
GT-238,Block_4,5,Statutory Codes & General Legal Amendments,Tier 1: Surface & Quantitative,Republic Act No. 10591 (Comprehensive Firearms and Ammunition Regulation Act),Section 31,"Section 31. Absence of Permit to Carry Outside of Residence. — The penalty of prision correccional and a fine of Ten thousand pesos (P10,000.00) shall be imposed upon any person who is licensed to own a firearm but who shall carry the registered firearm outside his/her residence without any legal permit to carry issued by the Chief of the Philippine National Police (PNP).","Proposed City Ordinance No. 2024-138, Series of 2024 (The Davao City Civic Festival Area Auxiliary Weapon Verification and Inspection Measure)",Section 4,"SECTION 4. LOCAL MUNICIPAL PERMIT TO CARRY FIREARMS. — In the exercise of municipal regulatory jurisdiction over local water bodies, coastal resources, and municipal public lands, licensed firearm holders residing within Davao City must apply for and secure a City Mayor's Permit to Carry Firearms Outside of Residence, paying an annual municipal fee of Five Thousand Pesos (PHP 5,000.00), prior to transporting registered firearms across city streets. The City Agriculture Office and the Fisheries and Aquatic Resources Management Council (FARMC) shall oversee maritime zone enforcement.","Proposed City Ordinance No. 2024-138, Series of 2024 (The Davao City Civic Festival Area Auxiliary Weapon Verification and Inspection Measure)",Synthetically Proposed Municipal Draft Clause,Draft Davao City Firearms Local Permitting Measure,Contradiction,Direct preemption of national jurisdiction. Section 31 of RA 10591 explicitly establishes that the authority to issue a Permit to Carry Firearms Outside of Residence (PTCFOR) belongs exclusively to the Chief of the Philippine National Police (PNP).,Panel_D,"SP-ANN-10, SP-ANN-11, SP-ANN-12"
GT-239,Block_4,5,Statutory Codes & General Legal Amendments,Tier 1: Surface & Quantitative,Republic Act No. 7942 (Philippine Mining Act of 1995),Section 70,"Section 70. Environmental Impact Assessment (EIA). — Except during the exploration period of a mineral agreement or permit, an environmental clearance certificate shall be required based on an environmental impact assessment and procedures under the Philippine Environmental Impact Statement System including Sections 26 and 27 of the Local Government Code of 1991 which require prior consultation with affected communities and local government units.","Proposed City Ordinance No. 2024-112, Series of 2024 (The Davao City Upland Ecological Preservation and Commercial Quarry Moratorium Measure)",Section 4,"SECTION 4. MORATORIUM ON MINERAL AGREEMENTS. — Pursuant to the environmental management and resource conservation powers of Davao City under national environmental statutes, the Sangguniang Panlungsod hereby declares an absolute ten-year ban on the issuance and execution of all national Mineral Production Sharing Agreements (MPSA) and Financial or Technical Assistance Agreements (FTAA) across all marine territorial waters off Davao City. The City Environment and Natural Resources Office (CENRO), in coordination with the Department of Environment and Natural Resources, shall conduct field monitoring.","Proposed City Ordinance No. 2024-112, Series of 2024 (The Davao City Upland Ecological Preservation and Commercial Quarry Moratorium Measure)",Synthetically Proposed Municipal Draft Clause,Draft Davao City Offshore Mineral Exploration Moratorium Measure [District 1 (Poblacion/Talomo) - Coastal Maritime Zone],Contradiction,"Direct jurisdictional encroachment under Magtajas. Section 70 and provisions of RA 7942 reserve the exclusive authority to grant, regulate, and execute mineral exploration and production agreements to the Secretary of the DENR and the President.",Panel_D,"SP-ANN-10, SP-ANN-11, SP-ANN-12"
GT-240,Block_4,5,Statutory Codes & General Legal Amendments,Tier 1: Surface & Quantitative,Republic Act No. 7942 (Philippine Mining Act of 1995),Section 70,"Section 70. Environmental Impact Assessment (EIA). — Except during the exploration period of a mineral agreement or permit, an environmental clearance certificate shall be required based on an environmental impact assessment and procedures under the Philippine Environmental Impact Statement System including Sections 26 and 27 of the Local Government Code of 1991 which require prior consultation with affected communities and local government units.","City Ordinance No. 0491-22, Series of 2022 (The Davao City Environmental Impact Review and Mining Watershed Protection Code)",Section 3,"SECTION 3. ENVIRONMENTAL COMPLIANCE REQUISITE. — Pursuant to the environmental management and resource conservation powers of Davao City under national environmental statutes, in accordance with Section 70 of Republic Act No. 7942, commercial quarry operators extracting sand and gravel within Davao City shall secure an Environmental Compliance Certificate from the DENR prior to the issuance of a City Mayor's Quarry Permit. The City Environment and Natural Resources Office (CENRO), in coordination with the Department of Environment and Natural Resources, shall conduct field monitoring.","City Ordinance No. 0491-22, Series of 2022 (The Davao City Environmental Impact Review and Mining Watershed Protection Code)",Actual Davao City Landmark Ordinance Adaptation,Davao City Watershed Environmental Protection and Small-Scale Quarrying Ordinance,Entailment,Exact statutory adherence coordinating local quarry permitting with mandatory national DENR environmental certificates.,Panel_D,"SP-ANN-10, SP-ANN-11, SP-ANN-12"
GT-241,Block_4,5,Statutory Codes & General Legal Amendments,Tier 1: Surface & Quantitative,Republic Act No. 8550 (The Philippine Fisheries Code of 1998),Section 18,"Section 18. Users of Municipal Waters. — All fishery related activities in municipal waters, as defined in this Code, shall be utilized by municipal fisherfolk and their cooperatives who are listed in the registry of municipal fisherfolk. The municipal or city government may, through its local chief executive and acting pursuant to an appropriate ordinance, permit small and medium commercial fishing vessels to operate within the ten point one (10.1) to fifteen (15) kilometer area from the shoreline in municipal waters, provided, that no commercial fishing is allowed in waters with depth less than seven (7) fathoms, and prior public consultation with the FARMC has been conducted.","City Ordinance No. 0278-19, Series of 2019 (The Davao City Municipal Coastal Waters and Artisanal Fisheries Protection Code)",Section 3,"SECTION 3. ARTISANAL MUNICIPAL FISHER REGISTRATION. — To protect ecological stability, ensure sustainable natural resource utilization, and preserve public safety across the city, pursuant to Section 18 of Republic Act No. 8550, the City Agriculture Office shall maintain a municipal fisherfolk registry, granting priority exploitation rights within the fifteen (15) kilometer municipal waters to resident subsistence fisherfolk. Violations of the environmental conditions and licensing restrictions specified herein shall be penalized under the Davao City Ecological Solid Waste Management Code.","City Ordinance No. 0278-19, Series of 2019 (The Davao City Municipal Coastal Waters and Artisanal Fisheries Protection Code)",Actual Davao City Landmark Ordinance Adaptation,Davao City Fisheries Management and Coastal Conservation Ordinance,Entailment,Exact statutory adoption of the 15-kilometer municipal waters boundary and subsistence fisher priority rights under RA 8550.,Panel_D,"SP-ANN-10, SP-ANN-11, SP-ANN-12"
GT-242,Block_4,5,Statutory Codes & General Legal Amendments,Tier 1: Surface & Quantitative,Republic Act No. 10591 (Comprehensive Firearms and Ammunition Regulation Act),Section 31,"Section 31. Absence of Permit to Carry Outside of Residence. — The penalty of prision correccional and a fine of Ten thousand pesos (P10,000.00) shall be imposed upon any person who is licensed to own a firearm but who shall carry the registered firearm outside his/her residence without any legal permit to carry issued by the Chief of the Philippine National Police (PNP).","City Ordinance No. 0635-21, Series of 2021 (The Davao City Public Assembly Firearms Safety and Peace Maintenance Code)",Section 3,"SECTION 3. RECOGNITION OF NATIONAL PNP PTCFOR LICENSES. — To protect ecological stability, ensure sustainable natural resource utilization, and preserve public safety across the city, in accordance with Section 31 of Republic Act No. 10591, the Davao City Police Office shall verify that any civilian individual carrying a concealed registered firearm in public places holds a valid Permit to Carry Firearms Outside of Residence issued by the Chief of the PNP. Violations of the environmental conditions and licensing restrictions specified herein shall be penalized under the Davao City Ecological Solid Waste Management Code.","City Ordinance No. 0635-21, Series of 2021 (The Davao City Public Assembly Firearms Safety and Peace Maintenance Code)",Actual Davao City Landmark Ordinance Adaptation,Davao City Public Safety Firearms Carrying Verification Protocol,Entailment,Exact statutory adherence executing national police verification of PTCFOR licenses under RA 10591.,Panel_D,"SP-ANN-10, SP-ANN-11, SP-ANN-12"
GT-243,Block_4,5,Statutory Codes & General Legal Amendments,Tier 1: Surface & Quantitative,Republic Act No. 7942 (Philippine Mining Act of 1995),Section 70,"Section 70. Environmental Impact Assessment (EIA). — Except during the exploration period of a mineral agreement or permit, an environmental clearance certificate shall be required based on an environmental impact assessment and procedures under the Philippine Environmental Impact Statement System including Sections 26 and 27 of the Local Government Code of 1991 which require prior consultation with affected communities and local government units.","City Ordinance No. 0491-22, Series of 2022 (The Davao City Environmental Impact Review and Mining Watershed Protection Code)",Section 3,"SECTION 3. ENVIRONMENTAL COMPLIANCE REQUISITE. — Pursuant to the environmental management and resource conservation powers of Davao City under national environmental statutes, in accordance with Section 70 of Republic Act No. 7942, commercial quarry operators extracting sand and gravel within Davao City shall secure an Environmental Compliance Certificate from the DENR prior to the issuance of a City Mayor's Quarry Permit. The City Environment and Natural Resources Office (CENRO), in coordination with the Department of Environment and Natural Resources, shall conduct field monitoring.","City Ordinance No. 0491-22, Series of 2022 (The Davao City Environmental Impact Review and Mining Watershed Protection Code)",Actual Davao City Landmark Ordinance Adaptation,Davao City Watershed Environmental Protection and Small-Scale Quarrying Ordinance [District 1 (Poblacion/Talomo) - Coastal Maritime Zone],Entailment,Exact statutory adherence coordinating local quarry permitting with mandatory national DENR environmental certificates.,Panel_D,"SP-ANN-10, SP-ANN-11, SP-ANN-12"
GT-244,Block_4,5,Statutory Codes & General Legal Amendments,Tier 1: Surface & Quantitative,Republic Act No. 8550 (The Philippine Fisheries Code of 1998),Section 18,"Section 18. Users of Municipal Waters. — All fishery related activities in municipal waters, as defined in this Code, shall be utilized by municipal fisherfolk and their cooperatives who are listed in the registry of municipal fisherfolk. The municipal or city government may, through its local chief executive and acting pursuant to an appropriate ordinance, permit small and medium commercial fishing vessels to operate within the ten point one (10.1) to fifteen (15) kilometer area from the shoreline in municipal waters, provided, that no commercial fishing is allowed in waters with depth less than seven (7) fathoms, and prior public consultation with the FARMC has been conducted.","City Ordinance No. 0278-19, Series of 2019 (The Davao City Municipal Coastal Waters and Artisanal Fisheries Protection Code)",Section 3,"SECTION 3. ARTISANAL MUNICIPAL FISHER REGISTRATION. — To protect ecological stability, ensure sustainable natural resource utilization, and preserve public safety across the city, pursuant to Section 18 of Republic Act No. 8550, the City Agriculture Office shall maintain a municipal fisherfolk registry, granting priority exploitation rights within the fifteen (15) kilometer municipal waters to resident subsistence fisherfolk. Violations of the environmental conditions and licensing restrictions specified herein shall be penalized under the Davao City Ecological Solid Waste Management Code.","City Ordinance No. 0278-19, Series of 2019 (The Davao City Municipal Coastal Waters and Artisanal Fisheries Protection Code)",Actual Davao City Landmark Ordinance Adaptation,Davao City Fisheries Management and Coastal Conservation Ordinance [District 2 (Buhangin/Bunawan) - Urban Commercial Corridor],Entailment,Exact statutory adoption of the 15-kilometer municipal waters boundary and subsistence fisher priority rights under RA 8550.,Panel_D,"SP-ANN-10, SP-ANN-11, SP-ANN-12"
GT-245,Block_4,5,Statutory Codes & General Legal Amendments,Tier 1: Surface & Quantitative,Republic Act No. 7942 (Philippine Mining Act of 1995),Section 70,"Section 70. Environmental Impact Assessment (EIA). — Except during the exploration period of a mineral agreement or permit, an environmental clearance certificate shall be required based on an environmental impact assessment and procedures under the Philippine Environmental Impact Statement System including Sections 26 and 27 of the Local Government Code of 1991 which require prior consultation with affected communities and local government units.","City Ordinance No. 0339-19, Series of 2019 (The Davao City Botanical Garden Herbarium Specimen Preservation Standard)",Section 4,"SECTION 4. POTTING SOIL COMPOSITION. — Pursuant to the environmental management and resource conservation powers of Davao City under national environmental statutes, municipal botanical nurseries propagating indigenous hardwood saplings shall blend garden topsoil with river sand in a ratio of two (2) parts topsoil to one (1) part river sand. The City Environment and Natural Resources Office (CENRO), in coordination with the Department of Environment and Natural Resources, shall conduct field monitoring.","City Ordinance No. 0339-19, Series of 2019 (The Davao City Botanical Garden Herbarium Specimen Preservation Standard)",Actual Davao City Ordinance Adaptation,Davao City Public Nursery Seedling Potting Soil Specification,Neutral,Regulates municipal agricultural potting soil mixtures; neutral regarding statutory mining concessions.,Panel_D,"SP-ANN-10, SP-ANN-11, SP-ANN-12"
GT-246,Block_4,5,Statutory Codes & General Legal Amendments,Tier 1: Surface & Quantitative,Republic Act No. 8550 (The Philippine Fisheries Code of 1998),Section 18,"Section 18. Users of Municipal Waters. — All fishery related activities in municipal waters, as defined in this Code, shall be utilized by municipal fisherfolk and their cooperatives who are listed in the registry of municipal fisherfolk. The municipal or city government may, through its local chief executive and acting pursuant to an appropriate ordinance, permit small and medium commercial fishing vessels to operate within the ten point one (10.1) to fifteen (15) kilometer area from the shoreline in municipal waters, provided, that no commercial fishing is allowed in waters with depth less than seven (7) fathoms, and prior public consultation with the FARMC has been conducted.","City Ordinance No. 0203-17, Series of 2017 (The Davao City Fish Landing Terminal Market Weighing Scale Calibration Standard)",Section 4,"SECTION 4. MOORING BOLLARD SPECIFICATIONS. — In the exercise of municipal regulatory jurisdiction over local water bodies, coastal resources, and municipal public lands, cast-iron mooring bollards installed along municipal fish landing wharves shall have a rated holding tensile capacity of not less than thirty (30) metric tons. The City Agriculture Office and the Fisheries and Aquatic Resources Management Council (FARMC) shall oversee maritime zone enforcement.","City Ordinance No. 0203-17, Series of 2017 (The Davao City Fish Landing Terminal Market Weighing Scale Calibration Standard)",Actual Davao City Ordinance Adaptation,Davao City Fish Landing Port Concrete Mooring Bollard Standard,Neutral,Regulates port civil engineering bollard capacity; neutral regarding statutory municipal fishing boundaries.,Panel_D,"SP-ANN-10, SP-ANN-11, SP-ANN-12"
GT-247,Block_4,5,Statutory Codes & General Legal Amendments,Tier 1: Surface & Quantitative,Republic Act No. 10591 (Comprehensive Firearms and Ammunition Regulation Act),Section 31,"Section 31. Absence of Permit to Carry Outside of Residence. — The penalty of prision correccional and a fine of Ten thousand pesos (P10,000.00) shall be imposed upon any person who is licensed to own a firearm but who shall carry the registered firearm outside his/her residence without any legal permit to carry issued by the Chief of the Philippine National Police (PNP).","City Ordinance No. 0312-18, Series of 2018 (The Davao City Public Pyrotechnic Display Standby Fire Equipment Specification Standard)",Section 4,"SECTION 4. PYROTECHNIC TEMPORARY STORAGE DISTANCES. — Pursuant to the environmental management and resource conservation powers of Davao City under national environmental statutes, temporary commercial storage warehouses stocking authorized pyrotechnic display materials shall maintain a separation clearance of not less than fifty (50) meters from fuel storage tanks. The City Environment and Natural Resources Office (CENRO), in coordination with the Department of Environment and Natural Resources, shall conduct field monitoring.","City Ordinance No. 0312-18, Series of 2018 (The Davao City Public Pyrotechnic Display Standby Fire Equipment Specification Standard)",Actual Davao City Landmark Ordinance Adaptation,Davao City Firecracker and Pyrotechnic Display Safety Standard,Neutral,Regulates pyrotechnic warehouse physical separation; neutral regarding statutory firearm carry permits.,Panel_D,"SP-ANN-10, SP-ANN-11, SP-ANN-12"
GT-248,Block_4,5,Statutory Codes & General Legal Amendments,Tier 1: Surface & Quantitative,Republic Act No. 7942 (Philippine Mining Act of 1995),Section 70,"Section 70. Environmental Impact Assessment (EIA). — Except during the exploration period of a mineral agreement or permit, an environmental clearance certificate shall be required based on an environmental impact assessment and procedures under the Philippine Environmental Impact Statement System including Sections 26 and 27 of the Local Government Code of 1991 which require prior consultation with affected communities and local government units.","City Ordinance No. 0339-19, Series of 2019 (The Davao City Botanical Garden Herbarium Specimen Preservation Standard)",Section 4,"SECTION 4. POTTING SOIL COMPOSITION. — Pursuant to the environmental management and resource conservation powers of Davao City under national environmental statutes, municipal botanical nurseries propagating indigenous hardwood saplings shall blend garden topsoil with river sand in a ratio of two (2) parts topsoil to one (1) part river sand. The City Environment and Natural Resources Office (CENRO), in coordination with the Department of Environment and Natural Resources, shall conduct field monitoring.","City Ordinance No. 0339-19, Series of 2019 (The Davao City Botanical Garden Herbarium Specimen Preservation Standard)",Actual Davao City Ordinance Adaptation,Davao City Public Nursery Seedling Potting Soil Specification [District 1 (Poblacion/Talomo) - Coastal Maritime Zone],Neutral,Regulates municipal agricultural potting soil mixtures; neutral regarding statutory mining concessions.,Panel_D,"SP-ANN-10, SP-ANN-11, SP-ANN-12"
GT-249,Block_4,5,Statutory Codes & General Legal Amendments,Tier 2: Preemption & Carve-Outs,Republic Act No. 7942 (Philippine Mining Act of 1995),Section 70,"Section 70. Environmental Impact Assessment (EIA). — Except during the exploration period of a mineral agreement or permit, an environmental clearance certificate shall be required based on an environmental impact assessment and procedures under the Philippine Environmental Impact Statement System including Sections 26 and 27 of the Local Government Code of 1991 which require prior consultation with affected communities and local government units.","Proposed City Ordinance No. 2024-112, Series of 2024 (The Davao City Upland Ecological Preservation and Commercial Quarry Moratorium Measure)",Section 6,"SECTION 6. REVOCATION OF NATIONAL ENVIRONMENTAL COMPLIANCE CERTIFICATES. — In the exercise of municipal regulatory jurisdiction over local water bodies, coastal resources, and municipal public lands, the City Environment and Natural Resources Office is authorized to revoke Environmental Compliance Certificates (ECC) issued by the national Department of Environment and Natural Resources for large-scale mining operations situated within regional boundaries. The City Agriculture Office and the Fisheries and Aquatic Resources Management Council (FARMC) shall oversee maritime zone enforcement.","Proposed City Ordinance No. 2024-112, Series of 2024 (The Davao City Upland Ecological Preservation and Commercial Quarry Moratorium Measure)",Synthetically Proposed Municipal Draft Clause,Draft Ordinance Banning Large-Scale Mining Environmental Compliance Certificates,Contradiction,Ultra vires usurpation of national authority. Municipalities cannot invalidate or revoke ECCs issued by the national DENR/EMB under national environmental and mining statutes.,Panel_D,"SP-ANN-10, SP-ANN-11, SP-ANN-12"
GT-250,Block_4,5,Statutory Codes & General Legal Amendments,Tier 2: Preemption & Carve-Outs,Republic Act No. 8550 (The Philippine Fisheries Code of 1998),Section 18,"Section 18. Users of Municipal Waters. — All fishery related activities in municipal waters, as defined in this Code, shall be utilized by municipal fisherfolk and their cooperatives who are listed in the registry of municipal fisherfolk. The municipal or city government may, through its local chief executive and acting pursuant to an appropriate ordinance, permit small and medium commercial fishing vessels to operate within the ten point one (10.1) to fifteen (15) kilometer area from the shoreline in municipal waters, provided, that no commercial fishing is allowed in waters with depth less than seven (7) fathoms, and prior public consultation with the FARMC has been conducted.","Proposed City Ordinance No. 2024-077, Series of 2024 (The Davao City Deep-Water Commercial Trawler Permitting and Licensing Surcharge Measure)",Section 7,"SECTION 7. EXCLUSION OF MUNICIPAL FISHERS FROM ADJACENT PROVINCES. — In the exercise of municipal regulatory jurisdiction over local water bodies, coastal resources, and municipal public lands, marginal municipal fisherfolk registered in neighboring municipalities across the Davao Gulf are prohibited from casting non-motorized fishing nets in Davao City municipal waters, reserving all fishing grounds exclusively to voters of Davao City. The City Agriculture Office and the Fisheries and Aquatic Resources Management Council (FARMC) shall oversee maritime zone enforcement.","Proposed City Ordinance No. 2024-077, Series of 2024 (The Davao City Deep-Water Commercial Trawler Permitting and Licensing Surcharge Measure)",Synthetically Proposed Municipal Draft Clause,Draft Ordinance Banning Non-Resident Marginal Municipal Fisherfolk,Contradiction,"Breach of statutory resource access rights. RA 8550 guarantees municipal fishers access to contiguous municipal waters within shared gulf bays, barring discriminatory local voter exclusions against small-scale artisanal fishers.",Panel_D,"SP-ANN-10, SP-ANN-11, SP-ANN-12"
GT-251,Block_4,5,Statutory Codes & General Legal Amendments,Tier 2: Preemption & Carve-Outs,Republic Act No. 10591 (Comprehensive Firearms and Ammunition Regulation Act),Section 31,"Section 31. Absence of Permit to Carry Outside of Residence. — The penalty of prision correccional and a fine of Ten thousand pesos (P10,000.00) shall be imposed upon any person who is licensed to own a firearm but who shall carry the registered firearm outside his/her residence without any legal permit to carry issued by the Chief of the Philippine National Police (PNP).","Proposed City Ordinance No. 2024-138, Series of 2024 (The Davao City Civic Festival Area Auxiliary Weapon Verification and Inspection Measure)",Section 6,"SECTION 6. PROHIBITION OF NATIONAL PTCFOR PERMITS IN BUSINESS PARKS. — Pursuant to the environmental management and resource conservation powers of Davao City under national environmental statutes, duly issued national Permits to Carry Firearms Outside Residence (PTCFOR) issued by the Chief of the PNP are hereby rendered null and void within all commercial business districts and shopping malls situated in Davao City. The City Environment and Natural Resources Office (CENRO), in coordination with the Department of Environment and Natural Resources, shall conduct field monitoring.","Proposed City Ordinance No. 2024-138, Series of 2024 (The Davao City Civic Festival Area Auxiliary Weapon Verification and Inspection Measure)",Synthetically Proposed Municipal Draft Clause,Draft Ordinance Invalidating National Firearm Carry Permits in City Commercial Centers,Contradiction,Ultra vires nullification of national licenses under Magtajas. A municipal ordinance cannot invalidate or restrict national licenses to carry firearms issued by the Chief of the PNP pursuant to national statutory authority.,Panel_D,"SP-ANN-10, SP-ANN-11, SP-ANN-12"
GT-252,Block_4,5,Statutory Codes & General Legal Amendments,Tier 2: Preemption & Carve-Outs,Republic Act No. 7942 (Philippine Mining Act of 1995),Section 70,"Section 70. Environmental Impact Assessment (EIA). — Except during the exploration period of a mineral agreement or permit, an environmental clearance certificate shall be required based on an environmental impact assessment and procedures under the Philippine Environmental Impact Statement System including Sections 26 and 27 of the Local Government Code of 1991 which require prior consultation with affected communities and local government units.","Proposed City Ordinance No. 2024-112, Series of 2024 (The Davao City Upland Ecological Preservation and Commercial Quarry Moratorium Measure)",Section 6,"SECTION 6. REVOCATION OF NATIONAL ENVIRONMENTAL COMPLIANCE CERTIFICATES. — In the exercise of municipal regulatory jurisdiction over local water bodies, coastal resources, and municipal public lands, the City Environment and Natural Resources Office is authorized to revoke Environmental Compliance Certificates (ECC) issued by the national Department of Environment and Natural Resources for large-scale mining operations situated within regional boundaries. The City Agriculture Office and the Fisheries and Aquatic Resources Management Council (FARMC) shall oversee maritime zone enforcement.","Proposed City Ordinance No. 2024-112, Series of 2024 (The Davao City Upland Ecological Preservation and Commercial Quarry Moratorium Measure)",Synthetically Proposed Municipal Draft Clause,Draft Ordinance Banning Large-Scale Mining Environmental Compliance Certificates [District 1 (Poblacion/Talomo) - Coastal Maritime Zone],Contradiction,Ultra vires usurpation of national authority. Municipalities cannot invalidate or revoke ECCs issued by the national DENR/EMB under national environmental and mining statutes.,Panel_D,"SP-ANN-10, SP-ANN-11, SP-ANN-12"
GT-253,Block_4,5,Statutory Codes & General Legal Amendments,Tier 2: Preemption & Carve-Outs,Republic Act No. 8550 (The Philippine Fisheries Code of 1998),Section 18,"Section 18. Users of Municipal Waters. — All fishery related activities in municipal waters, as defined in this Code, shall be utilized by municipal fisherfolk and their cooperatives who are listed in the registry of municipal fisherfolk. The municipal or city government may, through its local chief executive and acting pursuant to an appropriate ordinance, permit small and medium commercial fishing vessels to operate within the ten point one (10.1) to fifteen (15) kilometer area from the shoreline in municipal waters, provided, that no commercial fishing is allowed in waters with depth less than seven (7) fathoms, and prior public consultation with the FARMC has been conducted.","Proposed City Ordinance No. 2024-077, Series of 2024 (The Davao City Deep-Water Commercial Trawler Permitting and Licensing Surcharge Measure)",Section 7,"SECTION 7. EXCLUSION OF MUNICIPAL FISHERS FROM ADJACENT PROVINCES. — In the exercise of municipal regulatory jurisdiction over local water bodies, coastal resources, and municipal public lands, marginal municipal fisherfolk registered in neighboring municipalities across the Davao Gulf are prohibited from casting non-motorized fishing nets in Davao City municipal waters, reserving all fishing grounds exclusively to voters of Davao City. The City Agriculture Office and the Fisheries and Aquatic Resources Management Council (FARMC) shall oversee maritime zone enforcement.","Proposed City Ordinance No. 2024-077, Series of 2024 (The Davao City Deep-Water Commercial Trawler Permitting and Licensing Surcharge Measure)",Synthetically Proposed Municipal Draft Clause,Draft Ordinance Banning Non-Resident Marginal Municipal Fisherfolk [District 2 (Buhangin/Bunawan) - Urban Commercial Corridor],Contradiction,"Breach of statutory resource access rights. RA 8550 guarantees municipal fishers access to contiguous municipal waters within shared gulf bays, barring discriminatory local voter exclusions against small-scale artisanal fishers.",Panel_D,"SP-ANN-10, SP-ANN-11, SP-ANN-12"
GT-254,Block_4,5,Statutory Codes & General Legal Amendments,Tier 2: Preemption & Carve-Outs,Republic Act No. 10591 (Comprehensive Firearms and Ammunition Regulation Act),Section 31,"Section 31. Absence of Permit to Carry Outside of Residence. — The penalty of prision correccional and a fine of Ten thousand pesos (P10,000.00) shall be imposed upon any person who is licensed to own a firearm but who shall carry the registered firearm outside his/her residence without any legal permit to carry issued by the Chief of the Philippine National Police (PNP).","Proposed City Ordinance No. 2024-138, Series of 2024 (The Davao City Civic Festival Area Auxiliary Weapon Verification and Inspection Measure)",Section 6,"SECTION 6. PROHIBITION OF NATIONAL PTCFOR PERMITS IN BUSINESS PARKS. — Pursuant to the environmental management and resource conservation powers of Davao City under national environmental statutes, duly issued national Permits to Carry Firearms Outside Residence (PTCFOR) issued by the Chief of the PNP are hereby rendered null and void within all commercial business districts and shopping malls situated in Davao City. The City Environment and Natural Resources Office (CENRO), in coordination with the Department of Environment and Natural Resources, shall conduct field monitoring.","Proposed City Ordinance No. 2024-138, Series of 2024 (The Davao City Civic Festival Area Auxiliary Weapon Verification and Inspection Measure)",Synthetically Proposed Municipal Draft Clause,Draft Ordinance Invalidating National Firearm Carry Permits in City Commercial Centers [District 3 (Toril/Calinan/Marilog) - Suburban Residential Zone],Contradiction,Ultra vires nullification of national licenses under Magtajas. A municipal ordinance cannot invalidate or restrict national licenses to carry firearms issued by the Chief of the PNP pursuant to national statutory authority.,Panel_D,"SP-ANN-10, SP-ANN-11, SP-ANN-12"
GT-255,Block_4,5,Statutory Codes & General Legal Amendments,Tier 2: Preemption & Carve-Outs,Republic Act No. 7942 (Philippine Mining Act of 1995),Section 70,"Section 70. Environmental Impact Assessment (EIA). — Except during the exploration period of a mineral agreement or permit, an environmental clearance certificate shall be required based on an environmental impact assessment and procedures under the Philippine Environmental Impact Statement System including Sections 26 and 27 of the Local Government Code of 1991 which require prior consultation with affected communities and local government units.","City Ordinance No. 0491-22, Series of 2022 (The Davao City Environmental Impact Review and Mining Watershed Protection Code)",Section 5,"SECTION 5. MULTI-PARTITE MONITORING TEAMS. — To protect ecological stability, ensure sustainable natural resource utilization, and preserve public safety across the city, the City Environment and Natural Resources Office shall participate in multi-partite monitoring teams organized by the Mines and Geosciences Bureau (MGB) to inspect commercial extraction sites for ecological rehabilitation compliance. Violations of the environmental conditions and licensing restrictions specified herein shall be penalized under the Davao City Ecological Solid Waste Management Code.","City Ordinance No. 0491-22, Series of 2022 (The Davao City Environmental Impact Review and Mining Watershed Protection Code)",Actual Davao City Local Issuance Adaptation,Davao City Multi-Partite Environmental Monitoring Protocol,Entailment,Compliant local inter-agency collaboration under national mining environmental regulations.,Panel_D,"SP-ANN-10, SP-ANN-11, SP-ANN-12"
GT-256,Block_4,5,Statutory Codes & General Legal Amendments,Tier 2: Preemption & Carve-Outs,Republic Act No. 8550 (The Philippine Fisheries Code of 1998),Section 18,"Section 18. Users of Municipal Waters. — All fishery related activities in municipal waters, as defined in this Code, shall be utilized by municipal fisherfolk and their cooperatives who are listed in the registry of municipal fisherfolk. The municipal or city government may, through its local chief executive and acting pursuant to an appropriate ordinance, permit small and medium commercial fishing vessels to operate within the ten point one (10.1) to fifteen (15) kilometer area from the shoreline in municipal waters, provided, that no commercial fishing is allowed in waters with depth less than seven (7) fathoms, and prior public consultation with the FARMC has been conducted.","City Ordinance No. 0278-19, Series of 2019 (The Davao City Municipal Coastal Waters and Artisanal Fisheries Protection Code)",Section 6,"SECTION 6. COMMERCIAL FISHING BOAT CLEARANCE IN DEEP WATERS. — In the exercise of municipal regulatory jurisdiction over local water bodies, coastal resources, and municipal public lands, small commercial fishing vessels between 3.1 and 20 gross tons may operate within municipal waters between 10.1 and 15 kilometers, provided the depth exceeds seven fathoms and upon approval of the Fisheries and Aquatic Resources Management Council (FARMC). The City Agriculture Office and the Fisheries and Aquatic Resources Management Council (FARMC) shall oversee maritime zone enforcement.","City Ordinance No. 0278-19, Series of 2019 (The Davao City Municipal Coastal Waters and Artisanal Fisheries Protection Code)",Actual Davao City Local Issuance Adaptation,Davao City Small-Scale Commercial Fishing Authorization Protocol,Entailment,Compliant local execution of statutory exceptions for small commercial fishing in authorized deep waters under RA 8550.,Panel_D,"SP-ANN-10, SP-ANN-11, SP-ANN-12"
GT-257,Block_4,5,Statutory Codes & General Legal Amendments,Tier 2: Preemption & Carve-Outs,Republic Act No. 10591 (Comprehensive Firearms and Ammunition Regulation Act),Section 31,"Section 31. Absence of Permit to Carry Outside of Residence. — The penalty of prision correccional and a fine of Ten thousand pesos (P10,000.00) shall be imposed upon any person who is licensed to own a firearm but who shall carry the registered firearm outside his/her residence without any legal permit to carry issued by the Chief of the Philippine National Police (PNP).","City Ordinance No. 0635-21, Series of 2021 (The Davao City Public Assembly Firearms Safety and Peace Maintenance Code)",Section 5,"SECTION 5. WEAPONS RESTRICTION IN GOVERNMENT HALLS. — To protect ecological stability, ensure sustainable natural resource utilization, and preserve public safety across the city, civilians holding valid PTCFOR licenses shall deposit their firearms in secure lockboxes at building security entrances before entering City Hall administrative offices, in harmony with national police facility security guidelines. Violations of the environmental conditions and licensing restrictions specified herein shall be penalized under the Davao City Ecological Solid Waste Management Code.","City Ordinance No. 0635-21, Series of 2021 (The Davao City Public Assembly Firearms Safety and Peace Maintenance Code)",Actual Davao City Local Issuance Adaptation,Davao City Gun-Free Zone Declaration in Municipal Government Buildings,Entailment,Compliant local building security regulation respecting national licensing while establishing facility deposit rules.,Panel_D,"SP-ANN-10, SP-ANN-11, SP-ANN-12"
GT-258,Block_4,5,Statutory Codes & General Legal Amendments,Tier 2: Preemption & Carve-Outs,Republic Act No. 7942 (Philippine Mining Act of 1995),Section 70,"Section 70. Environmental Impact Assessment (EIA). — Except during the exploration period of a mineral agreement or permit, an environmental clearance certificate shall be required based on an environmental impact assessment and procedures under the Philippine Environmental Impact Statement System including Sections 26 and 27 of the Local Government Code of 1991 which require prior consultation with affected communities and local government units.","City Ordinance No. 0491-22, Series of 2022 (The Davao City Environmental Impact Review and Mining Watershed Protection Code)",Section 5,"SECTION 5. MULTI-PARTITE MONITORING TEAMS. — To protect ecological stability, ensure sustainable natural resource utilization, and preserve public safety across the city, the City Environment and Natural Resources Office shall participate in multi-partite monitoring teams organized by the Mines and Geosciences Bureau (MGB) to inspect commercial extraction sites for ecological rehabilitation compliance. Violations of the environmental conditions and licensing restrictions specified herein shall be penalized under the Davao City Ecological Solid Waste Management Code.","City Ordinance No. 0491-22, Series of 2022 (The Davao City Environmental Impact Review and Mining Watershed Protection Code)",Actual Davao City Local Issuance Adaptation,Davao City Multi-Partite Environmental Monitoring Protocol [District 1 (Poblacion/Talomo) - Coastal Maritime Zone],Entailment,Compliant local inter-agency collaboration under national mining environmental regulations.,Panel_D,"SP-ANN-10, SP-ANN-11, SP-ANN-12"
GT-259,Block_4,5,Statutory Codes & General Legal Amendments,Tier 2: Preemption & Carve-Outs,Republic Act No. 8550 (The Philippine Fisheries Code of 1998),Section 18,"Section 18. Users of Municipal Waters. — All fishery related activities in municipal waters, as defined in this Code, shall be utilized by municipal fisherfolk and their cooperatives who are listed in the registry of municipal fisherfolk. The municipal or city government may, through its local chief executive and acting pursuant to an appropriate ordinance, permit small and medium commercial fishing vessels to operate within the ten point one (10.1) to fifteen (15) kilometer area from the shoreline in municipal waters, provided, that no commercial fishing is allowed in waters with depth less than seven (7) fathoms, and prior public consultation with the FARMC has been conducted.","City Ordinance No. 0278-19, Series of 2019 (The Davao City Municipal Coastal Waters and Artisanal Fisheries Protection Code)",Section 6,"SECTION 6. COMMERCIAL FISHING BOAT CLEARANCE IN DEEP WATERS. — In the exercise of municipal regulatory jurisdiction over local water bodies, coastal resources, and municipal public lands, small commercial fishing vessels between 3.1 and 20 gross tons may operate within municipal waters between 10.1 and 15 kilometers, provided the depth exceeds seven fathoms and upon approval of the Fisheries and Aquatic Resources Management Council (FARMC). The City Agriculture Office and the Fisheries and Aquatic Resources Management Council (FARMC) shall oversee maritime zone enforcement.","City Ordinance No. 0278-19, Series of 2019 (The Davao City Municipal Coastal Waters and Artisanal Fisheries Protection Code)",Actual Davao City Local Issuance Adaptation,Davao City Small-Scale Commercial Fishing Authorization Protocol [District 2 (Buhangin/Bunawan) - Urban Commercial Corridor],Entailment,Compliant local execution of statutory exceptions for small commercial fishing in authorized deep waters under RA 8550.,Panel_D,"SP-ANN-10, SP-ANN-11, SP-ANN-12"
GT-260,Block_4,5,Statutory Codes & General Legal Amendments,Tier 2: Preemption & Carve-Outs,Republic Act No. 10591 (Comprehensive Firearms and Ammunition Regulation Act),Section 31,"Section 31. Absence of Permit to Carry Outside of Residence. — The penalty of prision correccional and a fine of Ten thousand pesos (P10,000.00) shall be imposed upon any person who is licensed to own a firearm but who shall carry the registered firearm outside his/her residence without any legal permit to carry issued by the Chief of the Philippine National Police (PNP).","City Ordinance No. 0635-21, Series of 2021 (The Davao City Public Assembly Firearms Safety and Peace Maintenance Code)",Section 5,"SECTION 5. WEAPONS RESTRICTION IN GOVERNMENT HALLS. — To protect ecological stability, ensure sustainable natural resource utilization, and preserve public safety across the city, civilians holding valid PTCFOR licenses shall deposit their firearms in secure lockboxes at building security entrances before entering City Hall administrative offices, in harmony with national police facility security guidelines. Violations of the environmental conditions and licensing restrictions specified herein shall be penalized under the Davao City Ecological Solid Waste Management Code.","City Ordinance No. 0635-21, Series of 2021 (The Davao City Public Assembly Firearms Safety and Peace Maintenance Code)",Actual Davao City Local Issuance Adaptation,Davao City Gun-Free Zone Declaration in Municipal Government Buildings [District 3 (Toril/Calinan/Marilog) - Suburban Residential Zone],Entailment,Compliant local building security regulation respecting national licensing while establishing facility deposit rules.,Panel_D,"SP-ANN-10, SP-ANN-11, SP-ANN-12"
GT-261,Block_4,5,Statutory Codes & General Legal Amendments,Tier 2: Preemption & Carve-Outs,Republic Act No. 7942 (Philippine Mining Act of 1995),Section 70,"Section 70. Environmental Impact Assessment (EIA). — Except during the exploration period of a mineral agreement or permit, an environmental clearance certificate shall be required based on an environmental impact assessment and procedures under the Philippine Environmental Impact Statement System including Sections 26 and 27 of the Local Government Code of 1991 which require prior consultation with affected communities and local government units.","City Ordinance No. 0491-22, Series of 2022 (The Davao City Environmental Impact Review and Mining Watershed Protection Code)",Section 5,"SECTION 5. MULTI-PARTITE MONITORING TEAMS. — To protect ecological stability, ensure sustainable natural resource utilization, and preserve public safety across the city, the City Environment and Natural Resources Office shall participate in multi-partite monitoring teams organized by the Mines and Geosciences Bureau (MGB) to inspect commercial extraction sites for ecological rehabilitation compliance. Violations of the environmental conditions and licensing restrictions specified herein shall be penalized under the Davao City Ecological Solid Waste Management Code.","City Ordinance No. 0491-22, Series of 2022 (The Davao City Environmental Impact Review and Mining Watershed Protection Code)",Actual Davao City Local Issuance Adaptation,Davao City Multi-Partite Environmental Monitoring Protocol [District 1 (Poblacion/Talomo) - Agricultural Buffer & Upland Watershed],Entailment,Compliant local inter-agency collaboration under national mining environmental regulations.,Panel_D,"SP-ANN-10, SP-ANN-11, SP-ANN-12"
GT-262,Block_4,5,Statutory Codes & General Legal Amendments,Tier 2: Preemption & Carve-Outs,Republic Act No. 7942 (Philippine Mining Act of 1995),Section 70,"Section 70. Environmental Impact Assessment (EIA). — Except during the exploration period of a mineral agreement or permit, an environmental clearance certificate shall be required based on an environmental impact assessment and procedures under the Philippine Environmental Impact Statement System including Sections 26 and 27 of the Local Government Code of 1991 which require prior consultation with affected communities and local government units.","City Ordinance No. 0339-19, Series of 2019 (The Davao City Botanical Garden Herbarium Specimen Preservation Standard)",Section 5,"SECTION 5. SOLID WASTE COMPOST AERATION. — Pursuant to the environmental management and resource conservation powers of Davao City under national environmental statutes, operators at the city solid waste composting facility shall turn organic waste windrows twice weekly to accelerate aerobic microbial decomposition. The City Environment and Natural Resources Office (CENRO), in coordination with the Department of Environment and Natural Resources, shall conduct field monitoring.","City Ordinance No. 0339-19, Series of 2019 (The Davao City Botanical Garden Herbarium Specimen Preservation Standard)",Actual Davao City Local Issuance Adaptation,Davao City Municipal Composting Facility Aeration Schedule,Neutral,Regulates municipal solid waste composting procedures; neutral regarding statutory mining environmental regulations.,Panel_D,"SP-ANN-10, SP-ANN-11, SP-ANN-12"
GT-263,Block_4,5,Statutory Codes & General Legal Amendments,Tier 2: Preemption & Carve-Outs,Republic Act No. 8550 (The Philippine Fisheries Code of 1998),Section 18,"Section 18. Users of Municipal Waters. — All fishery related activities in municipal waters, as defined in this Code, shall be utilized by municipal fisherfolk and their cooperatives who are listed in the registry of municipal fisherfolk. The municipal or city government may, through its local chief executive and acting pursuant to an appropriate ordinance, permit small and medium commercial fishing vessels to operate within the ten point one (10.1) to fifteen (15) kilometer area from the shoreline in municipal waters, provided, that no commercial fishing is allowed in waters with depth less than seven (7) fathoms, and prior public consultation with the FARMC has been conducted.","City Ordinance No. 0203-17, Series of 2017 (The Davao City Fish Landing Terminal Market Weighing Scale Calibration Standard)",Section 5,"SECTION 5. FISH MARKET FLOOR WASHING SCHEDULE. — To protect ecological stability, ensure sustainable natural resource utilization, and preserve public safety across the city, municipal fish terminal trading floors shall be hosed down with high-pressure chlorinated water immediately following the conclusion of morning wholesale bidding auctions. Violations of the environmental conditions and licensing restrictions specified herein shall be penalized under the Davao City Ecological Solid Waste Management Code.","City Ordinance No. 0203-17, Series of 2017 (The Davao City Fish Landing Terminal Market Weighing Scale Calibration Standard)",Actual Davao City Local Issuance Adaptation,Davao City Fish Port Sorting Area Floor Drainage Cleaning Protocol,Neutral,Regulates fish market floor sanitization; neutral regarding statutory municipal waters access rights.,Panel_D,"SP-ANN-10, SP-ANN-11, SP-ANN-12"
GT-264,Block_4,5,Statutory Codes & General Legal Amendments,Tier 2: Preemption & Carve-Outs,Republic Act No. 10591 (Comprehensive Firearms and Ammunition Regulation Act),Section 31,"Section 31. Absence of Permit to Carry Outside of Residence. — The penalty of prision correccional and a fine of Ten thousand pesos (P10,000.00) shall be imposed upon any person who is licensed to own a firearm but who shall carry the registered firearm outside his/her residence without any legal permit to carry issued by the Chief of the Philippine National Police (PNP).","City Ordinance No. 0312-18, Series of 2018 (The Davao City Public Pyrotechnic Display Standby Fire Equipment Specification Standard)",Section 5,"SECTION 5. SECURITY GUARD UNIFORM ACCESSORIES. — Pursuant to the environmental management and resource conservation powers of Davao City under national environmental statutes, private security guards deployed at municipal transit terminals shall carry standardized hardwood nightsticks measuring sixty centimeters in length and an emergency whistle. The City Environment and Natural Resources Office (CENRO), in coordination with the Department of Environment and Natural Resources, shall conduct field monitoring.","City Ordinance No. 0312-18, Series of 2018 (The Davao City Public Pyrotechnic Display Standby Fire Equipment Specification Standard)",Actual Davao City Local Issuance Adaptation,Davao City Security Guard Nightstick and Whistle Equipment Directive,Neutral,Regulates security guard non-lethal equipment accessories; neutral regarding statutory firearm carriage laws.,Panel_D,"SP-ANN-10, SP-ANN-11, SP-ANN-12"
GT-265,Block_4,5,Statutory Codes & General Legal Amendments,Tier 2: Preemption & Carve-Outs,Republic Act No. 7942 (Philippine Mining Act of 1995),Section 70,"Section 70. Environmental Impact Assessment (EIA). — Except during the exploration period of a mineral agreement or permit, an environmental clearance certificate shall be required based on an environmental impact assessment and procedures under the Philippine Environmental Impact Statement System including Sections 26 and 27 of the Local Government Code of 1991 which require prior consultation with affected communities and local government units.","City Ordinance No. 0339-19, Series of 2019 (The Davao City Botanical Garden Herbarium Specimen Preservation Standard)",Section 5,"SECTION 5. SOLID WASTE COMPOST AERATION. — Pursuant to the environmental management and resource conservation powers of Davao City under national environmental statutes, operators at the city solid waste composting facility shall turn organic waste windrows twice weekly to accelerate aerobic microbial decomposition. The City Environment and Natural Resources Office (CENRO), in coordination with the Department of Environment and Natural Resources, shall conduct field monitoring.","City Ordinance No. 0339-19, Series of 2019 (The Davao City Botanical Garden Herbarium Specimen Preservation Standard)",Actual Davao City Local Issuance Adaptation,Davao City Municipal Composting Facility Aeration Schedule [District 1 (Poblacion/Talomo) - Coastal Maritime Zone],Neutral,Regulates municipal solid waste composting procedures; neutral regarding statutory mining environmental regulations.,Panel_D,"SP-ANN-10, SP-ANN-11, SP-ANN-12"
GT-266,Block_4,5,Statutory Codes & General Legal Amendments,Tier 2: Preemption & Carve-Outs,Republic Act No. 8550 (The Philippine Fisheries Code of 1998),Section 18,"Section 18. Users of Municipal Waters. — All fishery related activities in municipal waters, as defined in this Code, shall be utilized by municipal fisherfolk and their cooperatives who are listed in the registry of municipal fisherfolk. The municipal or city government may, through its local chief executive and acting pursuant to an appropriate ordinance, permit small and medium commercial fishing vessels to operate within the ten point one (10.1) to fifteen (15) kilometer area from the shoreline in municipal waters, provided, that no commercial fishing is allowed in waters with depth less than seven (7) fathoms, and prior public consultation with the FARMC has been conducted.","City Ordinance No. 0203-17, Series of 2017 (The Davao City Fish Landing Terminal Market Weighing Scale Calibration Standard)",Section 5,"SECTION 5. FISH MARKET FLOOR WASHING SCHEDULE. — To protect ecological stability, ensure sustainable natural resource utilization, and preserve public safety across the city, municipal fish terminal trading floors shall be hosed down with high-pressure chlorinated water immediately following the conclusion of morning wholesale bidding auctions. Violations of the environmental conditions and licensing restrictions specified herein shall be penalized under the Davao City Ecological Solid Waste Management Code.","City Ordinance No. 0203-17, Series of 2017 (The Davao City Fish Landing Terminal Market Weighing Scale Calibration Standard)",Actual Davao City Local Issuance Adaptation,Davao City Fish Port Sorting Area Floor Drainage Cleaning Protocol [District 2 (Buhangin/Bunawan) - Urban Commercial Corridor],Neutral,Regulates fish market floor sanitization; neutral regarding statutory municipal waters access rights.,Panel_D,"SP-ANN-10, SP-ANN-11, SP-ANN-12"
GT-267,Block_4,5,Statutory Codes & General Legal Amendments,Tier 2: Preemption & Carve-Outs,Republic Act No. 10591 (Comprehensive Firearms and Ammunition Regulation Act),Section 31,"Section 31. Absence of Permit to Carry Outside of Residence. — The penalty of prision correccional and a fine of Ten thousand pesos (P10,000.00) shall be imposed upon any person who is licensed to own a firearm but who shall carry the registered firearm outside his/her residence without any legal permit to carry issued by the Chief of the Philippine National Police (PNP).","City Ordinance No. 0312-18, Series of 2018 (The Davao City Public Pyrotechnic Display Standby Fire Equipment Specification Standard)",Section 5,"SECTION 5. SECURITY GUARD UNIFORM ACCESSORIES. — Pursuant to the environmental management and resource conservation powers of Davao City under national environmental statutes, private security guards deployed at municipal transit terminals shall carry standardized hardwood nightsticks measuring sixty centimeters in length and an emergency whistle. The City Environment and Natural Resources Office (CENRO), in coordination with the Department of Environment and Natural Resources, shall conduct field monitoring.","City Ordinance No. 0312-18, Series of 2018 (The Davao City Public Pyrotechnic Display Standby Fire Equipment Specification Standard)",Actual Davao City Local Issuance Adaptation,Davao City Security Guard Nightstick and Whistle Equipment Directive [District 3 (Toril/Calinan/Marilog) - Suburban Residential Zone],Neutral,Regulates security guard non-lethal equipment accessories; neutral regarding statutory firearm carriage laws.,Panel_D,"SP-ANN-10, SP-ANN-11, SP-ANN-12"
GT-268,Block_4,5,Statutory Codes & General Legal Amendments,Tier 3: Latent & Paraphrastic,Republic Act No. 7942 (Philippine Mining Act of 1995),Section 70,"Section 70. Environmental Impact Assessment (EIA). — Except during the exploration period of a mineral agreement or permit, an environmental clearance certificate shall be required based on an environmental impact assessment and procedures under the Philippine Environmental Impact Statement System including Sections 26 and 27 of the Local Government Code of 1991 which require prior consultation with affected communities and local government units.","Proposed City Ordinance No. 2024-112, Series of 2024 (The Davao City Upland Ecological Preservation and Commercial Quarry Moratorium Measure)",Section 8,"SECTION 8. COASTAL BENTHIC ZONE ECOLOGICAL STEWARDSHIP LEASES. — Pursuant to the environmental stewardship mandate and police powers of the Sangguniang Panlungsod to preserve marine and terrestrial ecosystems, commercial dredging operators and marine geological surveying entities operating within the city's coastal baseline shelf must execute an ecological stewardship lease approved by the Sangguniang Panlungsod prior to initiating sub-surface coring or mineral sediment sampling. The City Environment and Natural Resources Office, together with local environmental marshals, shall conduct periodic surveys and enforce municipal conservation rules.","Proposed City Ordinance No. 2024-112, Series of 2024 (The Davao City Upland Ecological Preservation and Commercial Quarry Moratorium Measure)",Synthetically Proposed Municipal Draft Clause,Draft Davao City Coastal Benthic Shelf Ecological Stewardship Measure,Contradiction,"Latent jurisdictional encroachment on national mineral authority (Substantive Preemption Doctrine). Asserts municipal legislative concession authority over marine sub-surface mineral sampling, encroaching on the exclusive jurisdiction of the Mines and Geosciences Bureau under Section 70 of RA 7942.",Panel_D,"SP-ANN-10, SP-ANN-11, SP-ANN-12"
GT-269,Block_4,5,Statutory Codes & General Legal Amendments,Tier 3: Latent & Paraphrastic,Republic Act No. 8550 (The Philippine Fisheries Code of 1998),Section 18,"Section 18. Users of Municipal Waters. — All fishery related activities in municipal waters, as defined in this Code, shall be utilized by municipal fisherfolk and their cooperatives who are listed in the registry of municipal fisherfolk. The municipal or city government may, through its local chief executive and acting pursuant to an appropriate ordinance, permit small and medium commercial fishing vessels to operate within the ten point one (10.1) to fifteen (15) kilometer area from the shoreline in municipal waters, provided, that no commercial fishing is allowed in waters with depth less than seven (7) fathoms, and prior public consultation with the FARMC has been conducted.","Proposed City Ordinance No. 2024-077, Series of 2024 (The Davao City Deep-Water Commercial Trawler Permitting and Licensing Surcharge Measure)",Section 8,"SECTION 8. SEASONAL PELAGIC FISHERY RECOVERY LICENSES. — In the exercise of municipal regulatory authority to maintain ecological balance and prevent unauthorized exploitation of local natural resources, and to optimize economic harvest during migratory oceanic fish runs, the City Agriculture Office may issue seasonal joint-venture fishing endorsements authorizing commercial vessels exceeding three gross tons to operate mid-water purse seines within the inner municipal water baseline. The City Legal Office is hereby authorized to institute summary abatement proceedings and seek environmental damages against entities violating these municipal standards.","Proposed City Ordinance No. 2024-077, Series of 2024 (The Davao City Deep-Water Commercial Trawler Permitting and Licensing Surcharge Measure)",Synthetically Proposed Municipal Draft Clause,Draft Davao City Seasonal Pelagic Fishery Concession Measure,Contradiction,"Latent violation of municipal marine zoning protections (Substantive Preemption Doctrine). Authorizes commercial fishing vessels exceeding three gross tons inside the inner municipal water baseline, directly violating Section 18 of RA 8550 which reserves municipal waters exclusively for artisanal and small municipal fishers.",Panel_D,"SP-ANN-10, SP-ANN-11, SP-ANN-12"
GT-270,Block_4,5,Statutory Codes & General Legal Amendments,Tier 3: Latent & Paraphrastic,Republic Act No. 10591 (Comprehensive Firearms and Ammunition Regulation Act),Section 31,"Section 31. Absence of Permit to Carry Outside of Residence. — The penalty of prision correccional and a fine of Ten thousand pesos (P10,000.00) shall be imposed upon any person who is licensed to own a firearm but who shall carry the registered firearm outside his/her residence without any legal permit to carry issued by the Chief of the Philippine National Police (PNP).","Proposed City Ordinance No. 2024-138, Series of 2024 (The Davao City Civic Festival Area Auxiliary Weapon Verification and Inspection Measure)",Section 8,"SECTION 8. MUNICIPAL TRANSIT FIREARM VERIFICATION CLEARANCE. — In the exercise of municipal regulatory authority to maintain ecological balance and prevent unauthorized exploitation of local natural resources, citizens transporting licensed personal defense firearms across municipal entry boundaries must present a Certificate of Local Transit Endorsement issued by the City Mayor's Security Directorate confirming legitimate civic travel within municipal territory. The City Legal Office is hereby authorized to institute summary abatement proceedings and seek environmental damages against entities violating these municipal standards.","Proposed City Ordinance No. 2024-138, Series of 2024 (The Davao City Civic Festival Area Auxiliary Weapon Verification and Inspection Measure)",Synthetically Proposed Municipal Draft Clause,Draft Davao City Checkpoint Security Endorsement Protocol,Contradiction,"Latent preemption of national firearm carriage authorization (Substantive Preemption Doctrine). Imposes an auxiliary municipal transit endorsement to transport licensed firearms, infringing upon the nationwide validity of Permits to Carry Firearms Outside Residence (PTCFOR) under Section 31 of RA 10591.",Panel_D,"SP-ANN-10, SP-ANN-11, SP-ANN-12"
GT-271,Block_4,5,Statutory Codes & General Legal Amendments,Tier 3: Latent & Paraphrastic,Republic Act No. 7942 (Philippine Mining Act of 1995),Section 70,"Section 70. Environmental Impact Assessment (EIA). — Except during the exploration period of a mineral agreement or permit, an environmental clearance certificate shall be required based on an environmental impact assessment and procedures under the Philippine Environmental Impact Statement System including Sections 26 and 27 of the Local Government Code of 1991 which require prior consultation with affected communities and local government units.","Proposed City Ordinance No. 2024-112, Series of 2024 (The Davao City Upland Ecological Preservation and Commercial Quarry Moratorium Measure)",Section 8,"SECTION 8. COASTAL BENTHIC ZONE ECOLOGICAL STEWARDSHIP LEASES. — Pursuant to the environmental stewardship mandate and police powers of the Sangguniang Panlungsod to preserve marine and terrestrial ecosystems, commercial dredging operators and marine geological surveying entities operating within the city's coastal baseline shelf must execute an ecological stewardship lease approved by the Sangguniang Panlungsod prior to initiating sub-surface coring or mineral sediment sampling. The City Environment and Natural Resources Office, together with local environmental marshals, shall conduct periodic surveys and enforce municipal conservation rules.","Proposed City Ordinance No. 2024-112, Series of 2024 (The Davao City Upland Ecological Preservation and Commercial Quarry Moratorium Measure)",Synthetically Proposed Municipal Draft Clause,Draft Davao City Coastal Benthic Shelf Ecological Stewardship Measure [District 1 (Poblacion/Talomo) - Coastal Maritime Zone],Contradiction,"Latent jurisdictional encroachment on national mineral authority (Substantive Preemption Doctrine). Asserts municipal legislative concession authority over marine sub-surface mineral sampling, encroaching on the exclusive jurisdiction of the Mines and Geosciences Bureau under Section 70 of RA 7942.",Panel_D,"SP-ANN-10, SP-ANN-11, SP-ANN-12"
GT-272,Block_4,5,Statutory Codes & General Legal Amendments,Tier 3: Latent & Paraphrastic,Republic Act No. 7942 (Philippine Mining Act of 1995),Section 70,"Section 70. Environmental Impact Assessment (EIA). — Except during the exploration period of a mineral agreement or permit, an environmental clearance certificate shall be required based on an environmental impact assessment and procedures under the Philippine Environmental Impact Statement System including Sections 26 and 27 of the Local Government Code of 1991 which require prior consultation with affected communities and local government units.","City Ordinance No. 0491-22, Series of 2022 (The Davao City Environmental Impact Review and Mining Watershed Protection Code)",Section 7,"SECTION 7. POST-EXTRACTION ECOLOGICAL RESTORATION VERIFICATION. — In the exercise of municipal regulatory authority to maintain ecological balance and prevent unauthorized exploitation of local natural resources, municipal environmental officers shall inspect decommissioned aggregate borrow pits alongside national mining geologists to confirm that quarry operators complete vegetative slope re-contouring in conformity with approved environmental rehabilitation commitments. The City Legal Office is hereby authorized to institute summary abatement proceedings and seek environmental damages against entities violating these municipal standards.","City Ordinance No. 0491-22, Series of 2022 (The Davao City Environmental Impact Review and Mining Watershed Protection Code)",Actual Davao City Local Issuance Adaptation,Davao City Riparian Environmental Rehabilitation Monitoring Protocol,Entailment,Substantive conceptual compliance with statutory mining environmental rehabilitation monitoring.,Panel_D,"SP-ANN-10, SP-ANN-11, SP-ANN-12"
GT-273,Block_4,5,Statutory Codes & General Legal Amendments,Tier 3: Latent & Paraphrastic,Republic Act No. 8550 (The Philippine Fisheries Code of 1998),Section 18,"Section 18. Users of Municipal Waters. — All fishery related activities in municipal waters, as defined in this Code, shall be utilized by municipal fisherfolk and their cooperatives who are listed in the registry of municipal fisherfolk. The municipal or city government may, through its local chief executive and acting pursuant to an appropriate ordinance, permit small and medium commercial fishing vessels to operate within the ten point one (10.1) to fifteen (15) kilometer area from the shoreline in municipal waters, provided, that no commercial fishing is allowed in waters with depth less than seven (7) fathoms, and prior public consultation with the FARMC has been conducted.","City Ordinance No. 0278-19, Series of 2019 (The Davao City Municipal Coastal Waters and Artisanal Fisheries Protection Code)",Section 4,"SECTION 4. ESTUARINE BREEDING SANCTUARY RESERVATION. — Pursuant to the environmental stewardship mandate and police powers of the Sangguniang Panlungsod to preserve marine and terrestrial ecosystems, municipal coastal patrol marshals shall protect inter-tidal mangrove estuaries from motorized fishing vessels, reserving nearshore breeding nurseries exclusively for traditional handline sustenance fishers. The City Environment and Natural Resources Office, together with local environmental marshals, shall conduct periodic surveys and enforce municipal conservation rules.","City Ordinance No. 0278-19, Series of 2019 (The Davao City Municipal Coastal Waters and Artisanal Fisheries Protection Code)",Actual Davao City Local Issuance Adaptation,Davao City Coastal Mangrove and Marine Nursery Protection Protocol,Entailment,Substantive conceptual execution of artisanal fishing rights and marine nursery protection mandates.,Panel_D,"SP-ANN-10, SP-ANN-11, SP-ANN-12"
GT-274,Block_4,5,Statutory Codes & General Legal Amendments,Tier 3: Latent & Paraphrastic,Republic Act No. 10591 (Comprehensive Firearms and Ammunition Regulation Act),Section 31,"Section 31. Absence of Permit to Carry Outside of Residence. — The penalty of prision correccional and a fine of Ten thousand pesos (P10,000.00) shall be imposed upon any person who is licensed to own a firearm but who shall carry the registered firearm outside his/her residence without any legal permit to carry issued by the Chief of the Philippine National Police (PNP).","City Ordinance No. 0635-21, Series of 2021 (The Davao City Public Assembly Firearms Safety and Peace Maintenance Code)",Section 6,"SECTION 6. WEAPONS RESTRICTIONS AT CIVIC GATHERINGS. — In the exercise of municipal regulatory authority to maintain ecological balance and prevent unauthorized exploitation of local natural resources, security personnel shall maintain perimeter checkpoints at public festival parades, requiring armed citizens to deposit personal firearms with authorized police marshals during festive assemblies. The City Legal Office is hereby authorized to institute summary abatement proceedings and seek environmental damages against entities violating these municipal standards.","City Ordinance No. 0635-21, Series of 2021 (The Davao City Public Assembly Firearms Safety and Peace Maintenance Code)",Actual Davao City Local Issuance Adaptation,Davao City Public Assembly Security and Firearm Restriction Protocol,Entailment,Substantive conceptual execution of firearm carriage verification and public assembly safety mandates.,Panel_D,"SP-ANN-10, SP-ANN-11, SP-ANN-12"
GT-275,Block_4,5,Statutory Codes & General Legal Amendments,Tier 3: Latent & Paraphrastic,Republic Act No. 7942 (Philippine Mining Act of 1995),Section 70,"Section 70. Environmental Impact Assessment (EIA). — Except during the exploration period of a mineral agreement or permit, an environmental clearance certificate shall be required based on an environmental impact assessment and procedures under the Philippine Environmental Impact Statement System including Sections 26 and 27 of the Local Government Code of 1991 which require prior consultation with affected communities and local government units.","City Ordinance No. 0491-22, Series of 2022 (The Davao City Environmental Impact Review and Mining Watershed Protection Code)",Section 7,"SECTION 7. POST-EXTRACTION ECOLOGICAL RESTORATION VERIFICATION. — In the exercise of municipal regulatory authority to maintain ecological balance and prevent unauthorized exploitation of local natural resources, municipal environmental officers shall inspect decommissioned aggregate borrow pits alongside national mining geologists to confirm that quarry operators complete vegetative slope re-contouring in conformity with approved environmental rehabilitation commitments. The City Legal Office is hereby authorized to institute summary abatement proceedings and seek environmental damages against entities violating these municipal standards.","City Ordinance No. 0491-22, Series of 2022 (The Davao City Environmental Impact Review and Mining Watershed Protection Code)",Actual Davao City Local Issuance Adaptation,Davao City Riparian Environmental Rehabilitation Monitoring Protocol [District 1 (Poblacion/Talomo) - Coastal Maritime Zone],Entailment,Substantive conceptual compliance with statutory mining environmental rehabilitation monitoring.,Panel_D,"SP-ANN-10, SP-ANN-11, SP-ANN-12"
GT-276,Block_4,5,Statutory Codes & General Legal Amendments,Tier 3: Latent & Paraphrastic,Republic Act No. 8550 (The Philippine Fisheries Code of 1998),Section 18,"Section 18. Users of Municipal Waters. — All fishery related activities in municipal waters, as defined in this Code, shall be utilized by municipal fisherfolk and their cooperatives who are listed in the registry of municipal fisherfolk. The municipal or city government may, through its local chief executive and acting pursuant to an appropriate ordinance, permit small and medium commercial fishing vessels to operate within the ten point one (10.1) to fifteen (15) kilometer area from the shoreline in municipal waters, provided, that no commercial fishing is allowed in waters with depth less than seven (7) fathoms, and prior public consultation with the FARMC has been conducted.","City Ordinance No. 0278-19, Series of 2019 (The Davao City Municipal Coastal Waters and Artisanal Fisheries Protection Code)",Section 4,"SECTION 4. ESTUARINE BREEDING SANCTUARY RESERVATION. — Pursuant to the environmental stewardship mandate and police powers of the Sangguniang Panlungsod to preserve marine and terrestrial ecosystems, municipal coastal patrol marshals shall protect inter-tidal mangrove estuaries from motorized fishing vessels, reserving nearshore breeding nurseries exclusively for traditional handline sustenance fishers. The City Environment and Natural Resources Office, together with local environmental marshals, shall conduct periodic surveys and enforce municipal conservation rules.","City Ordinance No. 0278-19, Series of 2019 (The Davao City Municipal Coastal Waters and Artisanal Fisheries Protection Code)",Actual Davao City Local Issuance Adaptation,Davao City Coastal Mangrove and Marine Nursery Protection Protocol [District 2 (Buhangin/Bunawan) - Urban Commercial Corridor],Entailment,Substantive conceptual execution of artisanal fishing rights and marine nursery protection mandates.,Panel_D,"SP-ANN-10, SP-ANN-11, SP-ANN-12"
GT-277,Block_4,5,Statutory Codes & General Legal Amendments,Tier 3: Latent & Paraphrastic,Republic Act No. 7942 (Philippine Mining Act of 1995),Section 70,"Section 70. Environmental Impact Assessment (EIA). — Except during the exploration period of a mineral agreement or permit, an environmental clearance certificate shall be required based on an environmental impact assessment and procedures under the Philippine Environmental Impact Statement System including Sections 26 and 27 of the Local Government Code of 1991 which require prior consultation with affected communities and local government units.","City Ordinance No. 0339-19, Series of 2019 (The Davao City Botanical Garden Herbarium Specimen Preservation Standard)",Section 6,"SECTION 6. HERBARIUM BOTANICAL MOUNTING. — Pursuant to the environmental stewardship mandate and police powers of the Sangguniang Panlungsod to preserve marine and terrestrial ecosystems, botanical plant specimens archived within the municipal botanical herbarium shall be mounted onto acid-free rag paper using neutral archival adhesive paste to preserve plant cell structures for taxonomic classification. The City Environment and Natural Resources Office, together with local environmental marshals, shall conduct periodic surveys and enforce municipal conservation rules.","City Ordinance No. 0339-19, Series of 2019 (The Davao City Botanical Garden Herbarium Specimen Preservation Standard)",Actual Davao City Ordinance Adaptation,Davao City Botanical Garden Herbarium Specimen Preservation Standard,Neutral,Regulates botanical herbarium preservation; completely independent of national mining and environmental statutes.,Panel_D,"SP-ANN-10, SP-ANN-11, SP-ANN-12"
GT-278,Block_4,5,Statutory Codes & General Legal Amendments,Tier 3: Latent & Paraphrastic,Republic Act No. 8550 (The Philippine Fisheries Code of 1998),Section 18,"Section 18. Users of Municipal Waters. — All fishery related activities in municipal waters, as defined in this Code, shall be utilized by municipal fisherfolk and their cooperatives who are listed in the registry of municipal fisherfolk. The municipal or city government may, through its local chief executive and acting pursuant to an appropriate ordinance, permit small and medium commercial fishing vessels to operate within the ten point one (10.1) to fifteen (15) kilometer area from the shoreline in municipal waters, provided, that no commercial fishing is allowed in waters with depth less than seven (7) fathoms, and prior public consultation with the FARMC has been conducted.","City Ordinance No. 0203-17, Series of 2017 (The Davao City Fish Landing Terminal Market Weighing Scale Calibration Standard)",Section 6,"SECTION 6. COMMERCIAL WEIGHING SCALE CALIBRATION. — In the exercise of municipal regulatory authority to maintain ecological balance and prevent unauthorized exploitation of local natural resources, the City Treasurer shall calibrate counter-balanced platform scales utilized in fish wholesale trading halls using certified brass test weights to guarantee equitable trade transactions. The City Legal Office is hereby authorized to institute summary abatement proceedings and seek environmental damages against entities violating these municipal standards.","City Ordinance No. 0203-17, Series of 2017 (The Davao City Fish Landing Terminal Market Weighing Scale Calibration Standard)",Actual Davao City Ordinance Adaptation,Davao City Municipal Fish Auction Scale Calibration Standard,Neutral,Regulates market weighing scale accuracy; completely independent of statutory municipal water fishing privileges.,Panel_D,"SP-ANN-10, SP-ANN-11, SP-ANN-12"
GT-279,Block_4,5,Statutory Codes & General Legal Amendments,Tier 3: Latent & Paraphrastic,Republic Act No. 10591 (Comprehensive Firearms and Ammunition Regulation Act),Section 31,"Section 31. Absence of Permit to Carry Outside of Residence. — The penalty of prision correccional and a fine of Ten thousand pesos (P10,000.00) shall be imposed upon any person who is licensed to own a firearm but who shall carry the registered firearm outside his/her residence without any legal permit to carry issued by the Chief of the Philippine National Police (PNP).","City Ordinance No. 0312-18, Series of 2018 (The Davao City Public Pyrotechnic Display Standby Fire Equipment Specification Standard)",Section 7,"SECTION 7. EMERGENCY FIRE DOUSE INFRASTRUCTURE. — Pursuant to the environmental stewardship mandate and police powers of the Sangguniang Panlungsod to preserve marine and terrestrial ecosystems, technicians executing authorized public pyrotechnic displays shall position sealed fifty-gallon water drums and sand buckets beside mortar firing racks to extinguish defective smoldering casings. The City Environment and Natural Resources Office, together with local environmental marshals, shall conduct periodic surveys and enforce municipal conservation rules.","City Ordinance No. 0312-18, Series of 2018 (The Davao City Public Pyrotechnic Display Standby Fire Equipment Specification Standard)",Actual Davao City Ordinance Adaptation,Davao City Pyrotechnic Display Water Barrel Fire Safety Protocol,Neutral,Regulates fireworks display firefighting readiness; completely distinct from statutory firearm licensing.,Panel_D,"SP-ANN-10, SP-ANN-11, SP-ANN-12"
GT-280,Block_4,5,Statutory Codes & General Legal Amendments,Tier 3: Latent & Paraphrastic,Republic Act No. 7942 (Philippine Mining Act of 1995),Section 70,"Section 70. Environmental Impact Assessment (EIA). — Except during the exploration period of a mineral agreement or permit, an environmental clearance certificate shall be required based on an environmental impact assessment and procedures under the Philippine Environmental Impact Statement System including Sections 26 and 27 of the Local Government Code of 1991 which require prior consultation with affected communities and local government units.","City Ordinance No. 0339-19, Series of 2019 (The Davao City Botanical Garden Herbarium Specimen Preservation Standard)",Section 6,"SECTION 6. HERBARIUM BOTANICAL MOUNTING. — Pursuant to the environmental stewardship mandate and police powers of the Sangguniang Panlungsod to preserve marine and terrestrial ecosystems, botanical plant specimens archived within the municipal botanical herbarium shall be mounted onto acid-free rag paper using neutral archival adhesive paste to preserve plant cell structures for taxonomic classification. The City Environment and Natural Resources Office, together with local environmental marshals, shall conduct periodic surveys and enforce municipal conservation rules.","City Ordinance No. 0339-19, Series of 2019 (The Davao City Botanical Garden Herbarium Specimen Preservation Standard)",Actual Davao City Ordinance Adaptation,Davao City Botanical Garden Herbarium Specimen Preservation Standard [District 1 (Poblacion/Talomo) - Coastal Maritime Zone],Neutral,Regulates botanical herbarium preservation; completely independent of national mining and environmental statutes.,Panel_D,"SP-ANN-10, SP-ANN-11, SP-ANN-12"
GT-281,Block_5,6,Public Finance & General Appropriations,Tier 1: Surface & Quantitative,Republic Act No. 7160 (The Local Government Code of 1991),Section 287,Section 287. Local Development Projects. — Each local government unit shall appropriate in its annual budget no less than twenty percent (20%) of its annual internal revenue allotment for local development projects. Copies of each local development plan shall be furnished the Department of the Interior and Local Government (DILG).,"Proposed City Ordinance No. 2024-085, Series of 2024 (The Davao City Capital Investment Sinking Fund and Municipal Personnel Allocation Measure)",Section 5,"SECTION 5. ALLOCATION TO LOCAL DEVELOPMENT PROJECTS. — To guarantee transparent financial administration, ensure fiscal discipline, and support vital socio-economic development projects, the City Government of Davao shall appropriate seven percent (7%) of its annual internal revenue allotment shares to finance the City Comprehensive Development Investment Program. Disbursing officers and department heads failing to comply with these statutory allocation thresholds shall be subject to audit disallowance and administrative sanction.","Proposed City Ordinance No. 2024-085, Series of 2024 (The Davao City Capital Investment Sinking Fund and Municipal Personnel Allocation Measure)",Synthetically Proposed Municipal Draft Clause,Draft Davao City Annual General Appropriations Measure,Contradiction,Direct statutory violation. Section 287 of RA 7160 strictly commands that each local government unit shall appropriate in its annual budget not less than twenty percent (20%) of its annual internal revenue allotment for development projects.,Panel_E,"SP-ANN-13, SP-ANN-14, SP-ANN-15"
GT-282,Block_5,6,Public Finance & General Appropriations,Tier 1: Surface & Quantitative,Republic Act No. 10121 (Philippine Disaster Risk Reduction and Management Act of 2010),Section 21,"Section 21. Local Disaster Risk Reduction and Management Fund (LDRRMF). — Not less than five percent (5%) of the estimated revenue from regular sources shall be set aside as the LDRRMF to support disaster risk management activities. Of the amount appropriated for LDRRMF, thirty percent (30%) shall be allocated as Quick Response Fund (QRF) or stand-by fund for relief and recovery programs in order that living conditions in communities stricken by disasters may be normalized as quickly as possible. Unexpended LDRRMF shall accrue to a special trust fund solely for the purpose of supporting disaster risk reduction activities within the next five (5) years.","Proposed City Ordinance No. 2024-102, Series of 2024 (The Davao City Special Disaster Surplus Reversion and Multi-Year Infrastructure Measure)",Section 4,"SECTION 4. LOCAL DISASTER RISK FUND APPORTIONMENT. — To guarantee transparent financial administration, ensure fiscal discipline, and support vital socio-economic development projects, the Sangguniang Panlungsod shall set aside two percent (2%) of estimated regular revenue sources to establish the Local Disaster Risk Reduction and Management Fund (LDRRMF). Disbursing officers and department heads failing to comply with these statutory allocation thresholds shall be subject to audit disallowance and administrative sanction.","Proposed City Ordinance No. 2024-102, Series of 2024 (The Davao City Special Disaster Surplus Reversion and Multi-Year Infrastructure Measure)",Synthetically Proposed Municipal Draft Clause,Draft Davao City Disaster Reserve Allocation Adjustment Ordinance,Contradiction,Direct statutory violation. Section 21 of RA 10121 explicitly commands that not less than five percent (5%) of estimated revenue from regular sources shall be set aside as the LDRRMF.,Panel_E,"SP-ANN-13, SP-ANN-14, SP-ANN-15"
GT-283,Block_5,6,Public Finance & General Appropriations,Tier 1: Surface & Quantitative,Republic Act No. 7160 (The Local Government Code of 1991),Section 287,Section 287. Local Development Projects. — Each local government unit shall appropriate in its annual budget no less than twenty percent (20%) of its annual internal revenue allotment for local development projects. Copies of each local development plan shall be furnished the Department of the Interior and Local Government (DILG).,"Proposed City Ordinance No. 2024-085, Series of 2024 (The Davao City Capital Investment Sinking Fund and Municipal Personnel Allocation Measure)",Section 5,"SECTION 5. ALLOCATION TO LOCAL DEVELOPMENT PROJECTS. — To guarantee transparent financial administration, ensure fiscal discipline, and support vital socio-economic development projects, the City Government of Davao shall appropriate seven percent (7%) of its annual internal revenue allotment shares to finance the City Comprehensive Development Investment Program. Disbursing officers and department heads failing to comply with these statutory allocation thresholds shall be subject to audit disallowance and administrative sanction.","Proposed City Ordinance No. 2024-085, Series of 2024 (The Davao City Capital Investment Sinking Fund and Municipal Personnel Allocation Measure)",Synthetically Proposed Municipal Draft Clause,Draft Davao City Annual General Appropriations Measure [District 3 (Toril/Calinan/Marilog) - Agricultural Buffer & Upland Watershed],Contradiction,Direct statutory violation. Section 287 of RA 7160 strictly commands that each local government unit shall appropriate in its annual budget not less than twenty percent (20%) of its annual internal revenue allotment for development projects.,Panel_E,"SP-ANN-13, SP-ANN-14, SP-ANN-15"
GT-284,Block_5,6,Public Finance & General Appropriations,Tier 1: Surface & Quantitative,Republic Act No. 10121 (Philippine Disaster Risk Reduction and Management Act of 2010),Section 21,"Section 21. Local Disaster Risk Reduction and Management Fund (LDRRMF). — Not less than five percent (5%) of the estimated revenue from regular sources shall be set aside as the LDRRMF to support disaster risk management activities. Of the amount appropriated for LDRRMF, thirty percent (30%) shall be allocated as Quick Response Fund (QRF) or stand-by fund for relief and recovery programs in order that living conditions in communities stricken by disasters may be normalized as quickly as possible. Unexpended LDRRMF shall accrue to a special trust fund solely for the purpose of supporting disaster risk reduction activities within the next five (5) years.","Proposed City Ordinance No. 2024-102, Series of 2024 (The Davao City Special Disaster Surplus Reversion and Multi-Year Infrastructure Measure)",Section 4,"SECTION 4. LOCAL DISASTER RISK FUND APPORTIONMENT. — To guarantee transparent financial administration, ensure fiscal discipline, and support vital socio-economic development projects, the Sangguniang Panlungsod shall set aside two percent (2%) of estimated regular revenue sources to establish the Local Disaster Risk Reduction and Management Fund (LDRRMF). Disbursing officers and department heads failing to comply with these statutory allocation thresholds shall be subject to audit disallowance and administrative sanction.","Proposed City Ordinance No. 2024-102, Series of 2024 (The Davao City Special Disaster Surplus Reversion and Multi-Year Infrastructure Measure)",Synthetically Proposed Municipal Draft Clause,Draft Davao City Disaster Reserve Allocation Adjustment Ordinance [District 1 (Poblacion/Talomo) - Coastal Maritime Zone],Contradiction,Direct statutory violation. Section 21 of RA 10121 explicitly commands that not less than five percent (5%) of estimated revenue from regular sources shall be set aside as the LDRRMF.,Panel_E,"SP-ANN-13, SP-ANN-14, SP-ANN-15"
GT-285,Block_5,6,Public Finance & General Appropriations,Tier 1: Surface & Quantitative,Republic Act No. 7160 (The Local Government Code of 1991),Section 287,Section 287. Local Development Projects. — Each local government unit shall appropriate in its annual budget no less than twenty percent (20%) of its annual internal revenue allotment for local development projects. Copies of each local development plan shall be furnished the Department of the Interior and Local Government (DILG).,"City Ordinance No. 0540-20, Series of 2020 (The Davao City 20% Local Development Fund Statutory Allocation and Expenditure Code)",Section 4,"SECTION 4. STATUTORY TWENTY PERCENT DEVELOPMENT ALLOCATION. — Pursuant to the local fiscal autonomy provisions of Republic Act No. 7160 and in accordance with national public expenditure standards, in strict compliance with Section 287 of Republic Act No. 7160, exactly twenty percent (20%) of the City's National Tax Allotment is hereby allocated to the 20% Local Development Fund for capital social and economic infrastructure. The City Budget Office and the City Treasurer's Office shall verify budgetary appropriations and submit compliance certifications to the Sangguniang Panlungsod.","City Ordinance No. 0540-20, Series of 2020 (The Davao City 20% Local Development Fund Statutory Allocation and Expenditure Code)",Actual Davao City Landmark Ordinance Adaptation,Davao City Annual Budget Enactment Ordinance,Entailment,Exact statutory adherence executing the mandatory 20% development fund allocation mandated by Section 287.,Panel_E,"SP-ANN-13, SP-ANN-14, SP-ANN-15"
GT-286,Block_5,6,Public Finance & General Appropriations,Tier 1: Surface & Quantitative,Republic Act No. 10121 (Philippine Disaster Risk Reduction and Management Act of 2010),Section 21,"Section 21. Local Disaster Risk Reduction and Management Fund (LDRRMF). — Not less than five percent (5%) of the estimated revenue from regular sources shall be set aside as the LDRRMF to support disaster risk management activities. Of the amount appropriated for LDRRMF, thirty percent (30%) shall be allocated as Quick Response Fund (QRF) or stand-by fund for relief and recovery programs in order that living conditions in communities stricken by disasters may be normalized as quickly as possible. Unexpended LDRRMF shall accrue to a special trust fund solely for the purpose of supporting disaster risk reduction activities within the next five (5) years.","City Ordinance No. 0418-19, Series of 2019 (The Comprehensive Davao City Disaster Risk Reduction and Management Fund Allocation Code)",Section 3,"SECTION 3. FIVE PERCENT STATUTORY DISASTER FUND ALLOCATION. — In the exercise of the corporate and financial management powers of the City Government of Davao over public revenue allocations, in accordance with Section 21 of Republic Act No. 10121, five percent (5%) of estimated revenue from regular sources is appropriated to the Local Disaster Risk Reduction and Management Fund (LDRRMF), with thirty percent (30%) dedicated to the Quick Response Fund. The City Planning and Development Office (CPDO) shall align capital outlay disbursements with the approved Annual Investment Plan.","City Ordinance No. 0418-19, Series of 2019 (The Comprehensive Davao City Disaster Risk Reduction and Management Fund Allocation Code)",Actual Davao City Landmark Ordinance Adaptation,Davao City Disaster Risk Reduction and Management Budget Charter,Entailment,Exact statutory adoption of the 5% LDRRMF and 30% QRF statutory fund allocation formulas.,Panel_E,"SP-ANN-13, SP-ANN-14, SP-ANN-15"
GT-287,Block_5,6,Public Finance & General Appropriations,Tier 1: Surface & Quantitative,Republic Act No. 7160 (The Local Government Code of 1991),Section 287,Section 287. Local Development Projects. — Each local government unit shall appropriate in its annual budget no less than twenty percent (20%) of its annual internal revenue allotment for local development projects. Copies of each local development plan shall be furnished the Department of the Interior and Local Government (DILG).,"City Ordinance No. 0540-20, Series of 2020 (The Davao City 20% Local Development Fund Statutory Allocation and Expenditure Code)",Section 4,"SECTION 4. STATUTORY TWENTY PERCENT DEVELOPMENT ALLOCATION. — Pursuant to the local fiscal autonomy provisions of Republic Act No. 7160 and in accordance with national public expenditure standards, in strict compliance with Section 287 of Republic Act No. 7160, exactly twenty percent (20%) of the City's National Tax Allotment is hereby allocated to the 20% Local Development Fund for capital social and economic infrastructure. The City Budget Office and the City Treasurer's Office shall verify budgetary appropriations and submit compliance certifications to the Sangguniang Panlungsod.","City Ordinance No. 0540-20, Series of 2020 (The Davao City 20% Local Development Fund Statutory Allocation and Expenditure Code)",Actual Davao City Landmark Ordinance Adaptation,Davao City Annual Budget Enactment Ordinance [District 3 (Toril/Calinan/Marilog) - Agricultural Buffer & Upland Watershed],Entailment,Exact statutory adherence executing the mandatory 20% development fund allocation mandated by Section 287.,Panel_E,"SP-ANN-13, SP-ANN-14, SP-ANN-15"
GT-288,Block_5,6,Public Finance & General Appropriations,Tier 1: Surface & Quantitative,Republic Act No. 10121 (Philippine Disaster Risk Reduction and Management Act of 2010),Section 21,"Section 21. Local Disaster Risk Reduction and Management Fund (LDRRMF). — Not less than five percent (5%) of the estimated revenue from regular sources shall be set aside as the LDRRMF to support disaster risk management activities. Of the amount appropriated for LDRRMF, thirty percent (30%) shall be allocated as Quick Response Fund (QRF) or stand-by fund for relief and recovery programs in order that living conditions in communities stricken by disasters may be normalized as quickly as possible. Unexpended LDRRMF shall accrue to a special trust fund solely for the purpose of supporting disaster risk reduction activities within the next five (5) years.","City Ordinance No. 0418-19, Series of 2019 (The Comprehensive Davao City Disaster Risk Reduction and Management Fund Allocation Code)",Section 3,"SECTION 3. FIVE PERCENT STATUTORY DISASTER FUND ALLOCATION. — In the exercise of the corporate and financial management powers of the City Government of Davao over public revenue allocations, in accordance with Section 21 of Republic Act No. 10121, five percent (5%) of estimated revenue from regular sources is appropriated to the Local Disaster Risk Reduction and Management Fund (LDRRMF), with thirty percent (30%) dedicated to the Quick Response Fund. The City Planning and Development Office (CPDO) shall align capital outlay disbursements with the approved Annual Investment Plan.","City Ordinance No. 0418-19, Series of 2019 (The Comprehensive Davao City Disaster Risk Reduction and Management Fund Allocation Code)",Actual Davao City Landmark Ordinance Adaptation,Davao City Disaster Risk Reduction and Management Budget Charter [District 1 (Poblacion/Talomo) - Coastal Maritime Zone],Entailment,Exact statutory adoption of the 5% LDRRMF and 30% QRF statutory fund allocation formulas.,Panel_E,"SP-ANN-13, SP-ANN-14, SP-ANN-15"
GT-289,Block_5,6,Public Finance & General Appropriations,Tier 1: Surface & Quantitative,Republic Act No. 7160 (The Local Government Code of 1991),Section 287,Section 287. Local Development Projects. — Each local government unit shall appropriate in its annual budget no less than twenty percent (20%) of its annual internal revenue allotment for local development projects. Copies of each local development plan shall be furnished the Department of the Interior and Local Government (DILG).,"City Ordinance No. 0265-19, Series of 2019 (The Davao City Municipal Treasury Vault Security Keypad Access Specification Standard)",Section 3,"SECTION 3. BID DOCUMENT PRICING. — In the exercise of the corporate and financial management powers of the City Government of Davao over public revenue allocations, prospective bidders for municipal supply contracts shall pay a non-refundable reproduction fee of One Thousand Pesos (PHP 1,000.00) for standard bidding tender dossiers. The City Planning and Development Office (CPDO) shall align capital outlay disbursements with the approved Annual Investment Plan.","City Ordinance No. 0265-19, Series of 2019 (The Davao City Municipal Treasury Vault Security Keypad Access Specification Standard)",Actual Davao City Ordinance Adaptation,Davao City Public Procurement Bid Document Reproduction Fee Schedule,Neutral,Regulates municipal procurement document fees; neutral regarding statutory development fund percentages.,Panel_E,"SP-ANN-13, SP-ANN-14, SP-ANN-15"
GT-290,Block_5,6,Public Finance & General Appropriations,Tier 1: Surface & Quantitative,Republic Act No. 10121 (Philippine Disaster Risk Reduction and Management Act of 2010),Section 21,"Section 21. Local Disaster Risk Reduction and Management Fund (LDRRMF). — Not less than five percent (5%) of the estimated revenue from regular sources shall be set aside as the LDRRMF to support disaster risk management activities. Of the amount appropriated for LDRRMF, thirty percent (30%) shall be allocated as Quick Response Fund (QRF) or stand-by fund for relief and recovery programs in order that living conditions in communities stricken by disasters may be normalized as quickly as possible. Unexpended LDRRMF shall accrue to a special trust fund solely for the purpose of supporting disaster risk reduction activities within the next five (5) years.","City Ordinance No. 0191-17, Series of 2017 (The Davao City Evacuation Center Standby Diesel Generator Fuel Tank Safety Standard)",Section 4,"SECTION 4. RELIEF WAREHOUSE PALLET STACKING. — Pursuant to the local fiscal autonomy provisions of Republic Act No. 7160 and in accordance with national public expenditure standards, sacks of National Food Authority relief rice stored in calamity response warehouses shall not be stacked higher than ten (10) tiers upon wooden pallets. The City Budget Office and the City Treasurer's Office shall verify budgetary appropriations and submit compliance certifications to the Sangguniang Panlungsod.","City Ordinance No. 0191-17, Series of 2017 (The Davao City Evacuation Center Standby Diesel Generator Fuel Tank Safety Standard)",Actual Davao City Ordinance Adaptation,Davao City Relief Goods Rice Warehouse Pallet Stacking Standard,Neutral,Regulates warehouse physical cargo stacking safety; neutral regarding statutory disaster fund percentage allocations.,Panel_E,"SP-ANN-13, SP-ANN-14, SP-ANN-15"
GT-291,Block_5,6,Public Finance & General Appropriations,Tier 1: Surface & Quantitative,Republic Act No. 7160 (The Local Government Code of 1991),Section 287,Section 287. Local Development Projects. — Each local government unit shall appropriate in its annual budget no less than twenty percent (20%) of its annual internal revenue allotment for local development projects. Copies of each local development plan shall be furnished the Department of the Interior and Local Government (DILG).,"City Ordinance No. 0265-19, Series of 2019 (The Davao City Municipal Treasury Vault Security Keypad Access Specification Standard)",Section 3,"SECTION 3. BID DOCUMENT PRICING. — In the exercise of the corporate and financial management powers of the City Government of Davao over public revenue allocations, prospective bidders for municipal supply contracts shall pay a non-refundable reproduction fee of One Thousand Pesos (PHP 1,000.00) for standard bidding tender dossiers. The City Planning and Development Office (CPDO) shall align capital outlay disbursements with the approved Annual Investment Plan.","City Ordinance No. 0265-19, Series of 2019 (The Davao City Municipal Treasury Vault Security Keypad Access Specification Standard)",Actual Davao City Ordinance Adaptation,Davao City Public Procurement Bid Document Reproduction Fee Schedule [District 3 (Toril/Calinan/Marilog) - Agricultural Buffer & Upland Watershed],Neutral,Regulates municipal procurement document fees; neutral regarding statutory development fund percentages.,Panel_E,"SP-ANN-13, SP-ANN-14, SP-ANN-15"
GT-292,Block_5,6,Public Finance & General Appropriations,Tier 2: Preemption & Carve-Outs,Republic Act No. 7160 (The Local Government Code of 1991),Section 287,Section 287. Local Development Projects. — Each local government unit shall appropriate in its annual budget no less than twenty percent (20%) of its annual internal revenue allotment for local development projects. Copies of each local development plan shall be furnished the Department of the Interior and Local Government (DILG).,"Proposed City Ordinance No. 2024-085, Series of 2024 (The Davao City Capital Investment Sinking Fund and Municipal Personnel Allocation Measure)",Section 8,"SECTION 8. RE-ALIGNMENT OF DEVELOPMENT FUNDS TO ADMINISTRATIVE OVERHEAD. — In the exercise of the corporate and financial management powers of the City Government of Davao over public revenue allocations, the City Budget Officer is authorized to re-align thirty percent of the statutory Local Development Fund to pay for municipal administrative personnel overtime allowances and official foreign travel expenses. The City Planning and Development Office (CPDO) shall align capital outlay disbursements with the approved Annual Investment Plan.","Proposed City Ordinance No. 2024-085, Series of 2024 (The Davao City Capital Investment Sinking Fund and Municipal Personnel Allocation Measure)",Synthetically Proposed Municipal Draft Clause,Draft Ordinance Diverting Local Development Funds to Executive Travel,Contradiction,"Direct breach of statutory fund restrictions. Local development funds are strictly dedicated by national statute to social, economic, and infrastructure development, prohibiting expenditure on routine administrative salaries and travel.",Panel_E,"SP-ANN-13, SP-ANN-14, SP-ANN-15"
GT-293,Block_5,6,Public Finance & General Appropriations,Tier 2: Preemption & Carve-Outs,Republic Act No. 10121 (Philippine Disaster Risk Reduction and Management Act of 2010),Section 21,"Section 21. Local Disaster Risk Reduction and Management Fund (LDRRMF). — Not less than five percent (5%) of the estimated revenue from regular sources shall be set aside as the LDRRMF to support disaster risk management activities. Of the amount appropriated for LDRRMF, thirty percent (30%) shall be allocated as Quick Response Fund (QRF) or stand-by fund for relief and recovery programs in order that living conditions in communities stricken by disasters may be normalized as quickly as possible. Unexpended LDRRMF shall accrue to a special trust fund solely for the purpose of supporting disaster risk reduction activities within the next five (5) years.","Proposed City Ordinance No. 2024-102, Series of 2024 (The Davao City Special Disaster Surplus Reversion and Multi-Year Infrastructure Measure)",Section 7,"SECTION 7. RE-ALIGNMENT OF QUICK RESPONSE CALAMITY RESERVES. — Pursuant to the local fiscal autonomy provisions of Republic Act No. 7160 and in accordance with national public expenditure standards, the City Council is authorized to transfer sixty percent of the Quick Response Fund (QRF) standby reserve to finance municipal tourism advertising and promotional campaigns. The City Budget Office and the City Treasurer's Office shall verify budgetary appropriations and submit compliance certifications to the Sangguniang Panlungsod.","Proposed City Ordinance No. 2024-102, Series of 2024 (The Davao City Special Disaster Surplus Reversion and Multi-Year Infrastructure Measure)",Synthetically Proposed Municipal Draft Clause,Draft Ordinance Diverting Quick Response Calamity Reserves to Public Relations,Contradiction,"Direct statutory violation of fund earmarking. Section 21 of RA 10121 strictly mandates that thirty percent (30%) of the LDRRMF shall be allocated as Quick Response Fund for relief and recovery programs, prohibiting diversion to municipal public relations.",Panel_E,"SP-ANN-13, SP-ANN-14, SP-ANN-15"
GT-294,Block_5,6,Public Finance & General Appropriations,Tier 2: Preemption & Carve-Outs,Republic Act No. 7160 (The Local Government Code of 1991),Section 287,Section 287. Local Development Projects. — Each local government unit shall appropriate in its annual budget no less than twenty percent (20%) of its annual internal revenue allotment for local development projects. Copies of each local development plan shall be furnished the Department of the Interior and Local Government (DILG).,"Proposed City Ordinance No. 2024-085, Series of 2024 (The Davao City Capital Investment Sinking Fund and Municipal Personnel Allocation Measure)",Section 8,"SECTION 8. RE-ALIGNMENT OF DEVELOPMENT FUNDS TO ADMINISTRATIVE OVERHEAD. — In the exercise of the corporate and financial management powers of the City Government of Davao over public revenue allocations, the City Budget Officer is authorized to re-align thirty percent of the statutory Local Development Fund to pay for municipal administrative personnel overtime allowances and official foreign travel expenses. The City Planning and Development Office (CPDO) shall align capital outlay disbursements with the approved Annual Investment Plan.","Proposed City Ordinance No. 2024-085, Series of 2024 (The Davao City Capital Investment Sinking Fund and Municipal Personnel Allocation Measure)",Synthetically Proposed Municipal Draft Clause,Draft Ordinance Diverting Local Development Funds to Executive Travel [District 3 (Toril/Calinan/Marilog) - Agricultural Buffer & Upland Watershed],Contradiction,"Direct breach of statutory fund restrictions. Local development funds are strictly dedicated by national statute to social, economic, and infrastructure development, prohibiting expenditure on routine administrative salaries and travel.",Panel_E,"SP-ANN-13, SP-ANN-14, SP-ANN-15"
GT-295,Block_5,6,Public Finance & General Appropriations,Tier 2: Preemption & Carve-Outs,Republic Act No. 10121 (Philippine Disaster Risk Reduction and Management Act of 2010),Section 21,"Section 21. Local Disaster Risk Reduction and Management Fund (LDRRMF). — Not less than five percent (5%) of the estimated revenue from regular sources shall be set aside as the LDRRMF to support disaster risk management activities. Of the amount appropriated for LDRRMF, thirty percent (30%) shall be allocated as Quick Response Fund (QRF) or stand-by fund for relief and recovery programs in order that living conditions in communities stricken by disasters may be normalized as quickly as possible. Unexpended LDRRMF shall accrue to a special trust fund solely for the purpose of supporting disaster risk reduction activities within the next five (5) years.","Proposed City Ordinance No. 2024-102, Series of 2024 (The Davao City Special Disaster Surplus Reversion and Multi-Year Infrastructure Measure)",Section 7,"SECTION 7. RE-ALIGNMENT OF QUICK RESPONSE CALAMITY RESERVES. — Pursuant to the local fiscal autonomy provisions of Republic Act No. 7160 and in accordance with national public expenditure standards, the City Council is authorized to transfer sixty percent of the Quick Response Fund (QRF) standby reserve to finance municipal tourism advertising and promotional campaigns. The City Budget Office and the City Treasurer's Office shall verify budgetary appropriations and submit compliance certifications to the Sangguniang Panlungsod.","Proposed City Ordinance No. 2024-102, Series of 2024 (The Davao City Special Disaster Surplus Reversion and Multi-Year Infrastructure Measure)",Synthetically Proposed Municipal Draft Clause,Draft Ordinance Diverting Quick Response Calamity Reserves to Public Relations [District 1 (Poblacion/Talomo) - Coastal Maritime Zone],Contradiction,"Direct statutory violation of fund earmarking. Section 21 of RA 10121 strictly mandates that thirty percent (30%) of the LDRRMF shall be allocated as Quick Response Fund for relief and recovery programs, prohibiting diversion to municipal public relations.",Panel_E,"SP-ANN-13, SP-ANN-14, SP-ANN-15"
GT-296,Block_5,6,Public Finance & General Appropriations,Tier 2: Preemption & Carve-Outs,Republic Act No. 7160 (The Local Government Code of 1991),Section 287,Section 287. Local Development Projects. — Each local government unit shall appropriate in its annual budget no less than twenty percent (20%) of its annual internal revenue allotment for local development projects. Copies of each local development plan shall be furnished the Department of the Interior and Local Government (DILG).,"City Ordinance No. 0540-20, Series of 2020 (The Davao City 20% Local Development Fund Statutory Allocation and Expenditure Code)",Section 6,"SECTION 6. ELIGIBILITY OF INFRASTRUCTURE PROJECTS. — In the exercise of the corporate and financial management powers of the City Government of Davao over public revenue allocations, programs financed by the Local Development Fund shall adhere strictly to Joint Memorandum Circulars issued by DILG and DBM, funding capital public works and communal water systems. The City Planning and Development Office (CPDO) shall align capital outlay disbursements with the approved Annual Investment Plan.","City Ordinance No. 0540-20, Series of 2020 (The Davao City 20% Local Development Fund Statutory Allocation and Expenditure Code)",Actual Davao City Local Issuance Adaptation,Davao City Development Investment Program Guidelines,Entailment,Compliant local investment programming executing national administrative guidelines under Section 287.,Panel_E,"SP-ANN-13, SP-ANN-14, SP-ANN-15"
GT-297,Block_5,6,Public Finance & General Appropriations,Tier 2: Preemption & Carve-Outs,Republic Act No. 10121 (Philippine Disaster Risk Reduction and Management Act of 2010),Section 21,"Section 21. Local Disaster Risk Reduction and Management Fund (LDRRMF). — Not less than five percent (5%) of the estimated revenue from regular sources shall be set aside as the LDRRMF to support disaster risk management activities. Of the amount appropriated for LDRRMF, thirty percent (30%) shall be allocated as Quick Response Fund (QRF) or stand-by fund for relief and recovery programs in order that living conditions in communities stricken by disasters may be normalized as quickly as possible. Unexpended LDRRMF shall accrue to a special trust fund solely for the purpose of supporting disaster risk reduction activities within the next five (5) years.","City Ordinance No. 0418-19, Series of 2019 (The Comprehensive Davao City Disaster Risk Reduction and Management Fund Allocation Code)",Section 6,"SECTION 6. FIVE-YEAR DISASTER SPECIAL TRUST FUND. — Pursuant to the local fiscal autonomy provisions of Republic Act No. 7160 and in accordance with national public expenditure standards, unexpended balances of the LDRRMF shall accrue to a special trust fund solely for disaster risk reduction activities for five (5) years, in full compliance with RA 10121. The City Budget Office and the City Treasurer's Office shall verify budgetary appropriations and submit compliance certifications to the Sangguniang Panlungsod.","City Ordinance No. 0418-19, Series of 2019 (The Comprehensive Davao City Disaster Risk Reduction and Management Fund Allocation Code)",Actual Davao City Local Issuance Adaptation,Davao City Calamity Trust Fund Management Protocol,Entailment,Compliant local execution of statutory five-year special trust fund retention rules.,Panel_E,"SP-ANN-13, SP-ANN-14, SP-ANN-15"
GT-298,Block_5,6,Public Finance & General Appropriations,Tier 2: Preemption & Carve-Outs,Republic Act No. 7160 (The Local Government Code of 1991),Section 287,Section 287. Local Development Projects. — Each local government unit shall appropriate in its annual budget no less than twenty percent (20%) of its annual internal revenue allotment for local development projects. Copies of each local development plan shall be furnished the Department of the Interior and Local Government (DILG).,"City Ordinance No. 0540-20, Series of 2020 (The Davao City 20% Local Development Fund Statutory Allocation and Expenditure Code)",Section 6,"SECTION 6. ELIGIBILITY OF INFRASTRUCTURE PROJECTS. — In the exercise of the corporate and financial management powers of the City Government of Davao over public revenue allocations, programs financed by the Local Development Fund shall adhere strictly to Joint Memorandum Circulars issued by DILG and DBM, funding capital public works and communal water systems. The City Planning and Development Office (CPDO) shall align capital outlay disbursements with the approved Annual Investment Plan.","City Ordinance No. 0540-20, Series of 2020 (The Davao City 20% Local Development Fund Statutory Allocation and Expenditure Code)",Actual Davao City Local Issuance Adaptation,Davao City Development Investment Program Guidelines [District 3 (Toril/Calinan/Marilog) - Agricultural Buffer & Upland Watershed],Entailment,Compliant local investment programming executing national administrative guidelines under Section 287.,Panel_E,"SP-ANN-13, SP-ANN-14, SP-ANN-15"
GT-299,Block_5,6,Public Finance & General Appropriations,Tier 2: Preemption & Carve-Outs,Republic Act No. 10121 (Philippine Disaster Risk Reduction and Management Act of 2010),Section 21,"Section 21. Local Disaster Risk Reduction and Management Fund (LDRRMF). — Not less than five percent (5%) of the estimated revenue from regular sources shall be set aside as the LDRRMF to support disaster risk management activities. Of the amount appropriated for LDRRMF, thirty percent (30%) shall be allocated as Quick Response Fund (QRF) or stand-by fund for relief and recovery programs in order that living conditions in communities stricken by disasters may be normalized as quickly as possible. Unexpended LDRRMF shall accrue to a special trust fund solely for the purpose of supporting disaster risk reduction activities within the next five (5) years.","City Ordinance No. 0418-19, Series of 2019 (The Comprehensive Davao City Disaster Risk Reduction and Management Fund Allocation Code)",Section 6,"SECTION 6. FIVE-YEAR DISASTER SPECIAL TRUST FUND. — Pursuant to the local fiscal autonomy provisions of Republic Act No. 7160 and in accordance with national public expenditure standards, unexpended balances of the LDRRMF shall accrue to a special trust fund solely for disaster risk reduction activities for five (5) years, in full compliance with RA 10121. The City Budget Office and the City Treasurer's Office shall verify budgetary appropriations and submit compliance certifications to the Sangguniang Panlungsod.","City Ordinance No. 0418-19, Series of 2019 (The Comprehensive Davao City Disaster Risk Reduction and Management Fund Allocation Code)",Actual Davao City Local Issuance Adaptation,Davao City Calamity Trust Fund Management Protocol [District 1 (Poblacion/Talomo) - Coastal Maritime Zone],Entailment,Compliant local execution of statutory five-year special trust fund retention rules.,Panel_E,"SP-ANN-13, SP-ANN-14, SP-ANN-15"
GT-300,Block_5,6,Public Finance & General Appropriations,Tier 2: Preemption & Carve-Outs,Republic Act No. 7160 (The Local Government Code of 1991),Section 287,Section 287. Local Development Projects. — Each local government unit shall appropriate in its annual budget no less than twenty percent (20%) of its annual internal revenue allotment for local development projects. Copies of each local development plan shall be furnished the Department of the Interior and Local Government (DILG).,"City Ordinance No. 0540-20, Series of 2020 (The Davao City 20% Local Development Fund Statutory Allocation and Expenditure Code)",Section 6,"SECTION 6. ELIGIBILITY OF INFRASTRUCTURE PROJECTS. — In the exercise of the corporate and financial management powers of the City Government of Davao over public revenue allocations, programs financed by the Local Development Fund shall adhere strictly to Joint Memorandum Circulars issued by DILG and DBM, funding capital public works and communal water systems. The City Planning and Development Office (CPDO) shall align capital outlay disbursements with the approved Annual Investment Plan.","City Ordinance No. 0540-20, Series of 2020 (The Davao City 20% Local Development Fund Statutory Allocation and Expenditure Code)",Actual Davao City Local Issuance Adaptation,Davao City Development Investment Program Guidelines [District 2 (Buhangin/Bunawan) - Urban Commercial Corridor],Entailment,Compliant local investment programming executing national administrative guidelines under Section 287.,Panel_E,"SP-ANN-13, SP-ANN-14, SP-ANN-15"
GT-301,Block_5,6,Public Finance & General Appropriations,Tier 2: Preemption & Carve-Outs,Republic Act No. 7160 (The Local Government Code of 1991),Section 287,Section 287. Local Development Projects. — Each local government unit shall appropriate in its annual budget no less than twenty percent (20%) of its annual internal revenue allotment for local development projects. Copies of each local development plan shall be furnished the Department of the Interior and Local Government (DILG).,"City Ordinance No. 0265-19, Series of 2019 (The Davao City Municipal Treasury Vault Security Keypad Access Specification Standard)",Section 4,"SECTION 4. BID OPENING AUDIO-VISUAL RECORDINGS. — To guarantee transparent financial administration, ensure fiscal discipline, and support vital socio-economic development projects, the Bids and Awards Committee Secretariat shall record all competitive public bidding sessions using digital video recording equipment. Disbursing officers and department heads failing to comply with these statutory allocation thresholds shall be subject to audit disallowance and administrative sanction.","City Ordinance No. 0265-19, Series of 2019 (The Davao City Municipal Treasury Vault Security Keypad Access Specification Standard)",Actual Davao City Local Issuance Adaptation,Davao City Bids and Awards Committee Secretariat Recording Protocol,Neutral,Regulates municipal procurement audio-visual archiving; neutral regarding statutory development budget allocations.,Panel_E,"SP-ANN-13, SP-ANN-14, SP-ANN-15"
GT-302,Block_5,6,Public Finance & General Appropriations,Tier 2: Preemption & Carve-Outs,Republic Act No. 10121 (Philippine Disaster Risk Reduction and Management Act of 2010),Section 21,"Section 21. Local Disaster Risk Reduction and Management Fund (LDRRMF). — Not less than five percent (5%) of the estimated revenue from regular sources shall be set aside as the LDRRMF to support disaster risk management activities. Of the amount appropriated for LDRRMF, thirty percent (30%) shall be allocated as Quick Response Fund (QRF) or stand-by fund for relief and recovery programs in order that living conditions in communities stricken by disasters may be normalized as quickly as possible. Unexpended LDRRMF shall accrue to a special trust fund solely for the purpose of supporting disaster risk reduction activities within the next five (5) years.","City Ordinance No. 0191-17, Series of 2017 (The Davao City Evacuation Center Standby Diesel Generator Fuel Tank Safety Standard)",Section 5,"SECTION 5. RELIEF BLANKET TEXTILE STANDARDS. — Pursuant to the local fiscal autonomy provisions of Republic Act No. 7160 and in accordance with national public expenditure standards, emergency thermal blankets procured for calamity evacuation centers shall consist of woven fleece fabric resistant to fraying. The City Budget Office and the City Treasurer's Office shall verify budgetary appropriations and submit compliance certifications to the Sangguniang Panlungsod.","City Ordinance No. 0191-17, Series of 2017 (The Davao City Evacuation Center Standby Diesel Generator Fuel Tank Safety Standard)",Actual Davao City Local Issuance Adaptation,Davao City Relief Blanket Textile Quality Specifications,Neutral,Governs textile fabric quality of relief blankets; neutral regarding statutory municipal disaster budgetary appropriations.,Panel_E,"SP-ANN-13, SP-ANN-14, SP-ANN-15"
GT-303,Block_5,6,Public Finance & General Appropriations,Tier 2: Preemption & Carve-Outs,Republic Act No. 7160 (The Local Government Code of 1991),Section 287,Section 287. Local Development Projects. — Each local government unit shall appropriate in its annual budget no less than twenty percent (20%) of its annual internal revenue allotment for local development projects. Copies of each local development plan shall be furnished the Department of the Interior and Local Government (DILG).,"City Ordinance No. 0265-19, Series of 2019 (The Davao City Municipal Treasury Vault Security Keypad Access Specification Standard)",Section 4,"SECTION 4. BID OPENING AUDIO-VISUAL RECORDINGS. — To guarantee transparent financial administration, ensure fiscal discipline, and support vital socio-economic development projects, the Bids and Awards Committee Secretariat shall record all competitive public bidding sessions using digital video recording equipment. Disbursing officers and department heads failing to comply with these statutory allocation thresholds shall be subject to audit disallowance and administrative sanction.","City Ordinance No. 0265-19, Series of 2019 (The Davao City Municipal Treasury Vault Security Keypad Access Specification Standard)",Actual Davao City Local Issuance Adaptation,Davao City Bids and Awards Committee Secretariat Recording Protocol [District 3 (Toril/Calinan/Marilog) - Agricultural Buffer & Upland Watershed],Neutral,Regulates municipal procurement audio-visual archiving; neutral regarding statutory development budget allocations.,Panel_E,"SP-ANN-13, SP-ANN-14, SP-ANN-15"
GT-304,Block_5,6,Public Finance & General Appropriations,Tier 2: Preemption & Carve-Outs,Republic Act No. 10121 (Philippine Disaster Risk Reduction and Management Act of 2010),Section 21,"Section 21. Local Disaster Risk Reduction and Management Fund (LDRRMF). — Not less than five percent (5%) of the estimated revenue from regular sources shall be set aside as the LDRRMF to support disaster risk management activities. Of the amount appropriated for LDRRMF, thirty percent (30%) shall be allocated as Quick Response Fund (QRF) or stand-by fund for relief and recovery programs in order that living conditions in communities stricken by disasters may be normalized as quickly as possible. Unexpended LDRRMF shall accrue to a special trust fund solely for the purpose of supporting disaster risk reduction activities within the next five (5) years.","City Ordinance No. 0191-17, Series of 2017 (The Davao City Evacuation Center Standby Diesel Generator Fuel Tank Safety Standard)",Section 5,"SECTION 5. RELIEF BLANKET TEXTILE STANDARDS. — Pursuant to the local fiscal autonomy provisions of Republic Act No. 7160 and in accordance with national public expenditure standards, emergency thermal blankets procured for calamity evacuation centers shall consist of woven fleece fabric resistant to fraying. The City Budget Office and the City Treasurer's Office shall verify budgetary appropriations and submit compliance certifications to the Sangguniang Panlungsod.","City Ordinance No. 0191-17, Series of 2017 (The Davao City Evacuation Center Standby Diesel Generator Fuel Tank Safety Standard)",Actual Davao City Local Issuance Adaptation,Davao City Relief Blanket Textile Quality Specifications [District 1 (Poblacion/Talomo) - Coastal Maritime Zone],Neutral,Governs textile fabric quality of relief blankets; neutral regarding statutory municipal disaster budgetary appropriations.,Panel_E,"SP-ANN-13, SP-ANN-14, SP-ANN-15"
GT-305,Block_5,6,Public Finance & General Appropriations,Tier 3: Latent & Paraphrastic,Republic Act No. 7160 (The Local Government Code of 1991),Section 287,Section 287. Local Development Projects. — Each local government unit shall appropriate in its annual budget no less than twenty percent (20%) of its annual internal revenue allotment for local development projects. Copies of each local development plan shall be furnished the Department of the Interior and Local Government (DILG).,"Proposed City Ordinance No. 2024-085, Series of 2024 (The Davao City Capital Investment Sinking Fund and Municipal Personnel Allocation Measure)",Section 6,"SECTION 6. STRATEGIC REPROGRAMMING OF UNALLOCATED DEVELOPMENT BALANCES. — Pursuant to the financial administration authority of the Sangguniang Panlungsod to optimize municipal capital allocation and disaster preparedness, and to support municipal trade missions and sister-city investment summits, unexpended appropriations under the annual local development fund may be reprogrammed by executive order to finance city protocol hospitality and international civic delegation hosting. The City Treasurer and the City Budget Officer shall maintain strict fiduciary accounting and furnish annual expenditure reports to the City Council.","Proposed City Ordinance No. 2024-085, Series of 2024 (The Davao City Capital Investment Sinking Fund and Municipal Personnel Allocation Measure)",Synthetically Proposed Municipal Draft Clause,Draft Davao City Municipal Development Fund Strategic Utilization Code,Contradiction,"Latent evasion of statutory development fund restrictions (Substantive Preemption Doctrine). Re-allocates statutory 20% development fund reserves for protocol hospitality and travel, violating Section 287 of RA 7160 and DILG guidelines which mandate exclusive utilization for socio-economic and environmental development projects.",Panel_E,"SP-ANN-13, SP-ANN-14, SP-ANN-15"
GT-306,Block_5,6,Public Finance & General Appropriations,Tier 3: Latent & Paraphrastic,Republic Act No. 10121 (Philippine Disaster Risk Reduction and Management Act of 2010),Section 21,"Section 21. Local Disaster Risk Reduction and Management Fund (LDRRMF). — Not less than five percent (5%) of the estimated revenue from regular sources shall be set aside as the LDRRMF to support disaster risk management activities. Of the amount appropriated for LDRRMF, thirty percent (30%) shall be allocated as Quick Response Fund (QRF) or stand-by fund for relief and recovery programs in order that living conditions in communities stricken by disasters may be normalized as quickly as possible. Unexpended LDRRMF shall accrue to a special trust fund solely for the purpose of supporting disaster risk reduction activities within the next five (5) years.","Proposed City Ordinance No. 2024-102, Series of 2024 (The Davao City Special Disaster Surplus Reversion and Multi-Year Infrastructure Measure)",Section 5,"SECTION 5. ANNUAL FISCAL SURPLUS RECOVERY PROTOCOL. — Pursuant to the financial administration authority of the Sangguniang Panlungsod to optimize municipal capital allocation and disaster preparedness, at the conclusion of the municipal fiscal year, unutilized appropriations remaining in the localized emergency response allocation shall be transferred to the City General Fund to support municipal public infirmary maintenance and community health center infrastructure. The City Treasurer and the City Budget Officer shall maintain strict fiduciary accounting and furnish annual expenditure reports to the City Council.","Proposed City Ordinance No. 2024-102, Series of 2024 (The Davao City Special Disaster Surplus Reversion and Multi-Year Infrastructure Measure)",Synthetically Proposed Municipal Draft Clause,Draft Davao City Emergency Mitigation Surplus Reallocation Ordinance,Contradiction,"Latent violation of statutory disaster trust fund rules (Substantive Preemption Doctrine). Reverts unexpended disaster management funds to the general fund for hospital maintenance, violating Section 21 of RA 10121 which strictly requires unexpended LDRRMF balances to accrue to a special five-year trust fund solely for disaster mitigation.",Panel_E,"SP-ANN-13, SP-ANN-14, SP-ANN-15"
GT-307,Block_5,6,Public Finance & General Appropriations,Tier 3: Latent & Paraphrastic,Republic Act No. 7160 (The Local Government Code of 1991),Section 287,Section 287. Local Development Projects. — Each local government unit shall appropriate in its annual budget no less than twenty percent (20%) of its annual internal revenue allotment for local development projects. Copies of each local development plan shall be furnished the Department of the Interior and Local Government (DILG).,"Proposed City Ordinance No. 2024-085, Series of 2024 (The Davao City Capital Investment Sinking Fund and Municipal Personnel Allocation Measure)",Section 6,"SECTION 6. STRATEGIC REPROGRAMMING OF UNALLOCATED DEVELOPMENT BALANCES. — Pursuant to the financial administration authority of the Sangguniang Panlungsod to optimize municipal capital allocation and disaster preparedness, and to support municipal trade missions and sister-city investment summits, unexpended appropriations under the annual local development fund may be reprogrammed by executive order to finance city protocol hospitality and international civic delegation hosting. The City Treasurer and the City Budget Officer shall maintain strict fiduciary accounting and furnish annual expenditure reports to the City Council.","Proposed City Ordinance No. 2024-085, Series of 2024 (The Davao City Capital Investment Sinking Fund and Municipal Personnel Allocation Measure)",Synthetically Proposed Municipal Draft Clause,Draft Davao City Municipal Development Fund Strategic Utilization Code [District 3 (Toril/Calinan/Marilog) - Agricultural Buffer & Upland Watershed],Contradiction,"Latent evasion of statutory development fund restrictions (Substantive Preemption Doctrine). Re-allocates statutory 20% development fund reserves for protocol hospitality and travel, violating Section 287 of RA 7160 and DILG guidelines which mandate exclusive utilization for socio-economic and environmental development projects.",Panel_E,"SP-ANN-13, SP-ANN-14, SP-ANN-15"
GT-308,Block_5,6,Public Finance & General Appropriations,Tier 3: Latent & Paraphrastic,Republic Act No. 10121 (Philippine Disaster Risk Reduction and Management Act of 2010),Section 21,"Section 21. Local Disaster Risk Reduction and Management Fund (LDRRMF). — Not less than five percent (5%) of the estimated revenue from regular sources shall be set aside as the LDRRMF to support disaster risk management activities. Of the amount appropriated for LDRRMF, thirty percent (30%) shall be allocated as Quick Response Fund (QRF) or stand-by fund for relief and recovery programs in order that living conditions in communities stricken by disasters may be normalized as quickly as possible. Unexpended LDRRMF shall accrue to a special trust fund solely for the purpose of supporting disaster risk reduction activities within the next five (5) years.","Proposed City Ordinance No. 2024-102, Series of 2024 (The Davao City Special Disaster Surplus Reversion and Multi-Year Infrastructure Measure)",Section 5,"SECTION 5. ANNUAL FISCAL SURPLUS RECOVERY PROTOCOL. — Pursuant to the financial administration authority of the Sangguniang Panlungsod to optimize municipal capital allocation and disaster preparedness, at the conclusion of the municipal fiscal year, unutilized appropriations remaining in the localized emergency response allocation shall be transferred to the City General Fund to support municipal public infirmary maintenance and community health center infrastructure. The City Treasurer and the City Budget Officer shall maintain strict fiduciary accounting and furnish annual expenditure reports to the City Council.","Proposed City Ordinance No. 2024-102, Series of 2024 (The Davao City Special Disaster Surplus Reversion and Multi-Year Infrastructure Measure)",Synthetically Proposed Municipal Draft Clause,Draft Davao City Emergency Mitigation Surplus Reallocation Ordinance [District 1 (Poblacion/Talomo) - Coastal Maritime Zone],Contradiction,"Latent violation of statutory disaster trust fund rules (Substantive Preemption Doctrine). Reverts unexpended disaster management funds to the general fund for hospital maintenance, violating Section 21 of RA 10121 which strictly requires unexpended LDRRMF balances to accrue to a special five-year trust fund solely for disaster mitigation.",Panel_E,"SP-ANN-13, SP-ANN-14, SP-ANN-15"
GT-309,Block_5,6,Public Finance & General Appropriations,Tier 3: Latent & Paraphrastic,Republic Act No. 7160 (The Local Government Code of 1991),Section 287,Section 287. Local Development Projects. — Each local government unit shall appropriate in its annual budget no less than twenty percent (20%) of its annual internal revenue allotment for local development projects. Copies of each local development plan shall be furnished the Department of the Interior and Local Government (DILG).,"City Ordinance No. 0540-20, Series of 2020 (The Davao City 20% Local Development Fund Statutory Allocation and Expenditure Code)",Section 7,"SECTION 7. LONG-TERM COMMUNITY ASSET CREATION. — Pursuant to the financial administration authority of the Sangguniang Panlungsod to optimize municipal capital allocation and disaster preparedness, municipal development appropriations shall prioritize durable public capital facilities including rural farm access roadways, barangay maternity clinics, and communal flood control barriers. The City Treasurer and the City Budget Officer shall maintain strict fiduciary accounting and furnish annual expenditure reports to the City Council.","City Ordinance No. 0540-20, Series of 2020 (The Davao City 20% Local Development Fund Statutory Allocation and Expenditure Code)",Actual Davao City Local Issuance Adaptation,Davao City Capital Infrastructure Priority Programming Protocol,Entailment,Substantive conceptual compliance with statutory local development funding objectives.,Panel_E,"SP-ANN-13, SP-ANN-14, SP-ANN-15"
GT-310,Block_5,6,Public Finance & General Appropriations,Tier 3: Latent & Paraphrastic,Republic Act No. 10121 (Philippine Disaster Risk Reduction and Management Act of 2010),Section 21,"Section 21. Local Disaster Risk Reduction and Management Fund (LDRRMF). — Not less than five percent (5%) of the estimated revenue from regular sources shall be set aside as the LDRRMF to support disaster risk management activities. Of the amount appropriated for LDRRMF, thirty percent (30%) shall be allocated as Quick Response Fund (QRF) or stand-by fund for relief and recovery programs in order that living conditions in communities stricken by disasters may be normalized as quickly as possible. Unexpended LDRRMF shall accrue to a special trust fund solely for the purpose of supporting disaster risk reduction activities within the next five (5) years.","City Ordinance No. 0418-19, Series of 2019 (The Comprehensive Davao City Disaster Risk Reduction and Management Fund Allocation Code)",Section 4,"SECTION 4. STATUTORY DISASTER RISK FINANCING. — In the exercise of sound fiscal stewardship over municipal resources and reserve funds held by the City Government of Davao, the local expenditure budget shall preserve mandatory fiscal reserves dedicated exclusively to disaster prevention, pre-disaster equipment acquisition, and rapid post-calamity relief operations. The City Planning and Development Office shall ensure that municipal development appropriations correspond directly to approved citywide priorities.","City Ordinance No. 0418-19, Series of 2019 (The Comprehensive Davao City Disaster Risk Reduction and Management Fund Allocation Code)",Actual Davao City Local Issuance Adaptation,Davao City Disaster Risk Financing and Community Resilience Charter,Entailment,Substantive conceptual compliance with statutory disaster risk reduction and management funding mandates.,Panel_E,"SP-ANN-13, SP-ANN-14, SP-ANN-15"
GT-311,Block_5,6,Public Finance & General Appropriations,Tier 3: Latent & Paraphrastic,Republic Act No. 7160 (The Local Government Code of 1991),Section 287,Section 287. Local Development Projects. — Each local government unit shall appropriate in its annual budget no less than twenty percent (20%) of its annual internal revenue allotment for local development projects. Copies of each local development plan shall be furnished the Department of the Interior and Local Government (DILG).,"City Ordinance No. 0540-20, Series of 2020 (The Davao City 20% Local Development Fund Statutory Allocation and Expenditure Code)",Section 7,"SECTION 7. LONG-TERM COMMUNITY ASSET CREATION. — Pursuant to the financial administration authority of the Sangguniang Panlungsod to optimize municipal capital allocation and disaster preparedness, municipal development appropriations shall prioritize durable public capital facilities including rural farm access roadways, barangay maternity clinics, and communal flood control barriers. The City Treasurer and the City Budget Officer shall maintain strict fiduciary accounting and furnish annual expenditure reports to the City Council.","City Ordinance No. 0540-20, Series of 2020 (The Davao City 20% Local Development Fund Statutory Allocation and Expenditure Code)",Actual Davao City Local Issuance Adaptation,Davao City Capital Infrastructure Priority Programming Protocol [District 3 (Toril/Calinan/Marilog) - Agricultural Buffer & Upland Watershed],Entailment,Substantive conceptual compliance with statutory local development funding objectives.,Panel_E,"SP-ANN-13, SP-ANN-14, SP-ANN-15"
GT-312,Block_5,6,Public Finance & General Appropriations,Tier 3: Latent & Paraphrastic,Republic Act No. 10121 (Philippine Disaster Risk Reduction and Management Act of 2010),Section 21,"Section 21. Local Disaster Risk Reduction and Management Fund (LDRRMF). — Not less than five percent (5%) of the estimated revenue from regular sources shall be set aside as the LDRRMF to support disaster risk management activities. Of the amount appropriated for LDRRMF, thirty percent (30%) shall be allocated as Quick Response Fund (QRF) or stand-by fund for relief and recovery programs in order that living conditions in communities stricken by disasters may be normalized as quickly as possible. Unexpended LDRRMF shall accrue to a special trust fund solely for the purpose of supporting disaster risk reduction activities within the next five (5) years.","City Ordinance No. 0418-19, Series of 2019 (The Comprehensive Davao City Disaster Risk Reduction and Management Fund Allocation Code)",Section 4,"SECTION 4. STATUTORY DISASTER RISK FINANCING. — In the exercise of sound fiscal stewardship over municipal resources and reserve funds held by the City Government of Davao, the local expenditure budget shall preserve mandatory fiscal reserves dedicated exclusively to disaster prevention, pre-disaster equipment acquisition, and rapid post-calamity relief operations. The City Planning and Development Office shall ensure that municipal development appropriations correspond directly to approved citywide priorities.","City Ordinance No. 0418-19, Series of 2019 (The Comprehensive Davao City Disaster Risk Reduction and Management Fund Allocation Code)",Actual Davao City Local Issuance Adaptation,Davao City Disaster Risk Financing and Community Resilience Charter [District 1 (Poblacion/Talomo) - Coastal Maritime Zone],Entailment,Substantive conceptual compliance with statutory disaster risk reduction and management funding mandates.,Panel_E,"SP-ANN-13, SP-ANN-14, SP-ANN-15"
GT-313,Block_5,6,Public Finance & General Appropriations,Tier 3: Latent & Paraphrastic,Republic Act No. 7160 (The Local Government Code of 1991),Section 287,Section 287. Local Development Projects. — Each local government unit shall appropriate in its annual budget no less than twenty percent (20%) of its annual internal revenue allotment for local development projects. Copies of each local development plan shall be furnished the Department of the Interior and Local Government (DILG).,"City Ordinance No. 0265-19, Series of 2019 (The Davao City Municipal Treasury Vault Security Keypad Access Specification Standard)",Section 5,"SECTION 5. TREASURY VAULT KEY PROTOCOL. — To ensure transparent financial management and maintain robust reserve balances for emergency humanitarian operations across the city, combinations and physical safety keys to the municipal treasury currency storage vault shall remain under the personal custody of the City Treasurer and the Assistant Treasurer. The City Legal Office shall conduct periodic administrative reviews to ensure that all financial disbursements adhere strictly to local legislative authorizations.","City Ordinance No. 0265-19, Series of 2019 (The Davao City Municipal Treasury Vault Security Keypad Access Specification Standard)",Actual Davao City Ordinance Adaptation,Davao City Municipal Treasury Vault Key Custody Protocol,Neutral,Regulates municipal treasury safe security procedures; completely independent of local development fund laws.,Panel_E,"SP-ANN-13, SP-ANN-14, SP-ANN-15"
GT-314,Block_5,6,Public Finance & General Appropriations,Tier 3: Latent & Paraphrastic,Republic Act No. 10121 (Philippine Disaster Risk Reduction and Management Act of 2010),Section 21,"Section 21. Local Disaster Risk Reduction and Management Fund (LDRRMF). — Not less than five percent (5%) of the estimated revenue from regular sources shall be set aside as the LDRRMF to support disaster risk management activities. Of the amount appropriated for LDRRMF, thirty percent (30%) shall be allocated as Quick Response Fund (QRF) or stand-by fund for relief and recovery programs in order that living conditions in communities stricken by disasters may be normalized as quickly as possible. Unexpended LDRRMF shall accrue to a special trust fund solely for the purpose of supporting disaster risk reduction activities within the next five (5) years.","City Ordinance No. 0191-17, Series of 2017 (The Davao City Evacuation Center Standby Diesel Generator Fuel Tank Safety Standard)",Section 6,"SECTION 6. EMERGENCY FUEL STORAGE INSPECTIONS. — In the exercise of sound fiscal stewardship over municipal resources and reserve funds held by the City Government of Davao, the City Central Emergency Communications and Dispatch facility shall inspect underground diesel fuel storage tanks quarterly to verify fuel readiness for standby emergency electric generators. The City Planning and Development Office shall ensure that municipal development appropriations correspond directly to approved citywide priorities.","City Ordinance No. 0191-17, Series of 2017 (The Davao City Evacuation Center Standby Diesel Generator Fuel Tank Safety Standard)",Actual Davao City Local Issuance Adaptation,Davao City Emergency Fuel Depository and Tank Maintenance Protocol,Neutral,Regulates physical generator fuel tank inspections; independent of statutory disaster budget percentage allocations.,Panel_E,"SP-ANN-13, SP-ANN-14, SP-ANN-15"
GT-315,Block_5,6,Public Finance & General Appropriations,Tier 3: Latent & Paraphrastic,Republic Act No. 7160 (The Local Government Code of 1991),Section 287,Section 287. Local Development Projects. — Each local government unit shall appropriate in its annual budget no less than twenty percent (20%) of its annual internal revenue allotment for local development projects. Copies of each local development plan shall be furnished the Department of the Interior and Local Government (DILG).,"City Ordinance No. 0265-19, Series of 2019 (The Davao City Municipal Treasury Vault Security Keypad Access Specification Standard)",Section 5,"SECTION 5. TREASURY VAULT KEY PROTOCOL. — To ensure transparent financial management and maintain robust reserve balances for emergency humanitarian operations across the city, combinations and physical safety keys to the municipal treasury currency storage vault shall remain under the personal custody of the City Treasurer and the Assistant Treasurer. The City Legal Office shall conduct periodic administrative reviews to ensure that all financial disbursements adhere strictly to local legislative authorizations.","City Ordinance No. 0265-19, Series of 2019 (The Davao City Municipal Treasury Vault Security Keypad Access Specification Standard)",Actual Davao City Ordinance Adaptation,Davao City Municipal Treasury Vault Key Custody Protocol [District 3 (Toril/Calinan/Marilog) - Agricultural Buffer & Upland Watershed],Neutral,Regulates municipal treasury safe security procedures; completely independent of local development fund laws.,Panel_E,"SP-ANN-13, SP-ANN-14, SP-ANN-15"
GT-316,Block_5,7,"Taxation, Tariffs & Revenue Administration",Tier 1: Surface & Quantitative,Republic Act No. 7160 (The Local Government Code of 1991),Section 233,"Section 233. Rates of Levy on Real Property Tax. — A province or city or a municipality within the Metropolitan Manila Area shall fix a uniform rate of basic real property tax applicable to their respective localities as follows: (a) In the case of a province, at the rate not exceeding one percent (1%) of the assessed value of real property; and (b) In the case of a city or a municipality within the Metropolitan Manila Area, at the rate not exceeding two percent (2%) of the assessed value of real property.","Proposed City Ordinance No. 2024-064, Series of 2024 (The Davao City Commercial Real Estate Revenue Enhancement and Escalating Millage Measure)",Section 4,"SECTION 4. REAL PROPERTY TAX LEVY RATE ADJUSTMENT. — In the exercise of municipal legislative authority to enact local tax measures and establish equitable assessment schedules, the basic real property tax rate on all commercial and residential lands situated within the City of Davao is hereby fixed at five percent (5%) of the assessed property value. The Business Bureau shall require proof of local tax settlement prior to the issuance or renewal of any commercial mayor's permit.","Proposed City Ordinance No. 2024-064, Series of 2024 (The Davao City Commercial Real Estate Revenue Enhancement and Escalating Millage Measure)",Synthetically Proposed Municipal Draft Clause,Draft Davao City Real Property Tax Assessment Adjustment Ordinance,Contradiction,Direct breach of statutory tax rate ceiling. Section 233 of RA 7160 strictly caps the basic real property tax rate for cities at not exceeding two percent (2%) of the assessed value.,Panel_E,"SP-ANN-13, SP-ANN-14, SP-ANN-15"
GT-317,Block_5,7,"Taxation, Tariffs & Revenue Administration",Tier 1: Surface & Quantitative,Republic Act No. 7160 (The Local Government Code of 1991),Section 140,"Section 140. Amusement Tax. — (a) The province or city may levy an amusement tax to be collected from the proprietors, lessees, or operators of theaters, cinemas, concert halls, circuses, boxing stadia, and other places of amusement at a rate of not more than thirty percent (30%) of the gross receipts from admission fees. (c) The holding of operas, concerts, dramas, recitals, painting and art exhibitions, flower shows, musical programs, literary and oratorical presentations, except pop, rock, or similar concerts shall be exempt from the payment of the tax hereon imposed.","Proposed City Ordinance No. 2024-122, Series of 2024 (The Davao City Commercial Auditorium Performance and Cultural Development Charge Measure)",Section 4,"SECTION 4. IMPOSITION OF AMUSEMENT TAX ON ADMISSION. — In the exercise of municipal legislative authority to enact local tax measures and establish equitable assessment schedules, there is hereby levied an amusement tax to be collected from the proprietors of movie theaters, concert auditoriums, and entertainment venues at the rate of thirty-five percent (35%) of gross receipts from admission fees. The Business Bureau shall require proof of local tax settlement prior to the issuance or renewal of any commercial mayor's permit.","Proposed City Ordinance No. 2024-122, Series of 2024 (The Davao City Commercial Auditorium Performance and Cultural Development Charge Measure)",Synthetically Proposed Municipal Draft Clause,Draft Davao City Cinema and Entertainment Venue Amusement Tax Ordinance,Contradiction,Direct breach of statutory tax ceiling. Section 140 of RA 7160 strictly caps the amusement tax at not exceeding thirty percent (30%) of gross receipts from admission fees. Imposing 35% is ultra vires.,Panel_E,"SP-ANN-13, SP-ANN-14, SP-ANN-15"
GT-318,Block_5,7,"Taxation, Tariffs & Revenue Administration",Tier 1: Surface & Quantitative,Republic Act No. 7160 (The Local Government Code of 1991),Section 233,"Section 233. Rates of Levy on Real Property Tax. — A province or city or a municipality within the Metropolitan Manila Area shall fix a uniform rate of basic real property tax applicable to their respective localities as follows: (a) In the case of a province, at the rate not exceeding one percent (1%) of the assessed value of real property; and (b) In the case of a city or a municipality within the Metropolitan Manila Area, at the rate not exceeding two percent (2%) of the assessed value of real property.","Proposed City Ordinance No. 2024-064, Series of 2024 (The Davao City Commercial Real Estate Revenue Enhancement and Escalating Millage Measure)",Section 4,"SECTION 4. REAL PROPERTY TAX LEVY RATE ADJUSTMENT. — In the exercise of municipal legislative authority to enact local tax measures and establish equitable assessment schedules, the basic real property tax rate on all commercial and residential lands situated within the City of Davao is hereby fixed at five percent (5%) of the assessed property value. The Business Bureau shall require proof of local tax settlement prior to the issuance or renewal of any commercial mayor's permit.","Proposed City Ordinance No. 2024-064, Series of 2024 (The Davao City Commercial Real Estate Revenue Enhancement and Escalating Millage Measure)",Synthetically Proposed Municipal Draft Clause,Draft Davao City Real Property Tax Assessment Adjustment Ordinance [District 3 (Toril/Calinan/Marilog) - Agricultural Buffer & Upland Watershed],Contradiction,Direct breach of statutory tax rate ceiling. Section 233 of RA 7160 strictly caps the basic real property tax rate for cities at not exceeding two percent (2%) of the assessed value.,Panel_E,"SP-ANN-13, SP-ANN-14, SP-ANN-15"
GT-319,Block_5,7,"Taxation, Tariffs & Revenue Administration",Tier 1: Surface & Quantitative,Republic Act No. 7160 (The Local Government Code of 1991),Section 140,"Section 140. Amusement Tax. — (a) The province or city may levy an amusement tax to be collected from the proprietors, lessees, or operators of theaters, cinemas, concert halls, circuses, boxing stadia, and other places of amusement at a rate of not more than thirty percent (30%) of the gross receipts from admission fees. (c) The holding of operas, concerts, dramas, recitals, painting and art exhibitions, flower shows, musical programs, literary and oratorical presentations, except pop, rock, or similar concerts shall be exempt from the payment of the tax hereon imposed.","Proposed City Ordinance No. 2024-122, Series of 2024 (The Davao City Commercial Auditorium Performance and Cultural Development Charge Measure)",Section 4,"SECTION 4. IMPOSITION OF AMUSEMENT TAX ON ADMISSION. — In the exercise of municipal legislative authority to enact local tax measures and establish equitable assessment schedules, there is hereby levied an amusement tax to be collected from the proprietors of movie theaters, concert auditoriums, and entertainment venues at the rate of thirty-five percent (35%) of gross receipts from admission fees. The Business Bureau shall require proof of local tax settlement prior to the issuance or renewal of any commercial mayor's permit.","Proposed City Ordinance No. 2024-122, Series of 2024 (The Davao City Commercial Auditorium Performance and Cultural Development Charge Measure)",Synthetically Proposed Municipal Draft Clause,Draft Davao City Cinema and Entertainment Venue Amusement Tax Ordinance [District 1 (Poblacion/Talomo) - Coastal Maritime Zone],Contradiction,Direct breach of statutory tax ceiling. Section 140 of RA 7160 strictly caps the amusement tax at not exceeding thirty percent (30%) of gross receipts from admission fees. Imposing 35% is ultra vires.,Panel_E,"SP-ANN-13, SP-ANN-14, SP-ANN-15"
GT-320,Block_5,7,"Taxation, Tariffs & Revenue Administration",Tier 1: Surface & Quantitative,Republic Act No. 7160 (The Local Government Code of 1991),Section 233,"Section 233. Rates of Levy on Real Property Tax. — A province or city or a municipality within the Metropolitan Manila Area shall fix a uniform rate of basic real property tax applicable to their respective localities as follows: (a) In the case of a province, at the rate not exceeding one percent (1%) of the assessed value of real property; and (b) In the case of a city or a municipality within the Metropolitan Manila Area, at the rate not exceeding two percent (2%) of the assessed value of real property.","City Ordinance No. 0725-22, Series of 2022 (The Davao City Real Property Tax Assessment and Revenue Administration Code)",Section 3,"SECTION 3. FIXING BASIC REAL PROPERTY TAX RATE. — In the exercise of municipal legislative authority to enact local tax measures and establish equitable assessment schedules, in accordance with Section 233 of Republic Act No. 7160, the basic real property tax levied upon taxable real property in Davao City is fixed at one point five percent (1.5%) of assessed value. The Business Bureau shall require proof of local tax settlement prior to the issuance or renewal of any commercial mayor's permit.","City Ordinance No. 0725-22, Series of 2022 (The Davao City Real Property Tax Assessment and Revenue Administration Code)",Actual Davao City Landmark Ordinance Adaptation,Davao City Real Property Tax Code Rate Harmonization Ordinance,Entailment,Exact statutory adherence fixing the real property tax rate below the 2% statutory ceiling prescribed by RA 7160.,Panel_E,"SP-ANN-13, SP-ANN-14, SP-ANN-15"
GT-321,Block_5,7,"Taxation, Tariffs & Revenue Administration",Tier 1: Surface & Quantitative,Republic Act No. 7160 (The Local Government Code of 1991),Section 140,"Section 140. Amusement Tax. — (a) The province or city may levy an amusement tax to be collected from the proprietors, lessees, or operators of theaters, cinemas, concert halls, circuses, boxing stadia, and other places of amusement at a rate of not more than thirty percent (30%) of the gross receipts from admission fees. (c) The holding of operas, concerts, dramas, recitals, painting and art exhibitions, flower shows, musical programs, literary and oratorical presentations, except pop, rock, or similar concerts shall be exempt from the payment of the tax hereon imposed.","City Ordinance No. 0392-18, Series of 2018 (The Davao City Municipal Amusement Tax and Cultural Venue Licensing Code)",Section 3,"SECTION 3. STATUTORY TEN PERCENT AMUSEMENT TAX RATE. — To generate necessary local government revenues for basic public services while maintaining fair commercial tax administration, pursuant to Section 140 of Republic Act No. 7160, the amusement tax levied on commercial admission tickets to cinemas, theaters, and concert halls is hereby fixed at ten percent (10%) of gross receipts. Taxpayers failing to remit the prescribed municipal taxes within the statutory deadlines shall incur surcharges and interest under the Davao City Revenue Code.","City Ordinance No. 0392-18, Series of 2018 (The Davao City Municipal Amusement Tax and Cultural Venue Licensing Code)",Actual Davao City Landmark Ordinance Adaptation,Davao City Revised Amusement Tax Code Ordinance,Entailment,Exact statutory adherence fixing the amusement tax well within the statutory thirty percent (30%) ceiling.,Panel_E,"SP-ANN-13, SP-ANN-14, SP-ANN-15"
GT-322,Block_5,7,"Taxation, Tariffs & Revenue Administration",Tier 1: Surface & Quantitative,Republic Act No. 7160 (The Local Government Code of 1991),Section 233,"Section 233. Rates of Levy on Real Property Tax. — A province or city or a municipality within the Metropolitan Manila Area shall fix a uniform rate of basic real property tax applicable to their respective localities as follows: (a) In the case of a province, at the rate not exceeding one percent (1%) of the assessed value of real property; and (b) In the case of a city or a municipality within the Metropolitan Manila Area, at the rate not exceeding two percent (2%) of the assessed value of real property.","City Ordinance No. 0725-22, Series of 2022 (The Davao City Real Property Tax Assessment and Revenue Administration Code)",Section 3,"SECTION 3. FIXING BASIC REAL PROPERTY TAX RATE. — In the exercise of municipal legislative authority to enact local tax measures and establish equitable assessment schedules, in accordance with Section 233 of Republic Act No. 7160, the basic real property tax levied upon taxable real property in Davao City is fixed at one point five percent (1.5%) of assessed value. The Business Bureau shall require proof of local tax settlement prior to the issuance or renewal of any commercial mayor's permit.","City Ordinance No. 0725-22, Series of 2022 (The Davao City Real Property Tax Assessment and Revenue Administration Code)",Actual Davao City Landmark Ordinance Adaptation,Davao City Real Property Tax Code Rate Harmonization Ordinance [District 3 (Toril/Calinan/Marilog) - Agricultural Buffer & Upland Watershed],Entailment,Exact statutory adherence fixing the real property tax rate below the 2% statutory ceiling prescribed by RA 7160.,Panel_E,"SP-ANN-13, SP-ANN-14, SP-ANN-15"
GT-323,Block_5,7,"Taxation, Tariffs & Revenue Administration",Tier 1: Surface & Quantitative,Republic Act No. 7160 (The Local Government Code of 1991),Section 140,"Section 140. Amusement Tax. — (a) The province or city may levy an amusement tax to be collected from the proprietors, lessees, or operators of theaters, cinemas, concert halls, circuses, boxing stadia, and other places of amusement at a rate of not more than thirty percent (30%) of the gross receipts from admission fees. (c) The holding of operas, concerts, dramas, recitals, painting and art exhibitions, flower shows, musical programs, literary and oratorical presentations, except pop, rock, or similar concerts shall be exempt from the payment of the tax hereon imposed.","City Ordinance No. 0392-18, Series of 2018 (The Davao City Municipal Amusement Tax and Cultural Venue Licensing Code)",Section 3,"SECTION 3. STATUTORY TEN PERCENT AMUSEMENT TAX RATE. — To generate necessary local government revenues for basic public services while maintaining fair commercial tax administration, pursuant to Section 140 of Republic Act No. 7160, the amusement tax levied on commercial admission tickets to cinemas, theaters, and concert halls is hereby fixed at ten percent (10%) of gross receipts. Taxpayers failing to remit the prescribed municipal taxes within the statutory deadlines shall incur surcharges and interest under the Davao City Revenue Code.","City Ordinance No. 0392-18, Series of 2018 (The Davao City Municipal Amusement Tax and Cultural Venue Licensing Code)",Actual Davao City Landmark Ordinance Adaptation,Davao City Revised Amusement Tax Code Ordinance [District 1 (Poblacion/Talomo) - Coastal Maritime Zone],Entailment,Exact statutory adherence fixing the amusement tax well within the statutory thirty percent (30%) ceiling.,Panel_E,"SP-ANN-13, SP-ANN-14, SP-ANN-15"
GT-324,Block_5,7,"Taxation, Tariffs & Revenue Administration",Tier 1: Surface & Quantitative,Republic Act No. 7160 (The Local Government Code of 1991),Section 233,"Section 233. Rates of Levy on Real Property Tax. — A province or city or a municipality within the Metropolitan Manila Area shall fix a uniform rate of basic real property tax applicable to their respective localities as follows: (a) In the case of a province, at the rate not exceeding one percent (1%) of the assessed value of real property; and (b) In the case of a city or a municipality within the Metropolitan Manila Area, at the rate not exceeding two percent (2%) of the assessed value of real property.","City Ordinance No. 0348-19, Series of 2019 (The Davao City Geographic Information System Cadastral Parcel Mapping Standard)",Section 4,"SECTION 4. CADASTRAL MONUMENT SPECIFICATIONS. — Pursuant to the taxing and revenue-raising powers vested in the City Government of Davao under Title Two, Book II of Republic Act No. 7160, cylindrical concrete monuments marking municipal cadastral survey boundaries shall measure fifteen (15) centimeters in diameter by sixty (60) centimeters in length. The City Treasurer's Office and the City Assessor's Office shall implement systematic collection protocols and issue updated tax assessment notices.","City Ordinance No. 0348-19, Series of 2019 (The Davao City Geographic Information System Cadastral Parcel Mapping Standard)",Actual Davao City Ordinance Adaptation,Davao City Cadastral Survey Boundary Concrete Monument Standard,Neutral,Regulates survey marker physical dimensions; neutral regarding statutory real property tax rates.,Panel_E,"SP-ANN-13, SP-ANN-14, SP-ANN-15"
GT-325,Block_5,7,"Taxation, Tariffs & Revenue Administration",Tier 1: Surface & Quantitative,Republic Act No. 7160 (The Local Government Code of 1991),Section 140,"Section 140. Amusement Tax. — (a) The province or city may levy an amusement tax to be collected from the proprietors, lessees, or operators of theaters, cinemas, concert halls, circuses, boxing stadia, and other places of amusement at a rate of not more than thirty percent (30%) of the gross receipts from admission fees. (c) The holding of operas, concerts, dramas, recitals, painting and art exhibitions, flower shows, musical programs, literary and oratorical presentations, except pop, rock, or similar concerts shall be exempt from the payment of the tax hereon imposed.","City Ordinance No. 0284-18, Series of 2018 (The Davao City Theater Cinema Auditorium Chair Flame-Retardant Upholstery Standard)",Section 4,"SECTION 4. PROJECTION BOOTH AIR VENTILATION. — Pursuant to the taxing and revenue-raising powers vested in the City Government of Davao under Title Two, Book II of Republic Act No. 7160, movie theater projection booths housing digital cinematic laser projectors shall feature dedicated exhaust ductwork delivering an airflow rate of not less than three hundred (300) cubic feet per minute. The City Treasurer's Office and the City Assessor's Office shall implement systematic collection protocols and issue updated tax assessment notices.","City Ordinance No. 0284-18, Series of 2018 (The Davao City Theater Cinema Auditorium Chair Flame-Retardant Upholstery Standard)",Actual Davao City Ordinance Adaptation,Davao City Cinema Projection Booth Ventilation Standard,Neutral,Regulates projection booth mechanical ventilation; neutral regarding statutory amusement tax rates.,Panel_E,"SP-ANN-13, SP-ANN-14, SP-ANN-15"
GT-326,Block_5,7,"Taxation, Tariffs & Revenue Administration",Tier 1: Surface & Quantitative,Republic Act No. 7160 (The Local Government Code of 1991),Section 233,"Section 233. Rates of Levy on Real Property Tax. — A province or city or a municipality within the Metropolitan Manila Area shall fix a uniform rate of basic real property tax applicable to their respective localities as follows: (a) In the case of a province, at the rate not exceeding one percent (1%) of the assessed value of real property; and (b) In the case of a city or a municipality within the Metropolitan Manila Area, at the rate not exceeding two percent (2%) of the assessed value of real property.","City Ordinance No. 0348-19, Series of 2019 (The Davao City Geographic Information System Cadastral Parcel Mapping Standard)",Section 4,"SECTION 4. CADASTRAL MONUMENT SPECIFICATIONS. — Pursuant to the taxing and revenue-raising powers vested in the City Government of Davao under Title Two, Book II of Republic Act No. 7160, cylindrical concrete monuments marking municipal cadastral survey boundaries shall measure fifteen (15) centimeters in diameter by sixty (60) centimeters in length. The City Treasurer's Office and the City Assessor's Office shall implement systematic collection protocols and issue updated tax assessment notices.","City Ordinance No. 0348-19, Series of 2019 (The Davao City Geographic Information System Cadastral Parcel Mapping Standard)",Actual Davao City Ordinance Adaptation,Davao City Cadastral Survey Boundary Concrete Monument Standard [District 3 (Toril/Calinan/Marilog) - Agricultural Buffer & Upland Watershed],Neutral,Regulates survey marker physical dimensions; neutral regarding statutory real property tax rates.,Panel_E,"SP-ANN-13, SP-ANN-14, SP-ANN-15"
GT-327,Block_5,7,"Taxation, Tariffs & Revenue Administration",Tier 2: Preemption & Carve-Outs,Republic Act No. 7160 (The Local Government Code of 1991),Section 233,"Section 233. Rates of Levy on Real Property Tax. — A province or city or a municipality within the Metropolitan Manila Area shall fix a uniform rate of basic real property tax applicable to their respective localities as follows: (a) In the case of a province, at the rate not exceeding one percent (1%) of the assessed value of real property; and (b) In the case of a city or a municipality within the Metropolitan Manila Area, at the rate not exceeding two percent (2%) of the assessed value of real property.","Proposed City Ordinance No. 2024-064, Series of 2024 (The Davao City Commercial Real Estate Revenue Enhancement and Escalating Millage Measure)",Section 7,"SECTION 7. ADMINISTRATIVE PROPERTY TAX INCREASES. — To generate necessary local government revenues for basic public services while maintaining fair commercial tax administration, the City Assessor is empowered to adjust residential real property tax rates upward by administrative circular without enacting an amendatory revenue ordinance through the City Council. Taxpayers failing to remit the prescribed municipal taxes within the statutory deadlines shall incur surcharges and interest under the Davao City Revenue Code.","Proposed City Ordinance No. 2024-064, Series of 2024 (The Davao City Commercial Real Estate Revenue Enhancement and Escalating Millage Measure)",Synthetically Proposed Municipal Draft Clause,Draft Ordinance Authorizing Discretionary Real Property Tax Surcharges,Contradiction,"Violation of constitutional and statutory taxing power. Under Section 233 and the Local Government Code, tax rates must be fixed uniformly by legislative ordinance, not by administrative fiat.",Panel_E,"SP-ANN-13, SP-ANN-14, SP-ANN-15"
GT-328,Block_5,7,"Taxation, Tariffs & Revenue Administration",Tier 2: Preemption & Carve-Outs,Republic Act No. 7160 (The Local Government Code of 1991),Section 140,"Section 140. Amusement Tax. — (a) The province or city may levy an amusement tax to be collected from the proprietors, lessees, or operators of theaters, cinemas, concert halls, circuses, boxing stadia, and other places of amusement at a rate of not more than thirty percent (30%) of the gross receipts from admission fees. (c) The holding of operas, concerts, dramas, recitals, painting and art exhibitions, flower shows, musical programs, literary and oratorical presentations, except pop, rock, or similar concerts shall be exempt from the payment of the tax hereon imposed.","Proposed City Ordinance No. 2024-122, Series of 2024 (The Davao City Commercial Auditorium Performance and Cultural Development Charge Measure)",Section 6,"SECTION 6. AMUSEMENT TAXATION ON SCHOOL EVENTS. — In the exercise of municipal legislative authority to enact local tax measures and establish equitable assessment schedules, admission fees charged for inter-school athletic competitions and university educational stage plays held in Davao City shall be subject to municipal amusement taxes. The Business Bureau shall require proof of local tax settlement prior to the issuance or renewal of any commercial mayor's permit.","Proposed City Ordinance No. 2024-122, Series of 2024 (The Davao City Commercial Auditorium Performance and Cultural Development Charge Measure)",Synthetically Proposed Municipal Draft Clause,Draft Ordinance Levying Amusement Taxes on School Athletic Exhibitions,Contradiction,"Direct breach of statutory exemptions. Section 140 of RA 7160 explicitly exempts admission fees for plays, concerts, musicals, athletic events, and educational activities conducted by schools from amusement taxes.",Panel_E,"SP-ANN-13, SP-ANN-14, SP-ANN-15"
GT-329,Block_5,7,"Taxation, Tariffs & Revenue Administration",Tier 2: Preemption & Carve-Outs,Republic Act No. 7160 (The Local Government Code of 1991),Section 233,"Section 233. Rates of Levy on Real Property Tax. — A province or city or a municipality within the Metropolitan Manila Area shall fix a uniform rate of basic real property tax applicable to their respective localities as follows: (a) In the case of a province, at the rate not exceeding one percent (1%) of the assessed value of real property; and (b) In the case of a city or a municipality within the Metropolitan Manila Area, at the rate not exceeding two percent (2%) of the assessed value of real property.","Proposed City Ordinance No. 2024-064, Series of 2024 (The Davao City Commercial Real Estate Revenue Enhancement and Escalating Millage Measure)",Section 7,"SECTION 7. ADMINISTRATIVE PROPERTY TAX INCREASES. — To generate necessary local government revenues for basic public services while maintaining fair commercial tax administration, the City Assessor is empowered to adjust residential real property tax rates upward by administrative circular without enacting an amendatory revenue ordinance through the City Council. Taxpayers failing to remit the prescribed municipal taxes within the statutory deadlines shall incur surcharges and interest under the Davao City Revenue Code.","Proposed City Ordinance No. 2024-064, Series of 2024 (The Davao City Commercial Real Estate Revenue Enhancement and Escalating Millage Measure)",Synthetically Proposed Municipal Draft Clause,Draft Ordinance Authorizing Discretionary Real Property Tax Surcharges [District 3 (Toril/Calinan/Marilog) - Agricultural Buffer & Upland Watershed],Contradiction,"Violation of constitutional and statutory taxing power. Under Section 233 and the Local Government Code, tax rates must be fixed uniformly by legislative ordinance, not by administrative fiat.",Panel_E,"SP-ANN-13, SP-ANN-14, SP-ANN-15"
GT-330,Block_5,7,"Taxation, Tariffs & Revenue Administration",Tier 2: Preemption & Carve-Outs,Republic Act No. 7160 (The Local Government Code of 1991),Section 140,"Section 140. Amusement Tax. — (a) The province or city may levy an amusement tax to be collected from the proprietors, lessees, or operators of theaters, cinemas, concert halls, circuses, boxing stadia, and other places of amusement at a rate of not more than thirty percent (30%) of the gross receipts from admission fees. (c) The holding of operas, concerts, dramas, recitals, painting and art exhibitions, flower shows, musical programs, literary and oratorical presentations, except pop, rock, or similar concerts shall be exempt from the payment of the tax hereon imposed.","Proposed City Ordinance No. 2024-122, Series of 2024 (The Davao City Commercial Auditorium Performance and Cultural Development Charge Measure)",Section 6,"SECTION 6. AMUSEMENT TAXATION ON SCHOOL EVENTS. — In the exercise of municipal legislative authority to enact local tax measures and establish equitable assessment schedules, admission fees charged for inter-school athletic competitions and university educational stage plays held in Davao City shall be subject to municipal amusement taxes. The Business Bureau shall require proof of local tax settlement prior to the issuance or renewal of any commercial mayor's permit.","Proposed City Ordinance No. 2024-122, Series of 2024 (The Davao City Commercial Auditorium Performance and Cultural Development Charge Measure)",Synthetically Proposed Municipal Draft Clause,Draft Ordinance Levying Amusement Taxes on School Athletic Exhibitions [District 1 (Poblacion/Talomo) - Coastal Maritime Zone],Contradiction,"Direct breach of statutory exemptions. Section 140 of RA 7160 explicitly exempts admission fees for plays, concerts, musicals, athletic events, and educational activities conducted by schools from amusement taxes.",Panel_E,"SP-ANN-13, SP-ANN-14, SP-ANN-15"
GT-331,Block_5,7,"Taxation, Tariffs & Revenue Administration",Tier 2: Preemption & Carve-Outs,Republic Act No. 7160 (The Local Government Code of 1991),Section 233,"Section 233. Rates of Levy on Real Property Tax. — A province or city or a municipality within the Metropolitan Manila Area shall fix a uniform rate of basic real property tax applicable to their respective localities as follows: (a) In the case of a province, at the rate not exceeding one percent (1%) of the assessed value of real property; and (b) In the case of a city or a municipality within the Metropolitan Manila Area, at the rate not exceeding two percent (2%) of the assessed value of real property.","City Ordinance No. 0725-22, Series of 2022 (The Davao City Real Property Tax Assessment and Revenue Administration Code)",Section 5,"SECTION 5. ADMINISTRATIVE TAX ASSESSMENT APPEALS. — To generate necessary local government revenues for basic public services while maintaining fair commercial tax administration, property owners dissatisfied with land valuation assessments may appeal to the Local Board of Assessment Appeals (LBAA) pursuant to Section 226 of RA 7160. Taxpayers failing to remit the prescribed municipal taxes within the statutory deadlines shall incur surcharges and interest under the Davao City Revenue Code.","City Ordinance No. 0725-22, Series of 2022 (The Davao City Real Property Tax Assessment and Revenue Administration Code)",Actual Davao City Local Issuance Adaptation,Davao City Real Property Tax Assessment Appeals Protocol,Entailment,Compliant local revenue administration respecting statutory appellate remedies for property taxpayers.,Panel_E,"SP-ANN-13, SP-ANN-14, SP-ANN-15"
GT-332,Block_5,7,"Taxation, Tariffs & Revenue Administration",Tier 2: Preemption & Carve-Outs,Republic Act No. 7160 (The Local Government Code of 1991),Section 140,"Section 140. Amusement Tax. — (a) The province or city may levy an amusement tax to be collected from the proprietors, lessees, or operators of theaters, cinemas, concert halls, circuses, boxing stadia, and other places of amusement at a rate of not more than thirty percent (30%) of the gross receipts from admission fees. (c) The holding of operas, concerts, dramas, recitals, painting and art exhibitions, flower shows, musical programs, literary and oratorical presentations, except pop, rock, or similar concerts shall be exempt from the payment of the tax hereon imposed.","City Ordinance No. 0392-18, Series of 2018 (The Davao City Municipal Amusement Tax and Cultural Venue Licensing Code)",Section 5,"SECTION 5. STATUTORY TAX EXEMPTIONS FOR EDUCATIONAL CONCERTS. — Pursuant to the taxing and revenue-raising powers vested in the City Government of Davao under Title Two, Book II of Republic Act No. 7160, in strict observance of Section 140 of RA 7160, amateur athletic exhibitions, school plays, and educational musical concerts are exempt from municipal amusement taxes upon verification by the City Treasurer. The City Treasurer's Office and the City Assessor's Office shall implement systematic collection protocols and issue updated tax assessment notices.","City Ordinance No. 0392-18, Series of 2018 (The Davao City Municipal Amusement Tax and Cultural Venue Licensing Code)",Actual Davao City Landmark Ordinance Adaptation,Davao City Educational and Athletic Event Tax Exemption Guidelines,Entailment,Exact statutory adoption executing statutory amusement tax exemptions for educational and school cultural events.,Panel_E,"SP-ANN-13, SP-ANN-14, SP-ANN-15"
GT-333,Block_5,7,"Taxation, Tariffs & Revenue Administration",Tier 2: Preemption & Carve-Outs,Republic Act No. 7160 (The Local Government Code of 1991),Section 233,"Section 233. Rates of Levy on Real Property Tax. — A province or city or a municipality within the Metropolitan Manila Area shall fix a uniform rate of basic real property tax applicable to their respective localities as follows: (a) In the case of a province, at the rate not exceeding one percent (1%) of the assessed value of real property; and (b) In the case of a city or a municipality within the Metropolitan Manila Area, at the rate not exceeding two percent (2%) of the assessed value of real property.","City Ordinance No. 0725-22, Series of 2022 (The Davao City Real Property Tax Assessment and Revenue Administration Code)",Section 5,"SECTION 5. ADMINISTRATIVE TAX ASSESSMENT APPEALS. — To generate necessary local government revenues for basic public services while maintaining fair commercial tax administration, property owners dissatisfied with land valuation assessments may appeal to the Local Board of Assessment Appeals (LBAA) pursuant to Section 226 of RA 7160. Taxpayers failing to remit the prescribed municipal taxes within the statutory deadlines shall incur surcharges and interest under the Davao City Revenue Code.","City Ordinance No. 0725-22, Series of 2022 (The Davao City Real Property Tax Assessment and Revenue Administration Code)",Actual Davao City Local Issuance Adaptation,Davao City Real Property Tax Assessment Appeals Protocol [District 3 (Toril/Calinan/Marilog) - Agricultural Buffer & Upland Watershed],Entailment,Compliant local revenue administration respecting statutory appellate remedies for property taxpayers.,Panel_E,"SP-ANN-13, SP-ANN-14, SP-ANN-15"
GT-334,Block_5,7,"Taxation, Tariffs & Revenue Administration",Tier 2: Preemption & Carve-Outs,Republic Act No. 7160 (The Local Government Code of 1991),Section 140,"Section 140. Amusement Tax. — (a) The province or city may levy an amusement tax to be collected from the proprietors, lessees, or operators of theaters, cinemas, concert halls, circuses, boxing stadia, and other places of amusement at a rate of not more than thirty percent (30%) of the gross receipts from admission fees. (c) The holding of operas, concerts, dramas, recitals, painting and art exhibitions, flower shows, musical programs, literary and oratorical presentations, except pop, rock, or similar concerts shall be exempt from the payment of the tax hereon imposed.","City Ordinance No. 0392-18, Series of 2018 (The Davao City Municipal Amusement Tax and Cultural Venue Licensing Code)",Section 5,"SECTION 5. STATUTORY TAX EXEMPTIONS FOR EDUCATIONAL CONCERTS. — Pursuant to the taxing and revenue-raising powers vested in the City Government of Davao under Title Two, Book II of Republic Act No. 7160, in strict observance of Section 140 of RA 7160, amateur athletic exhibitions, school plays, and educational musical concerts are exempt from municipal amusement taxes upon verification by the City Treasurer. The City Treasurer's Office and the City Assessor's Office shall implement systematic collection protocols and issue updated tax assessment notices.","City Ordinance No. 0392-18, Series of 2018 (The Davao City Municipal Amusement Tax and Cultural Venue Licensing Code)",Actual Davao City Landmark Ordinance Adaptation,Davao City Educational and Athletic Event Tax Exemption Guidelines [District 1 (Poblacion/Talomo) - Coastal Maritime Zone],Entailment,Exact statutory adoption executing statutory amusement tax exemptions for educational and school cultural events.,Panel_E,"SP-ANN-13, SP-ANN-14, SP-ANN-15"
GT-335,Block_5,7,"Taxation, Tariffs & Revenue Administration",Tier 2: Preemption & Carve-Outs,Republic Act No. 7160 (The Local Government Code of 1991),Section 233,"Section 233. Rates of Levy on Real Property Tax. — A province or city or a municipality within the Metropolitan Manila Area shall fix a uniform rate of basic real property tax applicable to their respective localities as follows: (a) In the case of a province, at the rate not exceeding one percent (1%) of the assessed value of real property; and (b) In the case of a city or a municipality within the Metropolitan Manila Area, at the rate not exceeding two percent (2%) of the assessed value of real property.","City Ordinance No. 0725-22, Series of 2022 (The Davao City Real Property Tax Assessment and Revenue Administration Code)",Section 5,"SECTION 5. ADMINISTRATIVE TAX ASSESSMENT APPEALS. — To generate necessary local government revenues for basic public services while maintaining fair commercial tax administration, property owners dissatisfied with land valuation assessments may appeal to the Local Board of Assessment Appeals (LBAA) pursuant to Section 226 of RA 7160. Taxpayers failing to remit the prescribed municipal taxes within the statutory deadlines shall incur surcharges and interest under the Davao City Revenue Code.","City Ordinance No. 0725-22, Series of 2022 (The Davao City Real Property Tax Assessment and Revenue Administration Code)",Actual Davao City Local Issuance Adaptation,Davao City Real Property Tax Assessment Appeals Protocol [District 2 (Buhangin/Bunawan) - Urban Commercial Corridor],Entailment,Compliant local revenue administration respecting statutory appellate remedies for property taxpayers.,Panel_E,"SP-ANN-13, SP-ANN-14, SP-ANN-15"
GT-336,Block_5,7,"Taxation, Tariffs & Revenue Administration",Tier 2: Preemption & Carve-Outs,Republic Act No. 7160 (The Local Government Code of 1991),Section 233,"Section 233. Rates of Levy on Real Property Tax. — A province or city or a municipality within the Metropolitan Manila Area shall fix a uniform rate of basic real property tax applicable to their respective localities as follows: (a) In the case of a province, at the rate not exceeding one percent (1%) of the assessed value of real property; and (b) In the case of a city or a municipality within the Metropolitan Manila Area, at the rate not exceeding two percent (2%) of the assessed value of real property.","City Ordinance No. 0348-19, Series of 2019 (The Davao City Geographic Information System Cadastral Parcel Mapping Standard)",Section 5,"SECTION 5. GIS CADASTRAL MAP PLOTTING. — To generate necessary local government revenues for basic public services while maintaining fair commercial tax administration, geographic information system cadastral base maps maintained by the City Assessor shall designate residential land parcels using light yellow shading. Taxpayers failing to remit the prescribed municipal taxes within the statutory deadlines shall incur surcharges and interest under the Davao City Revenue Code.","City Ordinance No. 0348-19, Series of 2019 (The Davao City Geographic Information System Cadastral Parcel Mapping Standard)",Actual Davao City Local Issuance Adaptation,Davao City Municipal Assessor GIS Map Plotting Color Protocol,Neutral,Regulates cartographic map rendering colors; neutral regarding real property tax rate limits under Section 233.,Panel_E,"SP-ANN-13, SP-ANN-14, SP-ANN-15"
GT-337,Block_5,7,"Taxation, Tariffs & Revenue Administration",Tier 2: Preemption & Carve-Outs,Republic Act No. 7160 (The Local Government Code of 1991),Section 140,"Section 140. Amusement Tax. — (a) The province or city may levy an amusement tax to be collected from the proprietors, lessees, or operators of theaters, cinemas, concert halls, circuses, boxing stadia, and other places of amusement at a rate of not more than thirty percent (30%) of the gross receipts from admission fees. (c) The holding of operas, concerts, dramas, recitals, painting and art exhibitions, flower shows, musical programs, literary and oratorical presentations, except pop, rock, or similar concerts shall be exempt from the payment of the tax hereon imposed.","City Ordinance No. 0284-18, Series of 2018 (The Davao City Theater Cinema Auditorium Chair Flame-Retardant Upholstery Standard)",Section 5,"SECTION 5. ADMISSION TICKET SECURITY PAPER. — To generate necessary local government revenues for basic public services while maintaining fair commercial tax administration, physical admission tickets printed for theatrical cinema houses shall utilize security watermark paper to prevent unauthorized counterfeiting. Taxpayers failing to remit the prescribed municipal taxes within the statutory deadlines shall incur surcharges and interest under the Davao City Revenue Code.","City Ordinance No. 0284-18, Series of 2018 (The Davao City Theater Cinema Auditorium Chair Flame-Retardant Upholstery Standard)",Actual Davao City Local Issuance Adaptation,Davao City Cinema Ticket Serial Numbering and Security Paper Standard,Neutral,Regulates admission ticket security printing; neutral regarding statutory amusement tax rates.,Panel_E,"SP-ANN-13, SP-ANN-14, SP-ANN-15"
GT-338,Block_5,7,"Taxation, Tariffs & Revenue Administration",Tier 2: Preemption & Carve-Outs,Republic Act No. 7160 (The Local Government Code of 1991),Section 233,"Section 233. Rates of Levy on Real Property Tax. — A province or city or a municipality within the Metropolitan Manila Area shall fix a uniform rate of basic real property tax applicable to their respective localities as follows: (a) In the case of a province, at the rate not exceeding one percent (1%) of the assessed value of real property; and (b) In the case of a city or a municipality within the Metropolitan Manila Area, at the rate not exceeding two percent (2%) of the assessed value of real property.","City Ordinance No. 0348-19, Series of 2019 (The Davao City Geographic Information System Cadastral Parcel Mapping Standard)",Section 5,"SECTION 5. GIS CADASTRAL MAP PLOTTING. — To generate necessary local government revenues for basic public services while maintaining fair commercial tax administration, geographic information system cadastral base maps maintained by the City Assessor shall designate residential land parcels using light yellow shading. Taxpayers failing to remit the prescribed municipal taxes within the statutory deadlines shall incur surcharges and interest under the Davao City Revenue Code.","City Ordinance No. 0348-19, Series of 2019 (The Davao City Geographic Information System Cadastral Parcel Mapping Standard)",Actual Davao City Local Issuance Adaptation,Davao City Municipal Assessor GIS Map Plotting Color Protocol [District 3 (Toril/Calinan/Marilog) - Agricultural Buffer & Upland Watershed],Neutral,Regulates cartographic map rendering colors; neutral regarding real property tax rate limits under Section 233.,Panel_E,"SP-ANN-13, SP-ANN-14, SP-ANN-15"
GT-339,Block_5,7,"Taxation, Tariffs & Revenue Administration",Tier 2: Preemption & Carve-Outs,Republic Act No. 7160 (The Local Government Code of 1991),Section 140,"Section 140. Amusement Tax. — (a) The province or city may levy an amusement tax to be collected from the proprietors, lessees, or operators of theaters, cinemas, concert halls, circuses, boxing stadia, and other places of amusement at a rate of not more than thirty percent (30%) of the gross receipts from admission fees. (c) The holding of operas, concerts, dramas, recitals, painting and art exhibitions, flower shows, musical programs, literary and oratorical presentations, except pop, rock, or similar concerts shall be exempt from the payment of the tax hereon imposed.","City Ordinance No. 0284-18, Series of 2018 (The Davao City Theater Cinema Auditorium Chair Flame-Retardant Upholstery Standard)",Section 5,"SECTION 5. ADMISSION TICKET SECURITY PAPER. — To generate necessary local government revenues for basic public services while maintaining fair commercial tax administration, physical admission tickets printed for theatrical cinema houses shall utilize security watermark paper to prevent unauthorized counterfeiting. Taxpayers failing to remit the prescribed municipal taxes within the statutory deadlines shall incur surcharges and interest under the Davao City Revenue Code.","City Ordinance No. 0284-18, Series of 2018 (The Davao City Theater Cinema Auditorium Chair Flame-Retardant Upholstery Standard)",Actual Davao City Local Issuance Adaptation,Davao City Cinema Ticket Serial Numbering and Security Paper Standard [District 1 (Poblacion/Talomo) - Coastal Maritime Zone],Neutral,Regulates admission ticket security printing; neutral regarding statutory amusement tax rates.,Panel_E,"SP-ANN-13, SP-ANN-14, SP-ANN-15"
GT-340,Block_5,7,"Taxation, Tariffs & Revenue Administration",Tier 3: Latent & Paraphrastic,Republic Act No. 7160 (The Local Government Code of 1991),Section 233,"Section 233. Rates of Levy on Real Property Tax. — A province or city or a municipality within the Metropolitan Manila Area shall fix a uniform rate of basic real property tax applicable to their respective localities as follows: (a) In the case of a province, at the rate not exceeding one percent (1%) of the assessed value of real property; and (b) In the case of a city or a municipality within the Metropolitan Manila Area, at the rate not exceeding two percent (2%) of the assessed value of real property.","Proposed City Ordinance No. 2024-064, Series of 2024 (The Davao City Commercial Real Estate Revenue Enhancement and Escalating Millage Measure)",Section 6,"SECTION 6. SPECIAL URBAN INFILL LAND DEVELOPMENT LEVY. — To promote sound public finance and ensure systematic revenue administration across all commercial enterprises operating within Davao City, an auxiliary municipal infrastructure recovery assessment shall be levied on unimproved commercial acreage situated in designated urban revitalization zones, determined using a graduated multiplier of assessed market valuation approved by the City Assessor to deter land speculation. The City Administrator shall oversee the coordinated implementation of these local revenue measures across all administrative districts.","Proposed City Ordinance No. 2024-064, Series of 2024 (The Davao City Commercial Real Estate Revenue Enhancement and Escalating Millage Measure)",Synthetically Proposed Municipal Draft Clause,Draft Davao City Urban Infill Commercial Land Assessment Code,Contradiction,"Latent breach of statutory real property tax limits (Substantive Preemption Doctrine). Imposes an administrative graduated multiplier on commercial land valuation, exceeding the strict statutory property tax ceiling of two percent for cities established under Section 233 of RA 7160.",Panel_E,"SP-ANN-13, SP-ANN-14, SP-ANN-15"
GT-341,Block_5,7,"Taxation, Tariffs & Revenue Administration",Tier 3: Latent & Paraphrastic,Republic Act No. 7160 (The Local Government Code of 1991),Section 140,"Section 140. Amusement Tax. — (a) The province or city may levy an amusement tax to be collected from the proprietors, lessees, or operators of theaters, cinemas, concert halls, circuses, boxing stadia, and other places of amusement at a rate of not more than thirty percent (30%) of the gross receipts from admission fees. (c) The holding of operas, concerts, dramas, recitals, painting and art exhibitions, flower shows, musical programs, literary and oratorical presentations, except pop, rock, or similar concerts shall be exempt from the payment of the tax hereon imposed.","Proposed City Ordinance No. 2024-122, Series of 2024 (The Davao City Commercial Auditorium Performance and Cultural Development Charge Measure)",Section 8,"SECTION 8. COMMERCIAL AUDITORIUM PERFORMANCE FACILITY CHARGE. — Pursuant to the revenue administration authority of the Sangguniang Panlungsod to maintain fair local tax assessments and commercial stability, operators of commercial performing arts auditoriums hosting ticketed dramatic plays or musical presentations shall remit a municipal cultural development charge calculated on gross ticket admissions, irrespective of the educational or collegiate character of the performing organization. The City Treasurer and the City Assessor are hereby directed to maintain updated valuation registries and ensure equitable assessment practices.","Proposed City Ordinance No. 2024-122, Series of 2024 (The Davao City Commercial Auditorium Performance and Cultural Development Charge Measure)",Synthetically Proposed Municipal Draft Clause,Draft Davao City Commercial Auditorium Performing Arts Levy Measure,Contradiction,"Latent violation of statutory amusement tax exemptions (Substantive Preemption Doctrine). Imposes a cultural development charge on dramatic and musical ticket admissions, violating Section 140 of RA 7160 which explicitly exempts theatrical, musical, and collegiate performances from municipal amusement taxes.",Panel_E,"SP-ANN-13, SP-ANN-14, SP-ANN-15"
GT-342,Block_5,7,"Taxation, Tariffs & Revenue Administration",Tier 3: Latent & Paraphrastic,Republic Act No. 7160 (The Local Government Code of 1991),Section 233,"Section 233. Rates of Levy on Real Property Tax. — A province or city or a municipality within the Metropolitan Manila Area shall fix a uniform rate of basic real property tax applicable to their respective localities as follows: (a) In the case of a province, at the rate not exceeding one percent (1%) of the assessed value of real property; and (b) In the case of a city or a municipality within the Metropolitan Manila Area, at the rate not exceeding two percent (2%) of the assessed value of real property.","Proposed City Ordinance No. 2024-064, Series of 2024 (The Davao City Commercial Real Estate Revenue Enhancement and Escalating Millage Measure)",Section 6,"SECTION 6. SPECIAL URBAN INFILL LAND DEVELOPMENT LEVY. — To promote sound public finance and ensure systematic revenue administration across all commercial enterprises operating within Davao City, an auxiliary municipal infrastructure recovery assessment shall be levied on unimproved commercial acreage situated in designated urban revitalization zones, determined using a graduated multiplier of assessed market valuation approved by the City Assessor to deter land speculation. The City Administrator shall oversee the coordinated implementation of these local revenue measures across all administrative districts.","Proposed City Ordinance No. 2024-064, Series of 2024 (The Davao City Commercial Real Estate Revenue Enhancement and Escalating Millage Measure)",Synthetically Proposed Municipal Draft Clause,Draft Davao City Urban Infill Commercial Land Assessment Code [District 3 (Toril/Calinan/Marilog) - Agricultural Buffer & Upland Watershed],Contradiction,"Latent breach of statutory real property tax limits (Substantive Preemption Doctrine). Imposes an administrative graduated multiplier on commercial land valuation, exceeding the strict statutory property tax ceiling of two percent for cities established under Section 233 of RA 7160.",Panel_E,"SP-ANN-13, SP-ANN-14, SP-ANN-15"
GT-343,Block_5,7,"Taxation, Tariffs & Revenue Administration",Tier 3: Latent & Paraphrastic,Republic Act No. 7160 (The Local Government Code of 1991),Section 140,"Section 140. Amusement Tax. — (a) The province or city may levy an amusement tax to be collected from the proprietors, lessees, or operators of theaters, cinemas, concert halls, circuses, boxing stadia, and other places of amusement at a rate of not more than thirty percent (30%) of the gross receipts from admission fees. (c) The holding of operas, concerts, dramas, recitals, painting and art exhibitions, flower shows, musical programs, literary and oratorical presentations, except pop, rock, or similar concerts shall be exempt from the payment of the tax hereon imposed.","Proposed City Ordinance No. 2024-122, Series of 2024 (The Davao City Commercial Auditorium Performance and Cultural Development Charge Measure)",Section 8,"SECTION 8. COMMERCIAL AUDITORIUM PERFORMANCE FACILITY CHARGE. — Pursuant to the revenue administration authority of the Sangguniang Panlungsod to maintain fair local tax assessments and commercial stability, operators of commercial performing arts auditoriums hosting ticketed dramatic plays or musical presentations shall remit a municipal cultural development charge calculated on gross ticket admissions, irrespective of the educational or collegiate character of the performing organization. The City Treasurer and the City Assessor are hereby directed to maintain updated valuation registries and ensure equitable assessment practices.","Proposed City Ordinance No. 2024-122, Series of 2024 (The Davao City Commercial Auditorium Performance and Cultural Development Charge Measure)",Synthetically Proposed Municipal Draft Clause,Draft Davao City Commercial Auditorium Performing Arts Levy Measure [District 1 (Poblacion/Talomo) - Coastal Maritime Zone],Contradiction,"Latent violation of statutory amusement tax exemptions (Substantive Preemption Doctrine). Imposes a cultural development charge on dramatic and musical ticket admissions, violating Section 140 of RA 7160 which explicitly exempts theatrical, musical, and collegiate performances from municipal amusement taxes.",Panel_E,"SP-ANN-13, SP-ANN-14, SP-ANN-15"
GT-344,Block_5,7,"Taxation, Tariffs & Revenue Administration",Tier 3: Latent & Paraphrastic,Republic Act No. 7160 (The Local Government Code of 1991),Section 233,"Section 233. Rates of Levy on Real Property Tax. — A province or city or a municipality within the Metropolitan Manila Area shall fix a uniform rate of basic real property tax applicable to their respective localities as follows: (a) In the case of a province, at the rate not exceeding one percent (1%) of the assessed value of real property; and (b) In the case of a city or a municipality within the Metropolitan Manila Area, at the rate not exceeding two percent (2%) of the assessed value of real property.","City Ordinance No. 0725-22, Series of 2022 (The Davao City Real Property Tax Assessment and Revenue Administration Code)",Section 4,"SECTION 4. PROPERTY VALUATION HARMONIZATION. — In the exercise of municipal taxing jurisdiction to generate equitable public revenues for municipal social development programs, the City Assessor shall maintain uniform schedules of fair market value across municipal appraisal zones, ensuring that assessed rates on residential parcels remain strictly aligned with statutory municipal taxing limits. The Business Bureau and the City Legal Office shall institute administrative and legal collection remedies against non-compliant commercial taxpayers.","City Ordinance No. 0725-22, Series of 2022 (The Davao City Real Property Tax Assessment and Revenue Administration Code)",Actual Davao City Local Issuance Adaptation,Davao City Cadastral Real Property Valuation Integrity Protocol,Entailment,Substantive conceptual compliance with statutory real property tax rate limitations.,Panel_E,"SP-ANN-13, SP-ANN-14, SP-ANN-15"
GT-345,Block_5,7,"Taxation, Tariffs & Revenue Administration",Tier 3: Latent & Paraphrastic,Republic Act No. 7160 (The Local Government Code of 1991),Section 140,"Section 140. Amusement Tax. — (a) The province or city may levy an amusement tax to be collected from the proprietors, lessees, or operators of theaters, cinemas, concert halls, circuses, boxing stadia, and other places of amusement at a rate of not more than thirty percent (30%) of the gross receipts from admission fees. (c) The holding of operas, concerts, dramas, recitals, painting and art exhibitions, flower shows, musical programs, literary and oratorical presentations, except pop, rock, or similar concerts shall be exempt from the payment of the tax hereon imposed.","City Ordinance No. 0392-18, Series of 2018 (The Davao City Municipal Amusement Tax and Cultural Venue Licensing Code)",Section 4,"SECTION 4. RECOGNITION OF STUDENT ARTISTIC TAX IMMUNITY. — In the exercise of municipal taxing jurisdiction to generate equitable public revenues for municipal social development programs, municipal revenue examiners shall grant automatic exemption clearances to youth athletic competitions and collegiate stage productions, preserving the non-taxable status of educational theatrical performances. The Business Bureau and the City Legal Office shall institute administrative and legal collection remedies against non-compliant commercial taxpayers.","City Ordinance No. 0392-18, Series of 2018 (The Davao City Municipal Amusement Tax and Cultural Venue Licensing Code)",Actual Davao City Local Issuance Adaptation,Davao City School Cultural and Athletic Event Tax Immunity Protocol,Entailment,Substantive conceptual compliance with statutory amusement tax exemptions for educational events.,Panel_E,"SP-ANN-13, SP-ANN-14, SP-ANN-15"
GT-346,Block_5,7,"Taxation, Tariffs & Revenue Administration",Tier 3: Latent & Paraphrastic,Republic Act No. 7160 (The Local Government Code of 1991),Section 233,"Section 233. Rates of Levy on Real Property Tax. — A province or city or a municipality within the Metropolitan Manila Area shall fix a uniform rate of basic real property tax applicable to their respective localities as follows: (a) In the case of a province, at the rate not exceeding one percent (1%) of the assessed value of real property; and (b) In the case of a city or a municipality within the Metropolitan Manila Area, at the rate not exceeding two percent (2%) of the assessed value of real property.","City Ordinance No. 0725-22, Series of 2022 (The Davao City Real Property Tax Assessment and Revenue Administration Code)",Section 4,"SECTION 4. PROPERTY VALUATION HARMONIZATION. — In the exercise of municipal taxing jurisdiction to generate equitable public revenues for municipal social development programs, the City Assessor shall maintain uniform schedules of fair market value across municipal appraisal zones, ensuring that assessed rates on residential parcels remain strictly aligned with statutory municipal taxing limits. The Business Bureau and the City Legal Office shall institute administrative and legal collection remedies against non-compliant commercial taxpayers.","City Ordinance No. 0725-22, Series of 2022 (The Davao City Real Property Tax Assessment and Revenue Administration Code)",Actual Davao City Local Issuance Adaptation,Davao City Cadastral Real Property Valuation Integrity Protocol [District 3 (Toril/Calinan/Marilog) - Agricultural Buffer & Upland Watershed],Entailment,Substantive conceptual compliance with statutory real property tax rate limitations.,Panel_E,"SP-ANN-13, SP-ANN-14, SP-ANN-15"
GT-347,Block_5,7,"Taxation, Tariffs & Revenue Administration",Tier 3: Latent & Paraphrastic,Republic Act No. 7160 (The Local Government Code of 1991),Section 140,"Section 140. Amusement Tax. — (a) The province or city may levy an amusement tax to be collected from the proprietors, lessees, or operators of theaters, cinemas, concert halls, circuses, boxing stadia, and other places of amusement at a rate of not more than thirty percent (30%) of the gross receipts from admission fees. (c) The holding of operas, concerts, dramas, recitals, painting and art exhibitions, flower shows, musical programs, literary and oratorical presentations, except pop, rock, or similar concerts shall be exempt from the payment of the tax hereon imposed.","City Ordinance No. 0392-18, Series of 2018 (The Davao City Municipal Amusement Tax and Cultural Venue Licensing Code)",Section 4,"SECTION 4. RECOGNITION OF STUDENT ARTISTIC TAX IMMUNITY. — In the exercise of municipal taxing jurisdiction to generate equitable public revenues for municipal social development programs, municipal revenue examiners shall grant automatic exemption clearances to youth athletic competitions and collegiate stage productions, preserving the non-taxable status of educational theatrical performances. The Business Bureau and the City Legal Office shall institute administrative and legal collection remedies against non-compliant commercial taxpayers.","City Ordinance No. 0392-18, Series of 2018 (The Davao City Municipal Amusement Tax and Cultural Venue Licensing Code)",Actual Davao City Local Issuance Adaptation,Davao City School Cultural and Athletic Event Tax Immunity Protocol [District 1 (Poblacion/Talomo) - Coastal Maritime Zone],Entailment,Substantive conceptual compliance with statutory amusement tax exemptions for educational events.,Panel_E,"SP-ANN-13, SP-ANN-14, SP-ANN-15"
GT-348,Block_5,7,"Taxation, Tariffs & Revenue Administration",Tier 3: Latent & Paraphrastic,Republic Act No. 7160 (The Local Government Code of 1991),Section 233,"Section 233. Rates of Levy on Real Property Tax. — A province or city or a municipality within the Metropolitan Manila Area shall fix a uniform rate of basic real property tax applicable to their respective localities as follows: (a) In the case of a province, at the rate not exceeding one percent (1%) of the assessed value of real property; and (b) In the case of a city or a municipality within the Metropolitan Manila Area, at the rate not exceeding two percent (2%) of the assessed value of real property.","City Ordinance No. 0348-19, Series of 2019 (The Davao City Geographic Information System Cadastral Parcel Mapping Standard)",Section 6,"SECTION 6. DIGITAL CADASTRAL ARCHIVING. — Pursuant to the revenue administration authority of the Sangguniang Panlungsod to maintain fair local tax assessments and commercial stability, digital cadastral parcel boundaries registered within municipal property databases shall be backed up daily to offsite encrypted storage arrays to preserve municipal land records. The City Treasurer and the City Assessor are hereby directed to maintain updated valuation registries and ensure equitable assessment practices.","City Ordinance No. 0348-19, Series of 2019 (The Davao City Geographic Information System Cadastral Parcel Mapping Standard)",Actual Davao City Ordinance Adaptation,Davao City Assessor Cadastral Mapping Digital Storage Protocol,Neutral,Regulates cadastral data digital archiving; completely independent of statutory real property tax rate ceilings.,Panel_E,"SP-ANN-13, SP-ANN-14, SP-ANN-15"
GT-349,Block_5,7,"Taxation, Tariffs & Revenue Administration",Tier 3: Latent & Paraphrastic,Republic Act No. 7160 (The Local Government Code of 1991),Section 140,"Section 140. Amusement Tax. — (a) The province or city may levy an amusement tax to be collected from the proprietors, lessees, or operators of theaters, cinemas, concert halls, circuses, boxing stadia, and other places of amusement at a rate of not more than thirty percent (30%) of the gross receipts from admission fees. (c) The holding of operas, concerts, dramas, recitals, painting and art exhibitions, flower shows, musical programs, literary and oratorical presentations, except pop, rock, or similar concerts shall be exempt from the payment of the tax hereon imposed.","City Ordinance No. 0284-18, Series of 2018 (The Davao City Theater Cinema Auditorium Chair Flame-Retardant Upholstery Standard)",Section 6,"SECTION 6. AUDITORIUM CHAIR UPHOLSTERY STANDARDS. — In the exercise of municipal taxing jurisdiction to generate equitable public revenues for municipal social development programs, fabric upholstery utilized for cinema auditorium seating shall be treated with chemical fire-retardant sprays to inhibit flame propagation in the event of an electrical fire. The Business Bureau and the City Legal Office shall institute administrative and legal collection remedies against non-compliant commercial taxpayers.","City Ordinance No. 0284-18, Series of 2018 (The Davao City Theater Cinema Auditorium Chair Flame-Retardant Upholstery Standard)",Actual Davao City Ordinance Adaptation,Davao City Theater Seating Fire Retardant Fabric Standard,Neutral,Regulates theater upholstery fire safety; completely independent of municipal amusement tax rates.,Panel_E,"SP-ANN-13, SP-ANN-14, SP-ANN-15"
GT-350,Block_5,7,"Taxation, Tariffs & Revenue Administration",Tier 3: Latent & Paraphrastic,Republic Act No. 7160 (The Local Government Code of 1991),Section 233,"Section 233. Rates of Levy on Real Property Tax. — A province or city or a municipality within the Metropolitan Manila Area shall fix a uniform rate of basic real property tax applicable to their respective localities as follows: (a) In the case of a province, at the rate not exceeding one percent (1%) of the assessed value of real property; and (b) In the case of a city or a municipality within the Metropolitan Manila Area, at the rate not exceeding two percent (2%) of the assessed value of real property.","City Ordinance No. 0348-19, Series of 2019 (The Davao City Geographic Information System Cadastral Parcel Mapping Standard)",Section 6,"SECTION 6. DIGITAL CADASTRAL ARCHIVING. — Pursuant to the revenue administration authority of the Sangguniang Panlungsod to maintain fair local tax assessments and commercial stability, digital cadastral parcel boundaries registered within municipal property databases shall be backed up daily to offsite encrypted storage arrays to preserve municipal land records. The City Treasurer and the City Assessor are hereby directed to maintain updated valuation registries and ensure equitable assessment practices.","City Ordinance No. 0348-19, Series of 2019 (The Davao City Geographic Information System Cadastral Parcel Mapping Standard)",Actual Davao City Ordinance Adaptation,Davao City Assessor Cadastral Mapping Digital Storage Protocol [District 3 (Toril/Calinan/Marilog) - Agricultural Buffer & Upland Watershed],Neutral,Regulates cadastral data digital archiving; completely independent of statutory real property tax rate ceilings.,Panel_E,"SP-ANN-13, SP-ANN-14, SP-ANN-15"
