Pair_ID,Macro_Domain,Difficulty_Tier,National_Statute_Title,Exact_Section_Citation,National_Statutory_Text,Ordinance_Context_Title,Ordinance_Hypothesis_Text,Annotator_Decision (Select: Entailment | Contradiction | Neutral),Annotator_Confidence (1-5),Annotator_Notes_Rationale
GT-001,Executive Issuances & Policy Reorganization,Tier 1: Surface & Quantitative,Republic Act No. 7581 (The Price Act),Section 6,"Section 6. Automatic Price Control. – Unless otherwise declared by the President, prices of basic necessities in an area shall automatically be frozen at their prevailing prices or placed under automatic price control whenever: 1. That area is proclaimed or declared a disaster area or under a state of calamity; 2. That area is declared under an emergency; 3. The privilege of the writ of habeas corpus is suspended in that area; 4. That area is placed tinder martial law; 5. That area is declared to be in a state of rebellion; or 6. A state of war is declared in that area. If the prevailing price of any basic necessity is excessive or unreasonable, the implementing agency may recommend to the President the imposition of a price ceiling for the sale of the basic necessity at a price other than its prevailing price. Unless sooner lifted by the President, price control of basic necessities under this section shall remain effective for the duration of the condition that brought it about, but not for more than sixty (60) days. The terms ""disaster"" and ""calamity"" shall include those brought about by natural or man-made causes, whether local or foreign.",Draft Davao City Calamity Economic Stabilization Measure,"SECTION 4. MANDATORY LOCAL PRICE CEILINGS UPON CALAMITY. — Upon official declaration of a state of local calamity by the Sangguniang Panlungsod, the City Mayor, through the City Economic Enterprise Office and the Business Bureau, shall enforce mandatory price ceilings across all grocery and commercial retail establishments within Davao City, which price freeze shall remain in continuous legal effect for a mandatory period of one hundred eighty (180) calendar days from issuance.",,,
GT-002,Executive Issuances & Policy Reorganization,Tier 1: Surface & Quantitative,Republic Act No. 10121 (Philippine Disaster Risk Reduction and Management Act of 2010),Section 12,"Section 12. Local Disaster Risk Reduction and Management Office (LDRRMO). - (a) There shall be established an LDRRMO in every province, city and municipality, and a Barangay Disaster Risk Reduction and Management Committee (BDRRMC) in every · barangay which shall be responsible for setting the direction, development, implementation and coordination of disaster risk management programs within their territorial jurisdiction. (b) The LDRRMO shall be under the office of the governor, city or municipal mayor, and the punong barangay in case of the BDRRMC. The LDRRMOs shall be initially organized and composed of a DRRMO to be assisted by three (3) staff responsible for: (1) administration and training; (2) research and planning; and (3) operations and warning. The LDRRMOs and the BDRRMCs shall organize, train and directly supervise the local emergency response teams and the ACDVs.",Draft Davao City Civil Defense Advisory Commission Measure,"SECTION 3. REORGANIZATION OF DISASTER OPERATIONS. — The Davao City Disaster Risk Reduction and Management Office (CDRRMO) is hereby dissolved and reconstituted as a private non-governmental foundation operating outside the administrative control of the Office of the City Mayor, governed by an independent civilian board.",,,
GT-003,Executive Issuances & Policy Reorganization,Tier 1: Surface & Quantitative,Republic Act No. 11032 (Ease of Doing Business and Efficient Government Service Delivery Act of 2018),Section 9(b)(1),"Sec. 9. Accessing Government Services. – The following shall adopted by all government offices and agencies: ""(a) Acceptance of Applications or Requests. – ""(1) All officers or employees shall accept written applications, requests, and/or documents being submitted by applicants or requesting parties of the offices or agencies. ""(2) The receiving officer or employee shall perform a preliminary assessment of the application or request submitted with its supporting documents to ensure a more expeditious action on the application or request. The receiving officer or employee shall immediately inform the applicant or requesting party of any deficiency in the accompanying requirements, which shall be limited to those enumerated in the Citizen’s Charter. ""(3) The receiving officer or employee shall assign a unique identification number to an application or request, which shall be the identifying number for all subsequent transactions between the government and the applicant or requesting party regarding such specific application or request. ""(4) The receiving officer or employee shall issue an acknowledgement receipt containing the seal of the agency, the name of the responsible officer or employee, his/her unit and designation, and the date and time of receipt of such application or request. ""(b) Action of Offices. – ""(1) All applications or requests submitted shall be acted upon by the assigned officer or employee within the prescribed processing time stated in the Citizen’s Charter which shall not be longer than three (3) working days in the case of simple transactions and seven (7) working days in the case of complex transactions from the date the request and/or complete application or request was received. ""For applications or requests involving activities which pose danger to public health, public safety, public morals, public policy, and highly technical application, the prescribed processing time shall in no case be longer than twenty (20) working days or as determined by the government agency or instrumentality concerned, whichever is shorter. ""The maximum time prescribed above may be extended only once for the same number of days, which shall be indicated in the Citizen’s Charter. Prior to the lapse of the processing time, the office or agency concerned shall notify the applicant or requesting party in writing of the reason for the extension and final date of release of the government service/s requested. Such written notification shall be signed by the applicant or requesting party to serve as proof of notice. ""If the application or request for license, clearance permit, certification or authorization shall require the approval of the local Sangguniang Bayan , Sangguniang Panlungsod, or the Sangguniang Panlalawigan as the case may be, the Sanggunian concerned shall be given a period of forty-five (45) working days to act on the application or request, which can be extended for another twenty (20) working days. If the local Sanggunian concerned has denied the application or request, the reason for the denial, as well as the remedial measures that may be taken by the applicant shall be cited by the concerned Sanggunian. ""In cases where the cause of delay is due to force majeure or natural or man-made disasters, which result to damage or destruction of documents, and/or system failure of the computerized or automatic processing, the prescribed processing times mandated in this Act shall be suspended and appropriate adjustments shall be made. """,Draft Davao City Comprehensive Business Permit Processing Code,SECTION 8. PROCESSING PERIOD FOR SIMPLE MAYOR'S PERMITS. — The Business Bureau of Davao City is authorized to process and issue simple business registration renewal clearances within an administrative evaluation timeframe of fifteen (15) working days from the date of complete application submission.,,,
GT-004,Executive Issuances & Policy Reorganization,Tier 1: Surface & Quantitative,Republic Act No. 7581 (The Price Act),Section 6,"Section 6. Automatic Price Control. – Unless otherwise declared by the President, prices of basic necessities in an area shall automatically be frozen at their prevailing prices or placed under automatic price control whenever: 1. That area is proclaimed or declared a disaster area or under a state of calamity; 2. That area is declared under an emergency; 3. The privilege of the writ of habeas corpus is suspended in that area; 4. That area is placed tinder martial law; 5. That area is declared to be in a state of rebellion; or 6. A state of war is declared in that area. If the prevailing price of any basic necessity is excessive or unreasonable, the implementing agency may recommend to the President the imposition of a price ceiling for the sale of the basic necessity at a price other than its prevailing price. Unless sooner lifted by the President, price control of basic necessities under this section shall remain effective for the duration of the condition that brought it about, but not for more than sixty (60) days. The terms ""disaster"" and ""calamity"" shall include those brought about by natural or man-made causes, whether local or foreign.",Draft Davao City Calamity Economic Stabilization Measure [District 1 (Poblacion/Talomo) - Agricultural Buffer],"SECTION 4. MANDATORY LOCAL PRICE CEILINGS UPON CALAMITY. — Upon official declaration of a state of local calamity by the Sangguniang Panlungsod, the City Mayor, through the City Economic Enterprise Office and the Business Bureau, shall enforce mandatory price ceilings across all grocery and commercial retail establishments within Davao City, which price freeze shall remain in continuous legal effect for a mandatory period of one hundred eighty (180) calendar days from issuance.",,,
GT-005,Executive Issuances & Policy Reorganization,Tier 1: Surface & Quantitative,Republic Act No. 10121 (Philippine Disaster Risk Reduction and Management Act of 2010),Section 12,"Section 12. Local Disaster Risk Reduction and Management Office (LDRRMO). - (a) There shall be established an LDRRMO in every province, city and municipality, and a Barangay Disaster Risk Reduction and Management Committee (BDRRMC) in every · barangay which shall be responsible for setting the direction, development, implementation and coordination of disaster risk management programs within their territorial jurisdiction. (b) The LDRRMO shall be under the office of the governor, city or municipal mayor, and the punong barangay in case of the BDRRMC. The LDRRMOs shall be initially organized and composed of a DRRMO to be assisted by three (3) staff responsible for: (1) administration and training; (2) research and planning; and (3) operations and warning. The LDRRMOs and the BDRRMCs shall organize, train and directly supervise the local emergency response teams and the ACDVs.",Draft Davao City Civil Defense Advisory Commission Measure [District 2 (Buhangin/Bunawan/Agdao) - Eco-Tourism Coastal Zone],"SECTION 3. REORGANIZATION OF DISASTER OPERATIONS. — The Davao City Disaster Risk Reduction and Management Office (CDRRMO) is hereby dissolved and reconstituted as a private non-governmental foundation operating outside the administrative control of the Office of the City Mayor, governed by an independent civilian board.",,,
GT-006,Executive Issuances & Policy Reorganization,Tier 1: Surface & Quantitative,Republic Act No. 7581 (The Price Act),Section 6,"Section 6. Automatic Price Control. – Unless otherwise declared by the President, prices of basic necessities in an area shall automatically be frozen at their prevailing prices or placed under automatic price control whenever: 1. That area is proclaimed or declared a disaster area or under a state of calamity; 2. That area is declared under an emergency; 3. The privilege of the writ of habeas corpus is suspended in that area; 4. That area is placed tinder martial law; 5. That area is declared to be in a state of rebellion; or 6. A state of war is declared in that area. If the prevailing price of any basic necessity is excessive or unreasonable, the implementing agency may recommend to the President the imposition of a price ceiling for the sale of the basic necessity at a price other than its prevailing price. Unless sooner lifted by the President, price control of basic necessities under this section shall remain effective for the duration of the condition that brought it about, but not for more than sixty (60) days. The terms ""disaster"" and ""calamity"" shall include those brought about by natural or man-made causes, whether local or foreign.",Davao City Executive Order Adopting Calamity Price Freeze Guidelines,"SECTION 3. LOCAL MONITORING OF PRICE FREEZE DURATION. — In strict observance of Section 6 of Republic Act No. 7581, the Davao City Local Price Coordinating Council shall monitor retail establishments upon the official declaration of a state of calamity to guarantee that prevailing retail prices of basic necessities remain frozen for a duration not exceeding sixty (60) calendar days.",,,
GT-007,Executive Issuances & Policy Reorganization,Tier 1: Surface & Quantitative,Republic Act No. 10121 (Philippine Disaster Risk Reduction and Management Act of 2010),Section 12,"Section 12. Local Disaster Risk Reduction and Management Office (LDRRMO). - (a) There shall be established an LDRRMO in every province, city and municipality, and a Barangay Disaster Risk Reduction and Management Committee (BDRRMC) in every · barangay which shall be responsible for setting the direction, development, implementation and coordination of disaster risk management programs within their territorial jurisdiction. (b) The LDRRMO shall be under the office of the governor, city or municipal mayor, and the punong barangay in case of the BDRRMC. The LDRRMOs shall be initially organized and composed of a DRRMO to be assisted by three (3) staff responsible for: (1) administration and training; (2) research and planning; and (3) operations and warning. The LDRRMOs and the BDRRMCs shall organize, train and directly supervise the local emergency response teams and the ACDVs.",Davao City Disaster Risk Reduction and Management Reorganization Ordinance,"SECTION 2. INSTITUTIONAL STRENGTHENING OF CDRRMO. — In compliance with Section 12 of Republic Act No. 10121, the City Disaster Risk Reduction and Management Office (CDRRMO) is organized as a regular department under the Office of the City Mayor, structured with three (3) functional divisions: Administrative and Training, Research and Planning, and Operations and Warning.",,,
GT-008,Executive Issuances & Policy Reorganization,Tier 1: Surface & Quantitative,Republic Act No. 11032 (Ease of Doing Business and Efficient Government Service Delivery Act of 2018),Section 9(b)(1),"Sec. 9. Accessing Government Services. – The following shall adopted by all government offices and agencies: ""(a) Acceptance of Applications or Requests. – ""(1) All officers or employees shall accept written applications, requests, and/or documents being submitted by applicants or requesting parties of the offices or agencies. ""(2) The receiving officer or employee shall perform a preliminary assessment of the application or request submitted with its supporting documents to ensure a more expeditious action on the application or request. The receiving officer or employee shall immediately inform the applicant or requesting party of any deficiency in the accompanying requirements, which shall be limited to those enumerated in the Citizen’s Charter. ""(3) The receiving officer or employee shall assign a unique identification number to an application or request, which shall be the identifying number for all subsequent transactions between the government and the applicant or requesting party regarding such specific application or request. ""(4) The receiving officer or employee shall issue an acknowledgement receipt containing the seal of the agency, the name of the responsible officer or employee, his/her unit and designation, and the date and time of receipt of such application or request. ""(b) Action of Offices. – ""(1) All applications or requests submitted shall be acted upon by the assigned officer or employee within the prescribed processing time stated in the Citizen’s Charter which shall not be longer than three (3) working days in the case of simple transactions and seven (7) working days in the case of complex transactions from the date the request and/or complete application or request was received. ""For applications or requests involving activities which pose danger to public health, public safety, public morals, public policy, and highly technical application, the prescribed processing time shall in no case be longer than twenty (20) working days or as determined by the government agency or instrumentality concerned, whichever is shorter. ""The maximum time prescribed above may be extended only once for the same number of days, which shall be indicated in the Citizen’s Charter. Prior to the lapse of the processing time, the office or agency concerned shall notify the applicant or requesting party in writing of the reason for the extension and final date of release of the government service/s requested. Such written notification shall be signed by the applicant or requesting party to serve as proof of notice. ""If the application or request for license, clearance permit, certification or authorization shall require the approval of the local Sangguniang Bayan , Sangguniang Panlungsod, or the Sangguniang Panlalawigan as the case may be, the Sanggunian concerned shall be given a period of forty-five (45) working days to act on the application or request, which can be extended for another twenty (20) working days. If the local Sanggunian concerned has denied the application or request, the reason for the denial, as well as the remedial measures that may be taken by the applicant shall be cited by the concerned Sanggunian. ""In cases where the cause of delay is due to force majeure or natural or man-made disasters, which result to damage or destruction of documents, and/or system failure of the computerized or automatic processing, the prescribed processing times mandated in this Act shall be suspended and appropriate adjustments shall be made. """,Davao City Business Bureau Streamlined Citizen's Charter Ordinance,"SECTION 4. MANDATORY ADHERENCE TO PROCESSING TIMELINES. — In strict adherence to Section 9 of Republic Act No. 11032, the Business Bureau shall process and approve applications for simple business permits within three (3) working days, and complex commercial applications within seven (7) working days, from initial receipt of complete documents.",,,
GT-009,Executive Issuances & Policy Reorganization,Tier 1: Surface & Quantitative,Republic Act No. 7581 (The Price Act),Section 6,"Section 6. Automatic Price Control. – Unless otherwise declared by the President, prices of basic necessities in an area shall automatically be frozen at their prevailing prices or placed under automatic price control whenever: 1. That area is proclaimed or declared a disaster area or under a state of calamity; 2. That area is declared under an emergency; 3. The privilege of the writ of habeas corpus is suspended in that area; 4. That area is placed tinder martial law; 5. That area is declared to be in a state of rebellion; or 6. A state of war is declared in that area. If the prevailing price of any basic necessity is excessive or unreasonable, the implementing agency may recommend to the President the imposition of a price ceiling for the sale of the basic necessity at a price other than its prevailing price. Unless sooner lifted by the President, price control of basic necessities under this section shall remain effective for the duration of the condition that brought it about, but not for more than sixty (60) days. The terms ""disaster"" and ""calamity"" shall include those brought about by natural or man-made causes, whether local or foreign.",Davao City Executive Order Adopting Calamity Price Freeze Guidelines [District 1 (Poblacion/Talomo) - Agricultural Buffer],"SECTION 3. LOCAL MONITORING OF PRICE FREEZE DURATION. — In strict observance of Section 6 of Republic Act No. 7581, the Davao City Local Price Coordinating Council shall monitor retail establishments upon the official declaration of a state of calamity to guarantee that prevailing retail prices of basic necessities remain frozen for a duration not exceeding sixty (60) calendar days.",,,
GT-010,Executive Issuances & Policy Reorganization,Tier 1: Surface & Quantitative,Republic Act No. 10121 (Philippine Disaster Risk Reduction and Management Act of 2010),Section 12,"Section 12. Local Disaster Risk Reduction and Management Office (LDRRMO). - (a) There shall be established an LDRRMO in every province, city and municipality, and a Barangay Disaster Risk Reduction and Management Committee (BDRRMC) in every · barangay which shall be responsible for setting the direction, development, implementation and coordination of disaster risk management programs within their territorial jurisdiction. (b) The LDRRMO shall be under the office of the governor, city or municipal mayor, and the punong barangay in case of the BDRRMC. The LDRRMOs shall be initially organized and composed of a DRRMO to be assisted by three (3) staff responsible for: (1) administration and training; (2) research and planning; and (3) operations and warning. The LDRRMOs and the BDRRMCs shall organize, train and directly supervise the local emergency response teams and the ACDVs.",Davao City Disaster Risk Reduction and Management Reorganization Ordinance [District 2 (Buhangin/Bunawan/Agdao) - Eco-Tourism Coastal Zone],"SECTION 2. INSTITUTIONAL STRENGTHENING OF CDRRMO. — In compliance with Section 12 of Republic Act No. 10121, the City Disaster Risk Reduction and Management Office (CDRRMO) is organized as a regular department under the Office of the City Mayor, structured with three (3) functional divisions: Administrative and Training, Research and Planning, and Operations and Warning.",,,
GT-011,Executive Issuances & Policy Reorganization,Tier 1: Surface & Quantitative,Republic Act No. 7581 (The Price Act),Section 6,"Section 6. Automatic Price Control. – Unless otherwise declared by the President, prices of basic necessities in an area shall automatically be frozen at their prevailing prices or placed under automatic price control whenever: 1. That area is proclaimed or declared a disaster area or under a state of calamity; 2. That area is declared under an emergency; 3. The privilege of the writ of habeas corpus is suspended in that area; 4. That area is placed tinder martial law; 5. That area is declared to be in a state of rebellion; or 6. A state of war is declared in that area. If the prevailing price of any basic necessity is excessive or unreasonable, the implementing agency may recommend to the President the imposition of a price ceiling for the sale of the basic necessity at a price other than its prevailing price. Unless sooner lifted by the President, price control of basic necessities under this section shall remain effective for the duration of the condition that brought it about, but not for more than sixty (60) days. The terms ""disaster"" and ""calamity"" shall include those brought about by natural or man-made causes, whether local or foreign.",Davao City Public Market Stall Tenancy Duration Ordinance,"SECTION 5. STALL LEASE DURATION. — Permanent lease contracts for commercial stalls situated within municipal public markets operated by the City Government of Davao shall be executed for a fixed term of three (3) fiscal years, renewable upon payment of standard renewal fees.",,,
GT-012,Executive Issuances & Policy Reorganization,Tier 1: Surface & Quantitative,Republic Act No. 10121 (Philippine Disaster Risk Reduction and Management Act of 2010),Section 12,"Section 12. Local Disaster Risk Reduction and Management Office (LDRRMO). - (a) There shall be established an LDRRMO in every province, city and municipality, and a Barangay Disaster Risk Reduction and Management Committee (BDRRMC) in every · barangay which shall be responsible for setting the direction, development, implementation and coordination of disaster risk management programs within their territorial jurisdiction. (b) The LDRRMO shall be under the office of the governor, city or municipal mayor, and the punong barangay in case of the BDRRMC. The LDRRMOs shall be initially organized and composed of a DRRMO to be assisted by three (3) staff responsible for: (1) administration and training; (2) research and planning; and (3) operations and warning. The LDRRMOs and the BDRRMCs shall organize, train and directly supervise the local emergency response teams and the ACDVs.",Davao City Rainwater Harvesting Facility Standard,"SECTION 5. RAINWATER HARVESTING STORAGE CAPACITIES. — Commercial buildings with roof catchment areas exceeding two hundred (200) square meters shall install rainwater collection cisterns with a minimum capacity of five thousand (5,000) liters.",,,
GT-013,Executive Issuances & Policy Reorganization,Tier 1: Surface & Quantitative,Republic Act No. 11032 (Ease of Doing Business and Efficient Government Service Delivery Act of 2018),Section 9(b)(1),"Sec. 9. Accessing Government Services. – The following shall adopted by all government offices and agencies: ""(a) Acceptance of Applications or Requests. – ""(1) All officers or employees shall accept written applications, requests, and/or documents being submitted by applicants or requesting parties of the offices or agencies. ""(2) The receiving officer or employee shall perform a preliminary assessment of the application or request submitted with its supporting documents to ensure a more expeditious action on the application or request. The receiving officer or employee shall immediately inform the applicant or requesting party of any deficiency in the accompanying requirements, which shall be limited to those enumerated in the Citizen’s Charter. ""(3) The receiving officer or employee shall assign a unique identification number to an application or request, which shall be the identifying number for all subsequent transactions between the government and the applicant or requesting party regarding such specific application or request. ""(4) The receiving officer or employee shall issue an acknowledgement receipt containing the seal of the agency, the name of the responsible officer or employee, his/her unit and designation, and the date and time of receipt of such application or request. ""(b) Action of Offices. – ""(1) All applications or requests submitted shall be acted upon by the assigned officer or employee within the prescribed processing time stated in the Citizen’s Charter which shall not be longer than three (3) working days in the case of simple transactions and seven (7) working days in the case of complex transactions from the date the request and/or complete application or request was received. ""For applications or requests involving activities which pose danger to public health, public safety, public morals, public policy, and highly technical application, the prescribed processing time shall in no case be longer than twenty (20) working days or as determined by the government agency or instrumentality concerned, whichever is shorter. ""The maximum time prescribed above may be extended only once for the same number of days, which shall be indicated in the Citizen’s Charter. Prior to the lapse of the processing time, the office or agency concerned shall notify the applicant or requesting party in writing of the reason for the extension and final date of release of the government service/s requested. Such written notification shall be signed by the applicant or requesting party to serve as proof of notice. ""If the application or request for license, clearance permit, certification or authorization shall require the approval of the local Sangguniang Bayan , Sangguniang Panlungsod, or the Sangguniang Panlalawigan as the case may be, the Sanggunian concerned shall be given a period of forty-five (45) working days to act on the application or request, which can be extended for another twenty (20) working days. If the local Sanggunian concerned has denied the application or request, the reason for the denial, as well as the remedial measures that may be taken by the applicant shall be cited by the concerned Sanggunian. ""In cases where the cause of delay is due to force majeure or natural or man-made disasters, which result to damage or destruction of documents, and/or system failure of the computerized or automatic processing, the prescribed processing times mandated in this Act shall be suspended and appropriate adjustments shall be made. """,Davao City Central Public Archive Storage Management Standard,SECTION 4. ARCHIVAL STORAGE SPECIFICATIONS. — Historical municipal administrative dockets designated for permanent retention shall be preserved in climate-controlled document vaults maintained at an ambient temperature of twenty (20) degrees Celsius.,,,
GT-014,Executive Issuances & Policy Reorganization,Tier 1: Surface & Quantitative,Republic Act No. 7581 (The Price Act),Section 6,"Section 6. Automatic Price Control. – Unless otherwise declared by the President, prices of basic necessities in an area shall automatically be frozen at their prevailing prices or placed under automatic price control whenever: 1. That area is proclaimed or declared a disaster area or under a state of calamity; 2. That area is declared under an emergency; 3. The privilege of the writ of habeas corpus is suspended in that area; 4. That area is placed tinder martial law; 5. That area is declared to be in a state of rebellion; or 6. A state of war is declared in that area. If the prevailing price of any basic necessity is excessive or unreasonable, the implementing agency may recommend to the President the imposition of a price ceiling for the sale of the basic necessity at a price other than its prevailing price. Unless sooner lifted by the President, price control of basic necessities under this section shall remain effective for the duration of the condition that brought it about, but not for more than sixty (60) days. The terms ""disaster"" and ""calamity"" shall include those brought about by natural or man-made causes, whether local or foreign.",Davao City Public Market Stall Tenancy Duration Ordinance [District 1 (Poblacion/Talomo) - Agricultural Buffer],"SECTION 5. STALL LEASE DURATION. — Permanent lease contracts for commercial stalls situated within municipal public markets operated by the City Government of Davao shall be executed for a fixed term of three (3) fiscal years, renewable upon payment of standard renewal fees.",,,
GT-015,Executive Issuances & Policy Reorganization,Tier 1: Surface & Quantitative,Republic Act No. 10121 (Philippine Disaster Risk Reduction and Management Act of 2010),Section 12,"Section 12. Local Disaster Risk Reduction and Management Office (LDRRMO). - (a) There shall be established an LDRRMO in every province, city and municipality, and a Barangay Disaster Risk Reduction and Management Committee (BDRRMC) in every · barangay which shall be responsible for setting the direction, development, implementation and coordination of disaster risk management programs within their territorial jurisdiction. (b) The LDRRMO shall be under the office of the governor, city or municipal mayor, and the punong barangay in case of the BDRRMC. The LDRRMOs shall be initially organized and composed of a DRRMO to be assisted by three (3) staff responsible for: (1) administration and training; (2) research and planning; and (3) operations and warning. The LDRRMOs and the BDRRMCs shall organize, train and directly supervise the local emergency response teams and the ACDVs.",Davao City Rainwater Harvesting Facility Standard [District 2 (Buhangin/Bunawan/Agdao) - Eco-Tourism Coastal Zone],"SECTION 5. RAINWATER HARVESTING STORAGE CAPACITIES. — Commercial buildings with roof catchment areas exceeding two hundred (200) square meters shall install rainwater collection cisterns with a minimum capacity of five thousand (5,000) liters.",,,
GT-016,Executive Issuances & Policy Reorganization,Tier 2: Preemption & Carve-Outs,Republic Act No. 7581 (The Price Act),Section 6,"Section 6. Automatic Price Control. – Unless otherwise declared by the President, prices of basic necessities in an area shall automatically be frozen at their prevailing prices or placed under automatic price control whenever: 1. That area is proclaimed or declared a disaster area or under a state of calamity; 2. That area is declared under an emergency; 3. The privilege of the writ of habeas corpus is suspended in that area; 4. That area is placed tinder martial law; 5. That area is declared to be in a state of rebellion; or 6. A state of war is declared in that area. If the prevailing price of any basic necessity is excessive or unreasonable, the implementing agency may recommend to the President the imposition of a price ceiling for the sale of the basic necessity at a price other than its prevailing price. Unless sooner lifted by the President, price control of basic necessities under this section shall remain effective for the duration of the condition that brought it about, but not for more than sixty (60) days. The terms ""disaster"" and ""calamity"" shall include those brought about by natural or man-made causes, whether local or foreign.",Draft Ordinance Regulating Emergency Commodity Distribution,"SECTION 7. PROHIBITION ON EMERGENCY PRICE INCREASES. — It shall be unlawful for any commercial food distributor, wholesaler, or retailer within the territorial jurisdiction of Davao City to implement any price adjustment during declared local emergencies, notwithstanding any emergency freight rate adjustments or temporary price ceilings authorized by the National Price Coordinating Council or the Department of Trade and Industry.",,,
GT-017,Executive Issuances & Policy Reorganization,Tier 2: Preemption & Carve-Outs,Republic Act No. 10121 (Philippine Disaster Risk Reduction and Management Act of 2010),Section 12,"Section 12. Local Disaster Risk Reduction and Management Office (LDRRMO). - (a) There shall be established an LDRRMO in every province, city and municipality, and a Barangay Disaster Risk Reduction and Management Committee (BDRRMC) in every · barangay which shall be responsible for setting the direction, development, implementation and coordination of disaster risk management programs within their territorial jurisdiction. (b) The LDRRMO shall be under the office of the governor, city or municipal mayor, and the punong barangay in case of the BDRRMC. The LDRRMOs shall be initially organized and composed of a DRRMO to be assisted by three (3) staff responsible for: (1) administration and training; (2) research and planning; and (3) operations and warning. The LDRRMOs and the BDRRMCs shall organize, train and directly supervise the local emergency response teams and the ACDVs.",Draft Ordinance Establishing Autonomous District Evacuation Units,SECTION 5. AUTONOMOUS DISTRICT RESCUE PROTOCOLS. — Administrative districts within Davao City are authorized to organize independent rescue brigades that shall operate without operational subordination to the unified incident command system of the City Disaster Risk Reduction and Management Office.,,,
GT-018,Executive Issuances & Policy Reorganization,Tier 2: Preemption & Carve-Outs,Republic Act No. 11032 (Ease of Doing Business and Efficient Government Service Delivery Act of 2018),Section 9(b)(1),"Sec. 9. Accessing Government Services. – The following shall adopted by all government offices and agencies: ""(a) Acceptance of Applications or Requests. – ""(1) All officers or employees shall accept written applications, requests, and/or documents being submitted by applicants or requesting parties of the offices or agencies. ""(2) The receiving officer or employee shall perform a preliminary assessment of the application or request submitted with its supporting documents to ensure a more expeditious action on the application or request. The receiving officer or employee shall immediately inform the applicant or requesting party of any deficiency in the accompanying requirements, which shall be limited to those enumerated in the Citizen’s Charter. ""(3) The receiving officer or employee shall assign a unique identification number to an application or request, which shall be the identifying number for all subsequent transactions between the government and the applicant or requesting party regarding such specific application or request. ""(4) The receiving officer or employee shall issue an acknowledgement receipt containing the seal of the agency, the name of the responsible officer or employee, his/her unit and designation, and the date and time of receipt of such application or request. ""(b) Action of Offices. – ""(1) All applications or requests submitted shall be acted upon by the assigned officer or employee within the prescribed processing time stated in the Citizen’s Charter which shall not be longer than three (3) working days in the case of simple transactions and seven (7) working days in the case of complex transactions from the date the request and/or complete application or request was received. ""For applications or requests involving activities which pose danger to public health, public safety, public morals, public policy, and highly technical application, the prescribed processing time shall in no case be longer than twenty (20) working days or as determined by the government agency or instrumentality concerned, whichever is shorter. ""The maximum time prescribed above may be extended only once for the same number of days, which shall be indicated in the Citizen’s Charter. Prior to the lapse of the processing time, the office or agency concerned shall notify the applicant or requesting party in writing of the reason for the extension and final date of release of the government service/s requested. Such written notification shall be signed by the applicant or requesting party to serve as proof of notice. ""If the application or request for license, clearance permit, certification or authorization shall require the approval of the local Sangguniang Bayan , Sangguniang Panlungsod, or the Sangguniang Panlalawigan as the case may be, the Sanggunian concerned shall be given a period of forty-five (45) working days to act on the application or request, which can be extended for another twenty (20) working days. If the local Sanggunian concerned has denied the application or request, the reason for the denial, as well as the remedial measures that may be taken by the applicant shall be cited by the concerned Sanggunian. ""In cases where the cause of delay is due to force majeure or natural or man-made disasters, which result to damage or destruction of documents, and/or system failure of the computerized or automatic processing, the prescribed processing times mandated in this Act shall be suspended and appropriate adjustments shall be made. """,Draft Ordinance Authorizing Discretionary Permit Processing Suspensions,"SECTION 11. ADMINISTRATIVE SUSPENSION OF PERMIT TIMELINES. — The City Legal Officer may suspend statutory processing timetables for business permit applications whenever additional inter-agency verification is deemed convenient, without issuing formal written notices of deficiency to the applicant.",,,
GT-019,Executive Issuances & Policy Reorganization,Tier 2: Preemption & Carve-Outs,Republic Act No. 7581 (The Price Act),Section 6,"Section 6. Automatic Price Control. – Unless otherwise declared by the President, prices of basic necessities in an area shall automatically be frozen at their prevailing prices or placed under automatic price control whenever: 1. That area is proclaimed or declared a disaster area or under a state of calamity; 2. That area is declared under an emergency; 3. The privilege of the writ of habeas corpus is suspended in that area; 4. That area is placed tinder martial law; 5. That area is declared to be in a state of rebellion; or 6. A state of war is declared in that area. If the prevailing price of any basic necessity is excessive or unreasonable, the implementing agency may recommend to the President the imposition of a price ceiling for the sale of the basic necessity at a price other than its prevailing price. Unless sooner lifted by the President, price control of basic necessities under this section shall remain effective for the duration of the condition that brought it about, but not for more than sixty (60) days. The terms ""disaster"" and ""calamity"" shall include those brought about by natural or man-made causes, whether local or foreign.",Draft Ordinance Regulating Emergency Commodity Distribution [District 1 (Poblacion/Talomo) - Agricultural Buffer],"SECTION 7. PROHIBITION ON EMERGENCY PRICE INCREASES. — It shall be unlawful for any commercial food distributor, wholesaler, or retailer within the territorial jurisdiction of Davao City to implement any price adjustment during declared local emergencies, notwithstanding any emergency freight rate adjustments or temporary price ceilings authorized by the National Price Coordinating Council or the Department of Trade and Industry.",,,
GT-020,Executive Issuances & Policy Reorganization,Tier 2: Preemption & Carve-Outs,Republic Act No. 10121 (Philippine Disaster Risk Reduction and Management Act of 2010),Section 12,"Section 12. Local Disaster Risk Reduction and Management Office (LDRRMO). - (a) There shall be established an LDRRMO in every province, city and municipality, and a Barangay Disaster Risk Reduction and Management Committee (BDRRMC) in every · barangay which shall be responsible for setting the direction, development, implementation and coordination of disaster risk management programs within their territorial jurisdiction. (b) The LDRRMO shall be under the office of the governor, city or municipal mayor, and the punong barangay in case of the BDRRMC. The LDRRMOs shall be initially organized and composed of a DRRMO to be assisted by three (3) staff responsible for: (1) administration and training; (2) research and planning; and (3) operations and warning. The LDRRMOs and the BDRRMCs shall organize, train and directly supervise the local emergency response teams and the ACDVs.",Draft Ordinance Establishing Autonomous District Evacuation Units [District 2 (Buhangin/Bunawan/Agdao) - Eco-Tourism Coastal Zone],SECTION 5. AUTONOMOUS DISTRICT RESCUE PROTOCOLS. — Administrative districts within Davao City are authorized to organize independent rescue brigades that shall operate without operational subordination to the unified incident command system of the City Disaster Risk Reduction and Management Office.,,,
GT-021,Executive Issuances & Policy Reorganization,Tier 2: Preemption & Carve-Outs,Republic Act No. 11032 (Ease of Doing Business and Efficient Government Service Delivery Act of 2018),Section 9(b)(1),"Sec. 9. Accessing Government Services. – The following shall adopted by all government offices and agencies: ""(a) Acceptance of Applications or Requests. – ""(1) All officers or employees shall accept written applications, requests, and/or documents being submitted by applicants or requesting parties of the offices or agencies. ""(2) The receiving officer or employee shall perform a preliminary assessment of the application or request submitted with its supporting documents to ensure a more expeditious action on the application or request. The receiving officer or employee shall immediately inform the applicant or requesting party of any deficiency in the accompanying requirements, which shall be limited to those enumerated in the Citizen’s Charter. ""(3) The receiving officer or employee shall assign a unique identification number to an application or request, which shall be the identifying number for all subsequent transactions between the government and the applicant or requesting party regarding such specific application or request. ""(4) The receiving officer or employee shall issue an acknowledgement receipt containing the seal of the agency, the name of the responsible officer or employee, his/her unit and designation, and the date and time of receipt of such application or request. ""(b) Action of Offices. – ""(1) All applications or requests submitted shall be acted upon by the assigned officer or employee within the prescribed processing time stated in the Citizen’s Charter which shall not be longer than three (3) working days in the case of simple transactions and seven (7) working days in the case of complex transactions from the date the request and/or complete application or request was received. ""For applications or requests involving activities which pose danger to public health, public safety, public morals, public policy, and highly technical application, the prescribed processing time shall in no case be longer than twenty (20) working days or as determined by the government agency or instrumentality concerned, whichever is shorter. ""The maximum time prescribed above may be extended only once for the same number of days, which shall be indicated in the Citizen’s Charter. Prior to the lapse of the processing time, the office or agency concerned shall notify the applicant or requesting party in writing of the reason for the extension and final date of release of the government service/s requested. Such written notification shall be signed by the applicant or requesting party to serve as proof of notice. ""If the application or request for license, clearance permit, certification or authorization shall require the approval of the local Sangguniang Bayan , Sangguniang Panlungsod, or the Sangguniang Panlalawigan as the case may be, the Sanggunian concerned shall be given a period of forty-five (45) working days to act on the application or request, which can be extended for another twenty (20) working days. If the local Sanggunian concerned has denied the application or request, the reason for the denial, as well as the remedial measures that may be taken by the applicant shall be cited by the concerned Sanggunian. ""In cases where the cause of delay is due to force majeure or natural or man-made disasters, which result to damage or destruction of documents, and/or system failure of the computerized or automatic processing, the prescribed processing times mandated in this Act shall be suspended and appropriate adjustments shall be made. """,Draft Ordinance Authorizing Discretionary Permit Processing Suspensions [District 3 (Toril/Calinan/Baguio/Marilog) - Commercial Central Core],"SECTION 11. ADMINISTRATIVE SUSPENSION OF PERMIT TIMELINES. — The City Legal Officer may suspend statutory processing timetables for business permit applications whenever additional inter-agency verification is deemed convenient, without issuing formal written notices of deficiency to the applicant.",,,
GT-022,Executive Issuances & Policy Reorganization,Tier 2: Preemption & Carve-Outs,Republic Act No. 7581 (The Price Act),Section 6,"Section 6. Automatic Price Control. – Unless otherwise declared by the President, prices of basic necessities in an area shall automatically be frozen at their prevailing prices or placed under automatic price control whenever: 1. That area is proclaimed or declared a disaster area or under a state of calamity; 2. That area is declared under an emergency; 3. The privilege of the writ of habeas corpus is suspended in that area; 4. That area is placed tinder martial law; 5. That area is declared to be in a state of rebellion; or 6. A state of war is declared in that area. If the prevailing price of any basic necessity is excessive or unreasonable, the implementing agency may recommend to the President the imposition of a price ceiling for the sale of the basic necessity at a price other than its prevailing price. Unless sooner lifted by the President, price control of basic necessities under this section shall remain effective for the duration of the condition that brought it about, but not for more than sixty (60) days. The terms ""disaster"" and ""calamity"" shall include those brought about by natural or man-made causes, whether local or foreign.",Davao City Market Monitoring and Price Enforcement Protocol,"SECTION 6. COORDINATION WITH NATIONAL PRICE AGENCIES. — The City Economic Enterprise Office shall coordinate with the Department of Trade and Industry Region XI to post official prevailing price bulletins across all public terminal markets, recognizing all statutory price ceiling adjustments authorized by national implementing agencies.",,,
GT-023,Executive Issuances & Policy Reorganization,Tier 2: Preemption & Carve-Outs,Republic Act No. 10121 (Philippine Disaster Risk Reduction and Management Act of 2010),Section 12,"Section 12. Local Disaster Risk Reduction and Management Office (LDRRMO). - (a) There shall be established an LDRRMO in every province, city and municipality, and a Barangay Disaster Risk Reduction and Management Committee (BDRRMC) in every · barangay which shall be responsible for setting the direction, development, implementation and coordination of disaster risk management programs within their territorial jurisdiction. (b) The LDRRMO shall be under the office of the governor, city or municipal mayor, and the punong barangay in case of the BDRRMC. The LDRRMOs shall be initially organized and composed of a DRRMO to be assisted by three (3) staff responsible for: (1) administration and training; (2) research and planning; and (3) operations and warning. The LDRRMOs and the BDRRMCs shall organize, train and directly supervise the local emergency response teams and the ACDVs.",Davao City Emergency Response and Warning Activation Protocol,"SECTION 4. BARANGAY EVACUATION COORDINATION. — The CDRRMO shall establish direct communication linkages with Barangay Disaster Risk Reduction and Management Committees across all administrative districts, maintaining unified operational command during natural calamities.",,,
GT-024,Executive Issuances & Policy Reorganization,Tier 2: Preemption & Carve-Outs,Republic Act No. 11032 (Ease of Doing Business and Efficient Government Service Delivery Act of 2018),Section 9(b)(1),"Sec. 9. Accessing Government Services. – The following shall adopted by all government offices and agencies: ""(a) Acceptance of Applications or Requests. – ""(1) All officers or employees shall accept written applications, requests, and/or documents being submitted by applicants or requesting parties of the offices or agencies. ""(2) The receiving officer or employee shall perform a preliminary assessment of the application or request submitted with its supporting documents to ensure a more expeditious action on the application or request. The receiving officer or employee shall immediately inform the applicant or requesting party of any deficiency in the accompanying requirements, which shall be limited to those enumerated in the Citizen’s Charter. ""(3) The receiving officer or employee shall assign a unique identification number to an application or request, which shall be the identifying number for all subsequent transactions between the government and the applicant or requesting party regarding such specific application or request. ""(4) The receiving officer or employee shall issue an acknowledgement receipt containing the seal of the agency, the name of the responsible officer or employee, his/her unit and designation, and the date and time of receipt of such application or request. ""(b) Action of Offices. – ""(1) All applications or requests submitted shall be acted upon by the assigned officer or employee within the prescribed processing time stated in the Citizen’s Charter which shall not be longer than three (3) working days in the case of simple transactions and seven (7) working days in the case of complex transactions from the date the request and/or complete application or request was received. ""For applications or requests involving activities which pose danger to public health, public safety, public morals, public policy, and highly technical application, the prescribed processing time shall in no case be longer than twenty (20) working days or as determined by the government agency or instrumentality concerned, whichever is shorter. ""The maximum time prescribed above may be extended only once for the same number of days, which shall be indicated in the Citizen’s Charter. Prior to the lapse of the processing time, the office or agency concerned shall notify the applicant or requesting party in writing of the reason for the extension and final date of release of the government service/s requested. Such written notification shall be signed by the applicant or requesting party to serve as proof of notice. ""If the application or request for license, clearance permit, certification or authorization shall require the approval of the local Sangguniang Bayan , Sangguniang Panlungsod, or the Sangguniang Panlalawigan as the case may be, the Sanggunian concerned shall be given a period of forty-five (45) working days to act on the application or request, which can be extended for another twenty (20) working days. If the local Sanggunian concerned has denied the application or request, the reason for the denial, as well as the remedial measures that may be taken by the applicant shall be cited by the concerned Sanggunian. ""In cases where the cause of delay is due to force majeure or natural or man-made disasters, which result to damage or destruction of documents, and/or system failure of the computerized or automatic processing, the prescribed processing times mandated in this Act shall be suspended and appropriate adjustments shall be made. """,Davao City Business One-Stop Shop (BOSS) Operational Protocol,"SECTION 5. INTEGRATED APPLICATION PROCESSING. — The Business Bureau shall operate the Business One-Stop Shop (BOSS) electronically, issuing written acknowledgement receipts upon document submission containing the date, time, and assigned tracking number.",,,
GT-025,Executive Issuances & Policy Reorganization,Tier 2: Preemption & Carve-Outs,Republic Act No. 7581 (The Price Act),Section 6,"Section 6. Automatic Price Control. – Unless otherwise declared by the President, prices of basic necessities in an area shall automatically be frozen at their prevailing prices or placed under automatic price control whenever: 1. That area is proclaimed or declared a disaster area or under a state of calamity; 2. That area is declared under an emergency; 3. The privilege of the writ of habeas corpus is suspended in that area; 4. That area is placed tinder martial law; 5. That area is declared to be in a state of rebellion; or 6. A state of war is declared in that area. If the prevailing price of any basic necessity is excessive or unreasonable, the implementing agency may recommend to the President the imposition of a price ceiling for the sale of the basic necessity at a price other than its prevailing price. Unless sooner lifted by the President, price control of basic necessities under this section shall remain effective for the duration of the condition that brought it about, but not for more than sixty (60) days. The terms ""disaster"" and ""calamity"" shall include those brought about by natural or man-made causes, whether local or foreign.",Davao City Market Monitoring and Price Enforcement Protocol [District 1 (Poblacion/Talomo) - Agricultural Buffer],"SECTION 6. COORDINATION WITH NATIONAL PRICE AGENCIES. — The City Economic Enterprise Office shall coordinate with the Department of Trade and Industry Region XI to post official prevailing price bulletins across all public terminal markets, recognizing all statutory price ceiling adjustments authorized by national implementing agencies.",,,
GT-026,Executive Issuances & Policy Reorganization,Tier 2: Preemption & Carve-Outs,Republic Act No. 10121 (Philippine Disaster Risk Reduction and Management Act of 2010),Section 12,"Section 12. Local Disaster Risk Reduction and Management Office (LDRRMO). - (a) There shall be established an LDRRMO in every province, city and municipality, and a Barangay Disaster Risk Reduction and Management Committee (BDRRMC) in every · barangay which shall be responsible for setting the direction, development, implementation and coordination of disaster risk management programs within their territorial jurisdiction. (b) The LDRRMO shall be under the office of the governor, city or municipal mayor, and the punong barangay in case of the BDRRMC. The LDRRMOs shall be initially organized and composed of a DRRMO to be assisted by three (3) staff responsible for: (1) administration and training; (2) research and planning; and (3) operations and warning. The LDRRMOs and the BDRRMCs shall organize, train and directly supervise the local emergency response teams and the ACDVs.",Davao City Emergency Response and Warning Activation Protocol [District 2 (Buhangin/Bunawan/Agdao) - Eco-Tourism Coastal Zone],"SECTION 4. BARANGAY EVACUATION COORDINATION. — The CDRRMO shall establish direct communication linkages with Barangay Disaster Risk Reduction and Management Committees across all administrative districts, maintaining unified operational command during natural calamities.",,,
GT-027,Executive Issuances & Policy Reorganization,Tier 2: Preemption & Carve-Outs,Republic Act No. 11032 (Ease of Doing Business and Efficient Government Service Delivery Act of 2018),Section 9(b)(1),"Sec. 9. Accessing Government Services. – The following shall adopted by all government offices and agencies: ""(a) Acceptance of Applications or Requests. – ""(1) All officers or employees shall accept written applications, requests, and/or documents being submitted by applicants or requesting parties of the offices or agencies. ""(2) The receiving officer or employee shall perform a preliminary assessment of the application or request submitted with its supporting documents to ensure a more expeditious action on the application or request. The receiving officer or employee shall immediately inform the applicant or requesting party of any deficiency in the accompanying requirements, which shall be limited to those enumerated in the Citizen’s Charter. ""(3) The receiving officer or employee shall assign a unique identification number to an application or request, which shall be the identifying number for all subsequent transactions between the government and the applicant or requesting party regarding such specific application or request. ""(4) The receiving officer or employee shall issue an acknowledgement receipt containing the seal of the agency, the name of the responsible officer or employee, his/her unit and designation, and the date and time of receipt of such application or request. ""(b) Action of Offices. – ""(1) All applications or requests submitted shall be acted upon by the assigned officer or employee within the prescribed processing time stated in the Citizen’s Charter which shall not be longer than three (3) working days in the case of simple transactions and seven (7) working days in the case of complex transactions from the date the request and/or complete application or request was received. ""For applications or requests involving activities which pose danger to public health, public safety, public morals, public policy, and highly technical application, the prescribed processing time shall in no case be longer than twenty (20) working days or as determined by the government agency or instrumentality concerned, whichever is shorter. ""The maximum time prescribed above may be extended only once for the same number of days, which shall be indicated in the Citizen’s Charter. Prior to the lapse of the processing time, the office or agency concerned shall notify the applicant or requesting party in writing of the reason for the extension and final date of release of the government service/s requested. Such written notification shall be signed by the applicant or requesting party to serve as proof of notice. ""If the application or request for license, clearance permit, certification or authorization shall require the approval of the local Sangguniang Bayan , Sangguniang Panlungsod, or the Sangguniang Panlalawigan as the case may be, the Sanggunian concerned shall be given a period of forty-five (45) working days to act on the application or request, which can be extended for another twenty (20) working days. If the local Sanggunian concerned has denied the application or request, the reason for the denial, as well as the remedial measures that may be taken by the applicant shall be cited by the concerned Sanggunian. ""In cases where the cause of delay is due to force majeure or natural or man-made disasters, which result to damage or destruction of documents, and/or system failure of the computerized or automatic processing, the prescribed processing times mandated in this Act shall be suspended and appropriate adjustments shall be made. """,Davao City Business One-Stop Shop (BOSS) Operational Protocol [District 3 (Toril/Calinan/Baguio/Marilog) - Commercial Central Core],"SECTION 5. INTEGRATED APPLICATION PROCESSING. — The Business Bureau shall operate the Business One-Stop Shop (BOSS) electronically, issuing written acknowledgement receipts upon document submission containing the date, time, and assigned tracking number.",,,
GT-028,Executive Issuances & Policy Reorganization,Tier 2: Preemption & Carve-Outs,Republic Act No. 7581 (The Price Act),Section 6,"Section 6. Automatic Price Control. – Unless otherwise declared by the President, prices of basic necessities in an area shall automatically be frozen at their prevailing prices or placed under automatic price control whenever: 1. That area is proclaimed or declared a disaster area or under a state of calamity; 2. That area is declared under an emergency; 3. The privilege of the writ of habeas corpus is suspended in that area; 4. That area is placed tinder martial law; 5. That area is declared to be in a state of rebellion; or 6. A state of war is declared in that area. If the prevailing price of any basic necessity is excessive or unreasonable, the implementing agency may recommend to the President the imposition of a price ceiling for the sale of the basic necessity at a price other than its prevailing price. Unless sooner lifted by the President, price control of basic necessities under this section shall remain effective for the duration of the condition that brought it about, but not for more than sixty (60) days. The terms ""disaster"" and ""calamity"" shall include those brought about by natural or man-made causes, whether local or foreign.",Davao City Market Monitoring and Price Enforcement Protocol [District 1 (Poblacion/Talomo) - Suburban Residential Zone],"SECTION 6. COORDINATION WITH NATIONAL PRICE AGENCIES. — The City Economic Enterprise Office shall coordinate with the Department of Trade and Industry Region XI to post official prevailing price bulletins across all public terminal markets, recognizing all statutory price ceiling adjustments authorized by national implementing agencies.",,,
GT-029,Executive Issuances & Policy Reorganization,Tier 2: Preemption & Carve-Outs,Republic Act No. 7581 (The Price Act),Section 6,"Section 6. Automatic Price Control. – Unless otherwise declared by the President, prices of basic necessities in an area shall automatically be frozen at their prevailing prices or placed under automatic price control whenever: 1. That area is proclaimed or declared a disaster area or under a state of calamity; 2. That area is declared under an emergency; 3. The privilege of the writ of habeas corpus is suspended in that area; 4. That area is placed tinder martial law; 5. That area is declared to be in a state of rebellion; or 6. A state of war is declared in that area. If the prevailing price of any basic necessity is excessive or unreasonable, the implementing agency may recommend to the President the imposition of a price ceiling for the sale of the basic necessity at a price other than its prevailing price. Unless sooner lifted by the President, price control of basic necessities under this section shall remain effective for the duration of the condition that brought it about, but not for more than sixty (60) days. The terms ""disaster"" and ""calamity"" shall include those brought about by natural or man-made causes, whether local or foreign.",Davao City Wholesale Terminal Unloading Schedule Protocol,SECTION 8. TERMINAL VEHICULAR UNLOADING SCHEDULE. — Wholesale freight vehicles transporting agricultural produce into the Bankerohan and Agdao Public Markets shall conduct heavy cargo discharge operations exclusively between midnight and dawn to minimize central traffic congestion.,,,
GT-030,Executive Issuances & Policy Reorganization,Tier 2: Preemption & Carve-Outs,Republic Act No. 10121 (Philippine Disaster Risk Reduction and Management Act of 2010),Section 12,"Section 12. Local Disaster Risk Reduction and Management Office (LDRRMO). - (a) There shall be established an LDRRMO in every province, city and municipality, and a Barangay Disaster Risk Reduction and Management Committee (BDRRMC) in every · barangay which shall be responsible for setting the direction, development, implementation and coordination of disaster risk management programs within their territorial jurisdiction. (b) The LDRRMO shall be under the office of the governor, city or municipal mayor, and the punong barangay in case of the BDRRMC. The LDRRMOs shall be initially organized and composed of a DRRMO to be assisted by three (3) staff responsible for: (1) administration and training; (2) research and planning; and (3) operations and warning. The LDRRMOs and the BDRRMCs shall organize, train and directly supervise the local emergency response teams and the ACDVs.",Davao City Tree Trimming Safety Protocol,SECTION 4. POWER DISTRIBUTION TREE PRUNING. — Maintenance crews trimming tree branches near high-voltage electric distribution power lines shall coordinate with the City Environment and Natural Resources Office to obtain safety clearance.,,,
GT-031,Executive Issuances & Policy Reorganization,Tier 2: Preemption & Carve-Outs,Republic Act No. 11032 (Ease of Doing Business and Efficient Government Service Delivery Act of 2018),Section 9(b)(1),"Sec. 9. Accessing Government Services. – The following shall adopted by all government offices and agencies: ""(a) Acceptance of Applications or Requests. – ""(1) All officers or employees shall accept written applications, requests, and/or documents being submitted by applicants or requesting parties of the offices or agencies. ""(2) The receiving officer or employee shall perform a preliminary assessment of the application or request submitted with its supporting documents to ensure a more expeditious action on the application or request. The receiving officer or employee shall immediately inform the applicant or requesting party of any deficiency in the accompanying requirements, which shall be limited to those enumerated in the Citizen’s Charter. ""(3) The receiving officer or employee shall assign a unique identification number to an application or request, which shall be the identifying number for all subsequent transactions between the government and the applicant or requesting party regarding such specific application or request. ""(4) The receiving officer or employee shall issue an acknowledgement receipt containing the seal of the agency, the name of the responsible officer or employee, his/her unit and designation, and the date and time of receipt of such application or request. ""(b) Action of Offices. – ""(1) All applications or requests submitted shall be acted upon by the assigned officer or employee within the prescribed processing time stated in the Citizen’s Charter which shall not be longer than three (3) working days in the case of simple transactions and seven (7) working days in the case of complex transactions from the date the request and/or complete application or request was received. ""For applications or requests involving activities which pose danger to public health, public safety, public morals, public policy, and highly technical application, the prescribed processing time shall in no case be longer than twenty (20) working days or as determined by the government agency or instrumentality concerned, whichever is shorter. ""The maximum time prescribed above may be extended only once for the same number of days, which shall be indicated in the Citizen’s Charter. Prior to the lapse of the processing time, the office or agency concerned shall notify the applicant or requesting party in writing of the reason for the extension and final date of release of the government service/s requested. Such written notification shall be signed by the applicant or requesting party to serve as proof of notice. ""If the application or request for license, clearance permit, certification or authorization shall require the approval of the local Sangguniang Bayan , Sangguniang Panlungsod, or the Sangguniang Panlalawigan as the case may be, the Sanggunian concerned shall be given a period of forty-five (45) working days to act on the application or request, which can be extended for another twenty (20) working days. If the local Sanggunian concerned has denied the application or request, the reason for the denial, as well as the remedial measures that may be taken by the applicant shall be cited by the concerned Sanggunian. ""In cases where the cause of delay is due to force majeure or natural or man-made disasters, which result to damage or destruction of documents, and/or system failure of the computerized or automatic processing, the prescribed processing times mandated in this Act shall be suspended and appropriate adjustments shall be made. """,Davao City Municipal Official Stationery Logo Placement Guidelines,SECTION 3. OFFICIAL LETTERHEAD STANDARDIZATION. — All official communications originating from city hall administrative offices shall display the official corporate seal of the City of Davao centered on the topmost margin.,,,
GT-032,Executive Issuances & Policy Reorganization,Tier 2: Preemption & Carve-Outs,Republic Act No. 7581 (The Price Act),Section 6,"Section 6. Automatic Price Control. – Unless otherwise declared by the President, prices of basic necessities in an area shall automatically be frozen at their prevailing prices or placed under automatic price control whenever: 1. That area is proclaimed or declared a disaster area or under a state of calamity; 2. That area is declared under an emergency; 3. The privilege of the writ of habeas corpus is suspended in that area; 4. That area is placed tinder martial law; 5. That area is declared to be in a state of rebellion; or 6. A state of war is declared in that area. If the prevailing price of any basic necessity is excessive or unreasonable, the implementing agency may recommend to the President the imposition of a price ceiling for the sale of the basic necessity at a price other than its prevailing price. Unless sooner lifted by the President, price control of basic necessities under this section shall remain effective for the duration of the condition that brought it about, but not for more than sixty (60) days. The terms ""disaster"" and ""calamity"" shall include those brought about by natural or man-made causes, whether local or foreign.",Davao City Wholesale Terminal Unloading Schedule Protocol [District 1 (Poblacion/Talomo) - Agricultural Buffer],SECTION 8. TERMINAL VEHICULAR UNLOADING SCHEDULE. — Wholesale freight vehicles transporting agricultural produce into the Bankerohan and Agdao Public Markets shall conduct heavy cargo discharge operations exclusively between midnight and dawn to minimize central traffic congestion.,,,
GT-033,Executive Issuances & Policy Reorganization,Tier 2: Preemption & Carve-Outs,Republic Act No. 10121 (Philippine Disaster Risk Reduction and Management Act of 2010),Section 12,"Section 12. Local Disaster Risk Reduction and Management Office (LDRRMO). - (a) There shall be established an LDRRMO in every province, city and municipality, and a Barangay Disaster Risk Reduction and Management Committee (BDRRMC) in every · barangay which shall be responsible for setting the direction, development, implementation and coordination of disaster risk management programs within their territorial jurisdiction. (b) The LDRRMO shall be under the office of the governor, city or municipal mayor, and the punong barangay in case of the BDRRMC. The LDRRMOs shall be initially organized and composed of a DRRMO to be assisted by three (3) staff responsible for: (1) administration and training; (2) research and planning; and (3) operations and warning. The LDRRMOs and the BDRRMCs shall organize, train and directly supervise the local emergency response teams and the ACDVs.",Davao City Tree Trimming Safety Protocol [District 2 (Buhangin/Bunawan/Agdao) - Eco-Tourism Coastal Zone],SECTION 4. POWER DISTRIBUTION TREE PRUNING. — Maintenance crews trimming tree branches near high-voltage electric distribution power lines shall coordinate with the City Environment and Natural Resources Office to obtain safety clearance.,,,
GT-034,Executive Issuances & Policy Reorganization,Tier 2: Preemption & Carve-Outs,Republic Act No. 11032 (Ease of Doing Business and Efficient Government Service Delivery Act of 2018),Section 9(b)(1),"Sec. 9. Accessing Government Services. – The following shall adopted by all government offices and agencies: ""(a) Acceptance of Applications or Requests. – ""(1) All officers or employees shall accept written applications, requests, and/or documents being submitted by applicants or requesting parties of the offices or agencies. ""(2) The receiving officer or employee shall perform a preliminary assessment of the application or request submitted with its supporting documents to ensure a more expeditious action on the application or request. The receiving officer or employee shall immediately inform the applicant or requesting party of any deficiency in the accompanying requirements, which shall be limited to those enumerated in the Citizen’s Charter. ""(3) The receiving officer or employee shall assign a unique identification number to an application or request, which shall be the identifying number for all subsequent transactions between the government and the applicant or requesting party regarding such specific application or request. ""(4) The receiving officer or employee shall issue an acknowledgement receipt containing the seal of the agency, the name of the responsible officer or employee, his/her unit and designation, and the date and time of receipt of such application or request. ""(b) Action of Offices. – ""(1) All applications or requests submitted shall be acted upon by the assigned officer or employee within the prescribed processing time stated in the Citizen’s Charter which shall not be longer than three (3) working days in the case of simple transactions and seven (7) working days in the case of complex transactions from the date the request and/or complete application or request was received. ""For applications or requests involving activities which pose danger to public health, public safety, public morals, public policy, and highly technical application, the prescribed processing time shall in no case be longer than twenty (20) working days or as determined by the government agency or instrumentality concerned, whichever is shorter. ""The maximum time prescribed above may be extended only once for the same number of days, which shall be indicated in the Citizen’s Charter. Prior to the lapse of the processing time, the office or agency concerned shall notify the applicant or requesting party in writing of the reason for the extension and final date of release of the government service/s requested. Such written notification shall be signed by the applicant or requesting party to serve as proof of notice. ""If the application or request for license, clearance permit, certification or authorization shall require the approval of the local Sangguniang Bayan , Sangguniang Panlungsod, or the Sangguniang Panlalawigan as the case may be, the Sanggunian concerned shall be given a period of forty-five (45) working days to act on the application or request, which can be extended for another twenty (20) working days. If the local Sanggunian concerned has denied the application or request, the reason for the denial, as well as the remedial measures that may be taken by the applicant shall be cited by the concerned Sanggunian. ""In cases where the cause of delay is due to force majeure or natural or man-made disasters, which result to damage or destruction of documents, and/or system failure of the computerized or automatic processing, the prescribed processing times mandated in this Act shall be suspended and appropriate adjustments shall be made. """,Davao City Municipal Official Stationery Logo Placement Guidelines [District 3 (Toril/Calinan/Baguio/Marilog) - Commercial Central Core],SECTION 3. OFFICIAL LETTERHEAD STANDARDIZATION. — All official communications originating from city hall administrative offices shall display the official corporate seal of the City of Davao centered on the topmost margin.,,,
GT-035,Executive Issuances & Policy Reorganization,Tier 2: Preemption & Carve-Outs,Republic Act No. 7581 (The Price Act),Section 6,"Section 6. Automatic Price Control. – Unless otherwise declared by the President, prices of basic necessities in an area shall automatically be frozen at their prevailing prices or placed under automatic price control whenever: 1. That area is proclaimed or declared a disaster area or under a state of calamity; 2. That area is declared under an emergency; 3. The privilege of the writ of habeas corpus is suspended in that area; 4. That area is placed tinder martial law; 5. That area is declared to be in a state of rebellion; or 6. A state of war is declared in that area. If the prevailing price of any basic necessity is excessive or unreasonable, the implementing agency may recommend to the President the imposition of a price ceiling for the sale of the basic necessity at a price other than its prevailing price. Unless sooner lifted by the President, price control of basic necessities under this section shall remain effective for the duration of the condition that brought it about, but not for more than sixty (60) days. The terms ""disaster"" and ""calamity"" shall include those brought about by natural or man-made causes, whether local or foreign.",Davao City Wholesale Terminal Unloading Schedule Protocol [District 1 (Poblacion/Talomo) - Suburban Residential Zone],SECTION 8. TERMINAL VEHICULAR UNLOADING SCHEDULE. — Wholesale freight vehicles transporting agricultural produce into the Bankerohan and Agdao Public Markets shall conduct heavy cargo discharge operations exclusively between midnight and dawn to minimize central traffic congestion.,,,
GT-036,Executive Issuances & Policy Reorganization,Tier 3: Latent & Paraphrastic,Republic Act No. 7581 (The Price Act),Section 6,"Section 6. Automatic Price Control. – Unless otherwise declared by the President, prices of basic necessities in an area shall automatically be frozen at their prevailing prices or placed under automatic price control whenever: 1. That area is proclaimed or declared a disaster area or under a state of calamity; 2. That area is declared under an emergency; 3. The privilege of the writ of habeas corpus is suspended in that area; 4. That area is placed tinder martial law; 5. That area is declared to be in a state of rebellion; or 6. A state of war is declared in that area. If the prevailing price of any basic necessity is excessive or unreasonable, the implementing agency may recommend to the President the imposition of a price ceiling for the sale of the basic necessity at a price other than its prevailing price. Unless sooner lifted by the President, price control of basic necessities under this section shall remain effective for the duration of the condition that brought it about, but not for more than sixty (60) days. The terms ""disaster"" and ""calamity"" shall include those brought about by natural or man-made causes, whether local or foreign.",Draft Davao City Commercial Supply Chain Integrity Measure,"SECTION 5. REGULATION OF EMERGENCY COMMODITY COMMERCE. — To safeguard consumer welfare during riverine flooding emergencies, it shall be unlawful for any wholesale merchant delivering staple food commodities into municipal trading terminals to charge wholesale rates exceeding warehouse acquisition cost plus verified municipal freight surcharge; and any establishment violating this Section shall have its Mayor's Business Permit summarily revoked by the Business Bureau without requiring prior national economic price freeze proclamations by the President.",,,
GT-037,Executive Issuances & Policy Reorganization,Tier 3: Latent & Paraphrastic,Republic Act No. 10121 (Philippine Disaster Risk Reduction and Management Act of 2010),Section 12,"Section 12. Local Disaster Risk Reduction and Management Office (LDRRMO). - (a) There shall be established an LDRRMO in every province, city and municipality, and a Barangay Disaster Risk Reduction and Management Committee (BDRRMC) in every · barangay which shall be responsible for setting the direction, development, implementation and coordination of disaster risk management programs within their territorial jurisdiction. (b) The LDRRMO shall be under the office of the governor, city or municipal mayor, and the punong barangay in case of the BDRRMC. The LDRRMOs shall be initially organized and composed of a DRRMO to be assisted by three (3) staff responsible for: (1) administration and training; (2) research and planning; and (3) operations and warning. The LDRRMOs and the BDRRMCs shall organize, train and directly supervise the local emergency response teams and the ACDVs.",Draft Ordinance Establishing External NGO Calamity Incident Direction,"SECTION 7. EXTERNAL CHARITY INCIDENT COMMAND. — During major monsoon flooding events, operational direction of all city emergency equipment and evacuation shelters shall be automatically transferred to designated private charitable foundations without oversight by municipal civil defense officers.",,,
GT-038,Executive Issuances & Policy Reorganization,Tier 3: Latent & Paraphrastic,Republic Act No. 11032 (Ease of Doing Business and Efficient Government Service Delivery Act of 2018),Section 9(b)(1),"Sec. 9. Accessing Government Services. – The following shall adopted by all government offices and agencies: ""(a) Acceptance of Applications or Requests. – ""(1) All officers or employees shall accept written applications, requests, and/or documents being submitted by applicants or requesting parties of the offices or agencies. ""(2) The receiving officer or employee shall perform a preliminary assessment of the application or request submitted with its supporting documents to ensure a more expeditious action on the application or request. The receiving officer or employee shall immediately inform the applicant or requesting party of any deficiency in the accompanying requirements, which shall be limited to those enumerated in the Citizen’s Charter. ""(3) The receiving officer or employee shall assign a unique identification number to an application or request, which shall be the identifying number for all subsequent transactions between the government and the applicant or requesting party regarding such specific application or request. ""(4) The receiving officer or employee shall issue an acknowledgement receipt containing the seal of the agency, the name of the responsible officer or employee, his/her unit and designation, and the date and time of receipt of such application or request. ""(b) Action of Offices. – ""(1) All applications or requests submitted shall be acted upon by the assigned officer or employee within the prescribed processing time stated in the Citizen’s Charter which shall not be longer than three (3) working days in the case of simple transactions and seven (7) working days in the case of complex transactions from the date the request and/or complete application or request was received. ""For applications or requests involving activities which pose danger to public health, public safety, public morals, public policy, and highly technical application, the prescribed processing time shall in no case be longer than twenty (20) working days or as determined by the government agency or instrumentality concerned, whichever is shorter. ""The maximum time prescribed above may be extended only once for the same number of days, which shall be indicated in the Citizen’s Charter. Prior to the lapse of the processing time, the office or agency concerned shall notify the applicant or requesting party in writing of the reason for the extension and final date of release of the government service/s requested. Such written notification shall be signed by the applicant or requesting party to serve as proof of notice. ""If the application or request for license, clearance permit, certification or authorization shall require the approval of the local Sangguniang Bayan , Sangguniang Panlungsod, or the Sangguniang Panlalawigan as the case may be, the Sanggunian concerned shall be given a period of forty-five (45) working days to act on the application or request, which can be extended for another twenty (20) working days. If the local Sanggunian concerned has denied the application or request, the reason for the denial, as well as the remedial measures that may be taken by the applicant shall be cited by the concerned Sanggunian. ""In cases where the cause of delay is due to force majeure or natural or man-made disasters, which result to damage or destruction of documents, and/or system failure of the computerized or automatic processing, the prescribed processing times mandated in this Act shall be suspended and appropriate adjustments shall be made. """,Draft Ordinance Regulating Municipal Commercial Assessment Reviews,"SECTION 9. INTER-DEPARTMENTAL RE-EVALUATION PROCEDURES. — The Business Bureau shall withhold the final issuance of commercial regulatory certificates until all field enforcement divisions complete unannounced joint ocular inspections of the commercial premises, during which open-ended period statutory processing timeframes remain administratively stayed.",,,
GT-039,Executive Issuances & Policy Reorganization,Tier 3: Latent & Paraphrastic,Republic Act No. 7581 (The Price Act),Section 6,"Section 6. Automatic Price Control. – Unless otherwise declared by the President, prices of basic necessities in an area shall automatically be frozen at their prevailing prices or placed under automatic price control whenever: 1. That area is proclaimed or declared a disaster area or under a state of calamity; 2. That area is declared under an emergency; 3. The privilege of the writ of habeas corpus is suspended in that area; 4. That area is placed tinder martial law; 5. That area is declared to be in a state of rebellion; or 6. A state of war is declared in that area. If the prevailing price of any basic necessity is excessive or unreasonable, the implementing agency may recommend to the President the imposition of a price ceiling for the sale of the basic necessity at a price other than its prevailing price. Unless sooner lifted by the President, price control of basic necessities under this section shall remain effective for the duration of the condition that brought it about, but not for more than sixty (60) days. The terms ""disaster"" and ""calamity"" shall include those brought about by natural or man-made causes, whether local or foreign.",Draft Davao City Commercial Supply Chain Integrity Measure [District 1 (Poblacion/Talomo) - Agricultural Buffer],"SECTION 5. REGULATION OF EMERGENCY COMMODITY COMMERCE. — To safeguard consumer welfare during riverine flooding emergencies, it shall be unlawful for any wholesale merchant delivering staple food commodities into municipal trading terminals to charge wholesale rates exceeding warehouse acquisition cost plus verified municipal freight surcharge; and any establishment violating this Section shall have its Mayor's Business Permit summarily revoked by the Business Bureau without requiring prior national economic price freeze proclamations by the President.",,,
GT-040,Executive Issuances & Policy Reorganization,Tier 3: Latent & Paraphrastic,Republic Act No. 10121 (Philippine Disaster Risk Reduction and Management Act of 2010),Section 12,"Section 12. Local Disaster Risk Reduction and Management Office (LDRRMO). - (a) There shall be established an LDRRMO in every province, city and municipality, and a Barangay Disaster Risk Reduction and Management Committee (BDRRMC) in every · barangay which shall be responsible for setting the direction, development, implementation and coordination of disaster risk management programs within their territorial jurisdiction. (b) The LDRRMO shall be under the office of the governor, city or municipal mayor, and the punong barangay in case of the BDRRMC. The LDRRMOs shall be initially organized and composed of a DRRMO to be assisted by three (3) staff responsible for: (1) administration and training; (2) research and planning; and (3) operations and warning. The LDRRMOs and the BDRRMCs shall organize, train and directly supervise the local emergency response teams and the ACDVs.",Draft Ordinance Establishing External NGO Calamity Incident Direction [District 2 (Buhangin/Bunawan/Agdao) - Eco-Tourism Coastal Zone],"SECTION 7. EXTERNAL CHARITY INCIDENT COMMAND. — During major monsoon flooding events, operational direction of all city emergency equipment and evacuation shelters shall be automatically transferred to designated private charitable foundations without oversight by municipal civil defense officers.",,,
GT-041,Executive Issuances & Policy Reorganization,Tier 3: Latent & Paraphrastic,Republic Act No. 7581 (The Price Act),Section 6,"Section 6. Automatic Price Control. – Unless otherwise declared by the President, prices of basic necessities in an area shall automatically be frozen at their prevailing prices or placed under automatic price control whenever: 1. That area is proclaimed or declared a disaster area or under a state of calamity; 2. That area is declared under an emergency; 3. The privilege of the writ of habeas corpus is suspended in that area; 4. That area is placed tinder martial law; 5. That area is declared to be in a state of rebellion; or 6. A state of war is declared in that area. If the prevailing price of any basic necessity is excessive or unreasonable, the implementing agency may recommend to the President the imposition of a price ceiling for the sale of the basic necessity at a price other than its prevailing price. Unless sooner lifted by the President, price control of basic necessities under this section shall remain effective for the duration of the condition that brought it about, but not for more than sixty (60) days. The terms ""disaster"" and ""calamity"" shall include those brought about by natural or man-made causes, whether local or foreign.",Davao City Emergency Consumer Sustenance Monitoring Protocol,"SECTION 4. DISASTER PRICE BASING INSPECTIONS. — The City Economic Enterprise Office shall deploy market inspectors to commercial food depots following severe typhoons, ensuring that basic retail sustenance commodities remain at pre-emergency cost baselines without unauthorized local merchant markups.",,,
GT-042,Executive Issuances & Policy Reorganization,Tier 3: Latent & Paraphrastic,Republic Act No. 10121 (Philippine Disaster Risk Reduction and Management Act of 2010),Section 12,"Section 12. Local Disaster Risk Reduction and Management Office (LDRRMO). - (a) There shall be established an LDRRMO in every province, city and municipality, and a Barangay Disaster Risk Reduction and Management Committee (BDRRMC) in every · barangay which shall be responsible for setting the direction, development, implementation and coordination of disaster risk management programs within their territorial jurisdiction. (b) The LDRRMO shall be under the office of the governor, city or municipal mayor, and the punong barangay in case of the BDRRMC. The LDRRMOs shall be initially organized and composed of a DRRMO to be assisted by three (3) staff responsible for: (1) administration and training; (2) research and planning; and (3) operations and warning. The LDRRMOs and the BDRRMCs shall organize, train and directly supervise the local emergency response teams and the ACDVs.",Davao City Integrated Emergency Warning Network Protocol,SECTION 3. METROPOLITAN WARNING DISPATCH INTEGRATION. — The City Disaster Risk Reduction and Management Office shall maintain round-the-clock emergency telemetry and severe weather monitoring systems to provide timely pre-evacuation notices to riverbank settlements.,,,
GT-043,Executive Issuances & Policy Reorganization,Tier 3: Latent & Paraphrastic,Republic Act No. 11032 (Ease of Doing Business and Efficient Government Service Delivery Act of 2018),Section 9(b)(1),"Sec. 9. Accessing Government Services. – The following shall adopted by all government offices and agencies: ""(a) Acceptance of Applications or Requests. – ""(1) All officers or employees shall accept written applications, requests, and/or documents being submitted by applicants or requesting parties of the offices or agencies. ""(2) The receiving officer or employee shall perform a preliminary assessment of the application or request submitted with its supporting documents to ensure a more expeditious action on the application or request. The receiving officer or employee shall immediately inform the applicant or requesting party of any deficiency in the accompanying requirements, which shall be limited to those enumerated in the Citizen’s Charter. ""(3) The receiving officer or employee shall assign a unique identification number to an application or request, which shall be the identifying number for all subsequent transactions between the government and the applicant or requesting party regarding such specific application or request. ""(4) The receiving officer or employee shall issue an acknowledgement receipt containing the seal of the agency, the name of the responsible officer or employee, his/her unit and designation, and the date and time of receipt of such application or request. ""(b) Action of Offices. – ""(1) All applications or requests submitted shall be acted upon by the assigned officer or employee within the prescribed processing time stated in the Citizen’s Charter which shall not be longer than three (3) working days in the case of simple transactions and seven (7) working days in the case of complex transactions from the date the request and/or complete application or request was received. ""For applications or requests involving activities which pose danger to public health, public safety, public morals, public policy, and highly technical application, the prescribed processing time shall in no case be longer than twenty (20) working days or as determined by the government agency or instrumentality concerned, whichever is shorter. ""The maximum time prescribed above may be extended only once for the same number of days, which shall be indicated in the Citizen’s Charter. Prior to the lapse of the processing time, the office or agency concerned shall notify the applicant or requesting party in writing of the reason for the extension and final date of release of the government service/s requested. Such written notification shall be signed by the applicant or requesting party to serve as proof of notice. ""If the application or request for license, clearance permit, certification or authorization shall require the approval of the local Sangguniang Bayan , Sangguniang Panlungsod, or the Sangguniang Panlalawigan as the case may be, the Sanggunian concerned shall be given a period of forty-five (45) working days to act on the application or request, which can be extended for another twenty (20) working days. If the local Sanggunian concerned has denied the application or request, the reason for the denial, as well as the remedial measures that may be taken by the applicant shall be cited by the concerned Sanggunian. ""In cases where the cause of delay is due to force majeure or natural or man-made disasters, which result to damage or destruction of documents, and/or system failure of the computerized or automatic processing, the prescribed processing times mandated in this Act shall be suspended and appropriate adjustments shall be made. """,Davao City Electronic Regulatory Clearance Efficiency Protocol,"SECTION 7. EXPEDITED COMMERCIAL CLEARANCE WORKFLOW. — The Business Bureau shall process routine trade permit filings through automated validation queues, providing immediate digital clearance to non-hazardous commercial enterprises without arbitrary bureaucratic postponement.",,,
GT-044,Executive Issuances & Policy Reorganization,Tier 3: Latent & Paraphrastic,Republic Act No. 7581 (The Price Act),Section 6,"Section 6. Automatic Price Control. – Unless otherwise declared by the President, prices of basic necessities in an area shall automatically be frozen at their prevailing prices or placed under automatic price control whenever: 1. That area is proclaimed or declared a disaster area or under a state of calamity; 2. That area is declared under an emergency; 3. The privilege of the writ of habeas corpus is suspended in that area; 4. That area is placed tinder martial law; 5. That area is declared to be in a state of rebellion; or 6. A state of war is declared in that area. If the prevailing price of any basic necessity is excessive or unreasonable, the implementing agency may recommend to the President the imposition of a price ceiling for the sale of the basic necessity at a price other than its prevailing price. Unless sooner lifted by the President, price control of basic necessities under this section shall remain effective for the duration of the condition that brought it about, but not for more than sixty (60) days. The terms ""disaster"" and ""calamity"" shall include those brought about by natural or man-made causes, whether local or foreign.",Davao City Emergency Consumer Sustenance Monitoring Protocol [District 1 (Poblacion/Talomo) - Agricultural Buffer],"SECTION 4. DISASTER PRICE BASING INSPECTIONS. — The City Economic Enterprise Office shall deploy market inspectors to commercial food depots following severe typhoons, ensuring that basic retail sustenance commodities remain at pre-emergency cost baselines without unauthorized local merchant markups.",,,
GT-045,Executive Issuances & Policy Reorganization,Tier 3: Latent & Paraphrastic,Republic Act No. 10121 (Philippine Disaster Risk Reduction and Management Act of 2010),Section 12,"Section 12. Local Disaster Risk Reduction and Management Office (LDRRMO). - (a) There shall be established an LDRRMO in every province, city and municipality, and a Barangay Disaster Risk Reduction and Management Committee (BDRRMC) in every · barangay which shall be responsible for setting the direction, development, implementation and coordination of disaster risk management programs within their territorial jurisdiction. (b) The LDRRMO shall be under the office of the governor, city or municipal mayor, and the punong barangay in case of the BDRRMC. The LDRRMOs shall be initially organized and composed of a DRRMO to be assisted by three (3) staff responsible for: (1) administration and training; (2) research and planning; and (3) operations and warning. The LDRRMOs and the BDRRMCs shall organize, train and directly supervise the local emergency response teams and the ACDVs.",Davao City Integrated Emergency Warning Network Protocol [District 2 (Buhangin/Bunawan/Agdao) - Eco-Tourism Coastal Zone],SECTION 3. METROPOLITAN WARNING DISPATCH INTEGRATION. — The City Disaster Risk Reduction and Management Office shall maintain round-the-clock emergency telemetry and severe weather monitoring systems to provide timely pre-evacuation notices to riverbank settlements.,,,
GT-046,Executive Issuances & Policy Reorganization,Tier 3: Latent & Paraphrastic,Republic Act No. 7581 (The Price Act),Section 6,"Section 6. Automatic Price Control. – Unless otherwise declared by the President, prices of basic necessities in an area shall automatically be frozen at their prevailing prices or placed under automatic price control whenever: 1. That area is proclaimed or declared a disaster area or under a state of calamity; 2. That area is declared under an emergency; 3. The privilege of the writ of habeas corpus is suspended in that area; 4. That area is placed tinder martial law; 5. That area is declared to be in a state of rebellion; or 6. A state of war is declared in that area. If the prevailing price of any basic necessity is excessive or unreasonable, the implementing agency may recommend to the President the imposition of a price ceiling for the sale of the basic necessity at a price other than its prevailing price. Unless sooner lifted by the President, price control of basic necessities under this section shall remain effective for the duration of the condition that brought it about, but not for more than sixty (60) days. The terms ""disaster"" and ""calamity"" shall include those brought about by natural or man-made causes, whether local or foreign.",Davao City Public Market Stall Architectural Standardization Ordinance,SECTION 4. STALL ARCHITECTURAL SPECIFICATIONS. — Permanent concessionaires operating meat and produce stalls within city public markets shall construct display counters using food-grade stainless steel surfaces and maintain unobstructed drainage gutters within their assigned leased perimeters.,,,
GT-047,Executive Issuances & Policy Reorganization,Tier 3: Latent & Paraphrastic,Republic Act No. 10121 (Philippine Disaster Risk Reduction and Management Act of 2010),Section 12,"Section 12. Local Disaster Risk Reduction and Management Office (LDRRMO). - (a) There shall be established an LDRRMO in every province, city and municipality, and a Barangay Disaster Risk Reduction and Management Committee (BDRRMC) in every · barangay which shall be responsible for setting the direction, development, implementation and coordination of disaster risk management programs within their territorial jurisdiction. (b) The LDRRMO shall be under the office of the governor, city or municipal mayor, and the punong barangay in case of the BDRRMC. The LDRRMOs shall be initially organized and composed of a DRRMO to be assisted by three (3) staff responsible for: (1) administration and training; (2) research and planning; and (3) operations and warning. The LDRRMOs and the BDRRMCs shall organize, train and directly supervise the local emergency response teams and the ACDVs.",Davao City Public School Grounds Soil Drainage Specification,SECTION 6. ATHLETIC FIELD DRAINAGE CONSTRUCTION. — Municipal elementary school sports grounds shall incorporate subterranean gravel drainage grids to prevent stagnant storm water accumulation during wet season athletic events.,,,
GT-048,Executive Issuances & Policy Reorganization,Tier 3: Latent & Paraphrastic,Republic Act No. 11032 (Ease of Doing Business and Efficient Government Service Delivery Act of 2018),Section 9(b)(1),"Sec. 9. Accessing Government Services. – The following shall adopted by all government offices and agencies: ""(a) Acceptance of Applications or Requests. – ""(1) All officers or employees shall accept written applications, requests, and/or documents being submitted by applicants or requesting parties of the offices or agencies. ""(2) The receiving officer or employee shall perform a preliminary assessment of the application or request submitted with its supporting documents to ensure a more expeditious action on the application or request. The receiving officer or employee shall immediately inform the applicant or requesting party of any deficiency in the accompanying requirements, which shall be limited to those enumerated in the Citizen’s Charter. ""(3) The receiving officer or employee shall assign a unique identification number to an application or request, which shall be the identifying number for all subsequent transactions between the government and the applicant or requesting party regarding such specific application or request. ""(4) The receiving officer or employee shall issue an acknowledgement receipt containing the seal of the agency, the name of the responsible officer or employee, his/her unit and designation, and the date and time of receipt of such application or request. ""(b) Action of Offices. – ""(1) All applications or requests submitted shall be acted upon by the assigned officer or employee within the prescribed processing time stated in the Citizen’s Charter which shall not be longer than three (3) working days in the case of simple transactions and seven (7) working days in the case of complex transactions from the date the request and/or complete application or request was received. ""For applications or requests involving activities which pose danger to public health, public safety, public morals, public policy, and highly technical application, the prescribed processing time shall in no case be longer than twenty (20) working days or as determined by the government agency or instrumentality concerned, whichever is shorter. ""The maximum time prescribed above may be extended only once for the same number of days, which shall be indicated in the Citizen’s Charter. Prior to the lapse of the processing time, the office or agency concerned shall notify the applicant or requesting party in writing of the reason for the extension and final date of release of the government service/s requested. Such written notification shall be signed by the applicant or requesting party to serve as proof of notice. ""If the application or request for license, clearance permit, certification or authorization shall require the approval of the local Sangguniang Bayan , Sangguniang Panlungsod, or the Sangguniang Panlalawigan as the case may be, the Sanggunian concerned shall be given a period of forty-five (45) working days to act on the application or request, which can be extended for another twenty (20) working days. If the local Sanggunian concerned has denied the application or request, the reason for the denial, as well as the remedial measures that may be taken by the applicant shall be cited by the concerned Sanggunian. ""In cases where the cause of delay is due to force majeure or natural or man-made disasters, which result to damage or destruction of documents, and/or system failure of the computerized or automatic processing, the prescribed processing times mandated in this Act shall be suspended and appropriate adjustments shall be made. """,Davao City Municipal Document Paper Weight Specifications,SECTION 5. ADMINISTRATIVE PAPER SPECIFICATIONS. — Official city council committee reports and legislative drafts shall be printed exclusively on acid-free bond paper to guarantee long-term physical document preservation.,,,
GT-049,Executive Issuances & Policy Reorganization,Tier 3: Latent & Paraphrastic,Republic Act No. 7581 (The Price Act),Section 6,"Section 6. Automatic Price Control. – Unless otherwise declared by the President, prices of basic necessities in an area shall automatically be frozen at their prevailing prices or placed under automatic price control whenever: 1. That area is proclaimed or declared a disaster area or under a state of calamity; 2. That area is declared under an emergency; 3. The privilege of the writ of habeas corpus is suspended in that area; 4. That area is placed tinder martial law; 5. That area is declared to be in a state of rebellion; or 6. A state of war is declared in that area. If the prevailing price of any basic necessity is excessive or unreasonable, the implementing agency may recommend to the President the imposition of a price ceiling for the sale of the basic necessity at a price other than its prevailing price. Unless sooner lifted by the President, price control of basic necessities under this section shall remain effective for the duration of the condition that brought it about, but not for more than sixty (60) days. The terms ""disaster"" and ""calamity"" shall include those brought about by natural or man-made causes, whether local or foreign.",Davao City Public Market Stall Architectural Standardization Ordinance [District 1 (Poblacion/Talomo) - Agricultural Buffer],SECTION 4. STALL ARCHITECTURAL SPECIFICATIONS. — Permanent concessionaires operating meat and produce stalls within city public markets shall construct display counters using food-grade stainless steel surfaces and maintain unobstructed drainage gutters within their assigned leased perimeters.,,,
GT-050,Executive Issuances & Policy Reorganization,Tier 3: Latent & Paraphrastic,Republic Act No. 10121 (Philippine Disaster Risk Reduction and Management Act of 2010),Section 12,"Section 12. Local Disaster Risk Reduction and Management Office (LDRRMO). - (a) There shall be established an LDRRMO in every province, city and municipality, and a Barangay Disaster Risk Reduction and Management Committee (BDRRMC) in every · barangay which shall be responsible for setting the direction, development, implementation and coordination of disaster risk management programs within their territorial jurisdiction. (b) The LDRRMO shall be under the office of the governor, city or municipal mayor, and the punong barangay in case of the BDRRMC. The LDRRMOs shall be initially organized and composed of a DRRMO to be assisted by three (3) staff responsible for: (1) administration and training; (2) research and planning; and (3) operations and warning. The LDRRMOs and the BDRRMCs shall organize, train and directly supervise the local emergency response teams and the ACDVs.",Davao City Public School Grounds Soil Drainage Specification [District 2 (Buhangin/Bunawan/Agdao) - Eco-Tourism Coastal Zone],SECTION 6. ATHLETIC FIELD DRAINAGE CONSTRUCTION. — Municipal elementary school sports grounds shall incorporate subterranean gravel drainage grids to prevent stagnant storm water accumulation during wet season athletic events.,,,
GT-051,Education & Academic Institutions,Tier 1: Surface & Quantitative,Republic Act No. 10931 (Universal Access to Quality Tertiary Education Act),Section 4,"Section 4. Free Higher Education in SUCs and LUCs. - All Filipino students who are either cirrently enrolled at the time of the effectivityof this Act, or shall enroll at any time thereafter, in courses in pursuance of a bachelor's degree, certificate degree, o any comparable undergraduate degree in other school fees for units enrolled in: Provided, That they pass the entrance examination and other admission and rentention requirements of the SUCs and LUCs: Provided. Further, That all SUCs and LUCs shall create a mechanism to enable students with the financial capacity to pay for their education in the SUC and LUC to voluntarily opt out of the tuition and other school fees subsidy or make a contribution to the school. SUCs and LUCs must report the tuition payments and contributions collected from these students to the CHED: Provided, finally, That the amount required to implement the free tuition and other school fees in SUCs and LUCs shall be determined by the respective governing boards of SUCs and LUCs based on the projected number of enrollees for each academic years, which shall be the primary factor in computing the annual proposed budget of SUCs and, in the case of LUCs, the CHED for such purpose. This shall in turn serve as the baseline during the preparation of the annual National Expenditure Program (NEP) by the Department of Budget and Management (DBM).",Draft City College of Davao Cost Recovery and Matriculation Measure,"SECTION 6. IMPOSITION OF SEMESTRAL LABORATORY FEES. — To fund laboratory equipment upgrades, the City College of Davao shall collect a mandatory technological laboratory fee of Two Thousand Five Hundred Pesos (PHP 2,500.00) per semester from all enrolled undergraduate students.",,,
GT-052,Education & Academic Institutions,Tier 1: Surface & Quantitative,Republic Act No. 9165 (Comprehensive Dangerous Drugs Act of 2002),Section 36(c),"Section 36. Authorized Drug Testing. – Authorized drug testing shall be done by any government forensic laboratories or by any of the drug testing laboratories accredited and monitored by the DOH to safeguard the quality of test results. The DOH shall take steps in setting the price of the drug test with DOH accredited drug testing centers to further reduce the cost of such drug test. The drug testing shall employ, among others, two (2) testing methods, the screening test which will determine the positive result as well as the type of the drug used and the confirmatory test which will confirm a positive screening test. Drug test certificates issued by accredited drug testing centers shall be valid for a one-year period from the date of issue which may be used for other purposes. The following shall be subjected to undergo drug testing: (a) Applicants for driver's license. – No driver's license shall be issued or renewed to any person unless he/she presents a certification that he/she has undergone a mandatory drug test and indicating thereon that he/she is free from the use of dangerous drugs; (b) Applicants for firearm's license and for permit to carry firearms outside of residence. – All applicants for firearm's license and permit to carry firearms outside of residence shall undergo a mandatory drug test to ensure that they are free from the use of dangerous drugs: Provided , That all persons who by the nature of their profession carry firearms shall undergo drug testing; (c) Students of secondary and tertiary schools. – Students of secondary and tertiary schools shall, pursuant to the related rules and regulations as contained in the school's student handbook and with notice to the parents, undergo a random drug testing: Provided , That all drug testing expenses whether in public or private schools under this Section will be borne by the government;",Draft Davao City Mandatory Student Substance Screening Measure,"SECTION 4. MANDATORY STUDENT DRUG TESTING PRIOR TO ENROLLMENT. — All secondary and tertiary students seeking enrollment in educational institutions situated within Davao City shall undergo compulsory universal drug screening, presenting certified negative drug test results as a mandatory condition for academic enrollment.",,,
GT-053,Education & Academic Institutions,Tier 1: Surface & Quantitative,Republic Act No. 11314 (Student Fare Discount Act),Section 5,"Section 5. Student Fare Discount Privilege. -A student under this Act shall be entitled to a grant of twenty percent (20%) discount on domestic regular fares, upon personal presentation of their duly issued school identification cards (IDs) or current validated enrollment form, supported by the prescribed government-issued identification document, subject to an appropriate verification mechanism to be provided in the implementing rules and regulations (IRR): Provided, That in the case of air public transportation utilities, the discount shall only apply to the base fare or the price of the ticket before taxes and costs for ancillary services.",Draft Davao City Public Transport Local Fare Restructuring Measure,SECTION 6. STUDENT FARE REDUCTION ADJUSTMENT. — Public utility jeepney and motorized tricycle operators in Davao City shall grant enrolled students a reduced fare discount of ten percent (10%) off the regular approved passenger fare rate.,,,
GT-054,Education & Academic Institutions,Tier 1: Surface & Quantitative,Republic Act No. 10931 (Universal Access to Quality Tertiary Education Act),Section 4,"Section 4. Free Higher Education in SUCs and LUCs. - All Filipino students who are either cirrently enrolled at the time of the effectivityof this Act, or shall enroll at any time thereafter, in courses in pursuance of a bachelor's degree, certificate degree, o any comparable undergraduate degree in other school fees for units enrolled in: Provided, That they pass the entrance examination and other admission and rentention requirements of the SUCs and LUCs: Provided. Further, That all SUCs and LUCs shall create a mechanism to enable students with the financial capacity to pay for their education in the SUC and LUC to voluntarily opt out of the tuition and other school fees subsidy or make a contribution to the school. SUCs and LUCs must report the tuition payments and contributions collected from these students to the CHED: Provided, finally, That the amount required to implement the free tuition and other school fees in SUCs and LUCs shall be determined by the respective governing boards of SUCs and LUCs based on the projected number of enrollees for each academic years, which shall be the primary factor in computing the annual proposed budget of SUCs and, in the case of LUCs, the CHED for such purpose. This shall in turn serve as the baseline during the preparation of the annual National Expenditure Program (NEP) by the Department of Budget and Management (DBM).",Draft City College of Davao Cost Recovery and Matriculation Measure [District 1 (Poblacion/Talomo) - Agricultural Buffer],"SECTION 6. IMPOSITION OF SEMESTRAL LABORATORY FEES. — To fund laboratory equipment upgrades, the City College of Davao shall collect a mandatory technological laboratory fee of Two Thousand Five Hundred Pesos (PHP 2,500.00) per semester from all enrolled undergraduate students.",,,
GT-055,Education & Academic Institutions,Tier 1: Surface & Quantitative,Republic Act No. 10931 (Universal Access to Quality Tertiary Education Act),Section 4,"Section 4. Free Higher Education in SUCs and LUCs. - All Filipino students who are either cirrently enrolled at the time of the effectivityof this Act, or shall enroll at any time thereafter, in courses in pursuance of a bachelor's degree, certificate degree, o any comparable undergraduate degree in other school fees for units enrolled in: Provided, That they pass the entrance examination and other admission and rentention requirements of the SUCs and LUCs: Provided. Further, That all SUCs and LUCs shall create a mechanism to enable students with the financial capacity to pay for their education in the SUC and LUC to voluntarily opt out of the tuition and other school fees subsidy or make a contribution to the school. SUCs and LUCs must report the tuition payments and contributions collected from these students to the CHED: Provided, finally, That the amount required to implement the free tuition and other school fees in SUCs and LUCs shall be determined by the respective governing boards of SUCs and LUCs based on the projected number of enrollees for each academic years, which shall be the primary factor in computing the annual proposed budget of SUCs and, in the case of LUCs, the CHED for such purpose. This shall in turn serve as the baseline during the preparation of the annual National Expenditure Program (NEP) by the Department of Budget and Management (DBM).",Davao City Ordinance Institutionalizing the City College of Davao,"SECTION 3. FREE TUITION AND MISCELLANEOUS FEE EXEMPTION. — Pursuant to Section 4 of Republic Act No. 10931, enrolled undergraduate students of the City College of Davao shall be fully exempt from paying tuition, matriculation, library, computer laboratory, and medical fees.",,,
GT-056,Education & Academic Institutions,Tier 1: Surface & Quantitative,Republic Act No. 9165 (Comprehensive Dangerous Drugs Act of 2002),Section 36(c),"Section 36. Authorized Drug Testing. – Authorized drug testing shall be done by any government forensic laboratories or by any of the drug testing laboratories accredited and monitored by the DOH to safeguard the quality of test results. The DOH shall take steps in setting the price of the drug test with DOH accredited drug testing centers to further reduce the cost of such drug test. The drug testing shall employ, among others, two (2) testing methods, the screening test which will determine the positive result as well as the type of the drug used and the confirmatory test which will confirm a positive screening test. Drug test certificates issued by accredited drug testing centers shall be valid for a one-year period from the date of issue which may be used for other purposes. The following shall be subjected to undergo drug testing: (a) Applicants for driver's license. – No driver's license shall be issued or renewed to any person unless he/she presents a certification that he/she has undergone a mandatory drug test and indicating thereon that he/she is free from the use of dangerous drugs; (b) Applicants for firearm's license and for permit to carry firearms outside of residence. – All applicants for firearm's license and permit to carry firearms outside of residence shall undergo a mandatory drug test to ensure that they are free from the use of dangerous drugs: Provided , That all persons who by the nature of their profession carry firearms shall undergo drug testing; (c) Students of secondary and tertiary schools. – Students of secondary and tertiary schools shall, pursuant to the related rules and regulations as contained in the school's student handbook and with notice to the parents, undergo a random drug testing: Provided , That all drug testing expenses whether in public or private schools under this Section will be borne by the government;",Davao City School Substance Prevention and Random Testing Protocol,"SECTION 3. RANDOM STUDENT DRUG SCREENING. — In strict accordance with Section 36(c) of Republic Act No. 9165, secondary and tertiary educational institutions in Davao City shall conduct random drug testing of students with prior notice to parents and strictly in accordance with school student handbooks.",,,
GT-057,Education & Academic Institutions,Tier 1: Surface & Quantitative,Republic Act No. 11314 (Student Fare Discount Act),Section 5,"Section 5. Student Fare Discount Privilege. -A student under this Act shall be entitled to a grant of twenty percent (20%) discount on domestic regular fares, upon personal presentation of their duly issued school identification cards (IDs) or current validated enrollment form, supported by the prescribed government-issued identification document, subject to an appropriate verification mechanism to be provided in the implementing rules and regulations (IRR): Provided, That in the case of air public transportation utilities, the discount shall only apply to the base fare or the price of the ticket before taxes and costs for ancillary services.",Davao City Student Public Transit Fare Protection Ordinance,"SECTION 3. MANDATORY TWENTY PERCENT PASSENGER FARE DISCOUNT. — In accordance with Section 5 of Republic Act No. 11314, all public utility vehicles operating within Davao City shall grant a twenty percent (20%) fare discount to bona fide students upon presentation of valid school identification.",,,
GT-058,Education & Academic Institutions,Tier 1: Surface & Quantitative,Republic Act No. 10931 (Universal Access to Quality Tertiary Education Act),Section 4,"Section 4. Free Higher Education in SUCs and LUCs. - All Filipino students who are either cirrently enrolled at the time of the effectivityof this Act, or shall enroll at any time thereafter, in courses in pursuance of a bachelor's degree, certificate degree, o any comparable undergraduate degree in other school fees for units enrolled in: Provided, That they pass the entrance examination and other admission and rentention requirements of the SUCs and LUCs: Provided. Further, That all SUCs and LUCs shall create a mechanism to enable students with the financial capacity to pay for their education in the SUC and LUC to voluntarily opt out of the tuition and other school fees subsidy or make a contribution to the school. SUCs and LUCs must report the tuition payments and contributions collected from these students to the CHED: Provided, finally, That the amount required to implement the free tuition and other school fees in SUCs and LUCs shall be determined by the respective governing boards of SUCs and LUCs based on the projected number of enrollees for each academic years, which shall be the primary factor in computing the annual proposed budget of SUCs and, in the case of LUCs, the CHED for such purpose. This shall in turn serve as the baseline during the preparation of the annual National Expenditure Program (NEP) by the Department of Budget and Management (DBM).",Davao City Ordinance Institutionalizing the City College of Davao [District 1 (Poblacion/Talomo) - Agricultural Buffer],"SECTION 3. FREE TUITION AND MISCELLANEOUS FEE EXEMPTION. — Pursuant to Section 4 of Republic Act No. 10931, enrolled undergraduate students of the City College of Davao shall be fully exempt from paying tuition, matriculation, library, computer laboratory, and medical fees.",,,
GT-059,Education & Academic Institutions,Tier 1: Surface & Quantitative,Republic Act No. 9165 (Comprehensive Dangerous Drugs Act of 2002),Section 36(c),"Section 36. Authorized Drug Testing. – Authorized drug testing shall be done by any government forensic laboratories or by any of the drug testing laboratories accredited and monitored by the DOH to safeguard the quality of test results. The DOH shall take steps in setting the price of the drug test with DOH accredited drug testing centers to further reduce the cost of such drug test. The drug testing shall employ, among others, two (2) testing methods, the screening test which will determine the positive result as well as the type of the drug used and the confirmatory test which will confirm a positive screening test. Drug test certificates issued by accredited drug testing centers shall be valid for a one-year period from the date of issue which may be used for other purposes. The following shall be subjected to undergo drug testing: (a) Applicants for driver's license. – No driver's license shall be issued or renewed to any person unless he/she presents a certification that he/she has undergone a mandatory drug test and indicating thereon that he/she is free from the use of dangerous drugs; (b) Applicants for firearm's license and for permit to carry firearms outside of residence. – All applicants for firearm's license and permit to carry firearms outside of residence shall undergo a mandatory drug test to ensure that they are free from the use of dangerous drugs: Provided , That all persons who by the nature of their profession carry firearms shall undergo drug testing; (c) Students of secondary and tertiary schools. – Students of secondary and tertiary schools shall, pursuant to the related rules and regulations as contained in the school's student handbook and with notice to the parents, undergo a random drug testing: Provided , That all drug testing expenses whether in public or private schools under this Section will be borne by the government;",Davao City School Substance Prevention and Random Testing Protocol [District 2 (Buhangin/Bunawan/Agdao) - Eco-Tourism Coastal Zone],"SECTION 3. RANDOM STUDENT DRUG SCREENING. — In strict accordance with Section 36(c) of Republic Act No. 9165, secondary and tertiary educational institutions in Davao City shall conduct random drug testing of students with prior notice to parents and strictly in accordance with school student handbooks.",,,
GT-060,Education & Academic Institutions,Tier 1: Surface & Quantitative,Republic Act No. 10931 (Universal Access to Quality Tertiary Education Act),Section 4,"Section 4. Free Higher Education in SUCs and LUCs. - All Filipino students who are either cirrently enrolled at the time of the effectivityof this Act, or shall enroll at any time thereafter, in courses in pursuance of a bachelor's degree, certificate degree, o any comparable undergraduate degree in other school fees for units enrolled in: Provided, That they pass the entrance examination and other admission and rentention requirements of the SUCs and LUCs: Provided. Further, That all SUCs and LUCs shall create a mechanism to enable students with the financial capacity to pay for their education in the SUC and LUC to voluntarily opt out of the tuition and other school fees subsidy or make a contribution to the school. SUCs and LUCs must report the tuition payments and contributions collected from these students to the CHED: Provided, finally, That the amount required to implement the free tuition and other school fees in SUCs and LUCs shall be determined by the respective governing boards of SUCs and LUCs based on the projected number of enrollees for each academic years, which shall be the primary factor in computing the annual proposed budget of SUCs and, in the case of LUCs, the CHED for such purpose. This shall in turn serve as the baseline during the preparation of the annual National Expenditure Program (NEP) by the Department of Budget and Management (DBM).",Davao City Public School Classroom Acoustic Standardization Measure,SECTION 4. CLASSROOM ACOUSTIC CEILINGS. — Municipal elementary school classrooms constructed within urban commercial zones shall feature sound-dampening ceiling panels designed to reduce interior acoustic noise below fifty (50) decibels.,,,
GT-061,Education & Academic Institutions,Tier 1: Surface & Quantitative,Republic Act No. 9165 (Comprehensive Dangerous Drugs Act of 2002),Section 36(c),"Section 36. Authorized Drug Testing. – Authorized drug testing shall be done by any government forensic laboratories or by any of the drug testing laboratories accredited and monitored by the DOH to safeguard the quality of test results. The DOH shall take steps in setting the price of the drug test with DOH accredited drug testing centers to further reduce the cost of such drug test. The drug testing shall employ, among others, two (2) testing methods, the screening test which will determine the positive result as well as the type of the drug used and the confirmatory test which will confirm a positive screening test. Drug test certificates issued by accredited drug testing centers shall be valid for a one-year period from the date of issue which may be used for other purposes. The following shall be subjected to undergo drug testing: (a) Applicants for driver's license. – No driver's license shall be issued or renewed to any person unless he/she presents a certification that he/she has undergone a mandatory drug test and indicating thereon that he/she is free from the use of dangerous drugs; (b) Applicants for firearm's license and for permit to carry firearms outside of residence. – All applicants for firearm's license and permit to carry firearms outside of residence shall undergo a mandatory drug test to ensure that they are free from the use of dangerous drugs: Provided , That all persons who by the nature of their profession carry firearms shall undergo drug testing; (c) Students of secondary and tertiary schools. – Students of secondary and tertiary schools shall, pursuant to the related rules and regulations as contained in the school's student handbook and with notice to the parents, undergo a random drug testing: Provided , That all drug testing expenses whether in public or private schools under this Section will be borne by the government;",Davao City Elementary School Canteen Sugar Content Standard,SECTION 4. CANTEEN BEVERAGE SUGAR RESTRICTIONS. — Concessionaires operating elementary school canteens shall not sell bottled beverages containing more than twenty (20) grams of added refined sugar per serving.,,,
GT-062,Education & Academic Institutions,Tier 1: Surface & Quantitative,Republic Act No. 11314 (Student Fare Discount Act),Section 5,"Section 5. Student Fare Discount Privilege. -A student under this Act shall be entitled to a grant of twenty percent (20%) discount on domestic regular fares, upon personal presentation of their duly issued school identification cards (IDs) or current validated enrollment form, supported by the prescribed government-issued identification document, subject to an appropriate verification mechanism to be provided in the implementing rules and regulations (IRR): Provided, That in the case of air public transportation utilities, the discount shall only apply to the base fare or the price of the ticket before taxes and costs for ancillary services.",Davao City Tricycle Route Tarpaulin Signboard Dimensions,SECTION 4. ROUTE SIGNBOARD SPECIFICATIONS. — Motorized tricycles authorized to operate within designated suburban zones shall mount official route destination boards measuring not less than forty (40) centimeters in width.,,,
GT-063,Education & Academic Institutions,Tier 1: Surface & Quantitative,Republic Act No. 10931 (Universal Access to Quality Tertiary Education Act),Section 4,"Section 4. Free Higher Education in SUCs and LUCs. - All Filipino students who are either cirrently enrolled at the time of the effectivityof this Act, or shall enroll at any time thereafter, in courses in pursuance of a bachelor's degree, certificate degree, o any comparable undergraduate degree in other school fees for units enrolled in: Provided, That they pass the entrance examination and other admission and rentention requirements of the SUCs and LUCs: Provided. Further, That all SUCs and LUCs shall create a mechanism to enable students with the financial capacity to pay for their education in the SUC and LUC to voluntarily opt out of the tuition and other school fees subsidy or make a contribution to the school. SUCs and LUCs must report the tuition payments and contributions collected from these students to the CHED: Provided, finally, That the amount required to implement the free tuition and other school fees in SUCs and LUCs shall be determined by the respective governing boards of SUCs and LUCs based on the projected number of enrollees for each academic years, which shall be the primary factor in computing the annual proposed budget of SUCs and, in the case of LUCs, the CHED for such purpose. This shall in turn serve as the baseline during the preparation of the annual National Expenditure Program (NEP) by the Department of Budget and Management (DBM).",Davao City Public School Classroom Acoustic Standardization Measure [District 1 (Poblacion/Talomo) - Agricultural Buffer],SECTION 4. CLASSROOM ACOUSTIC CEILINGS. — Municipal elementary school classrooms constructed within urban commercial zones shall feature sound-dampening ceiling panels designed to reduce interior acoustic noise below fifty (50) decibels.,,,
GT-064,Education & Academic Institutions,Tier 2: Preemption & Carve-Outs,Republic Act No. 10931 (Universal Access to Quality Tertiary Education Act),Section 4,"Section 4. Free Higher Education in SUCs and LUCs. - All Filipino students who are either cirrently enrolled at the time of the effectivityof this Act, or shall enroll at any time thereafter, in courses in pursuance of a bachelor's degree, certificate degree, o any comparable undergraduate degree in other school fees for units enrolled in: Provided, That they pass the entrance examination and other admission and rentention requirements of the SUCs and LUCs: Provided. Further, That all SUCs and LUCs shall create a mechanism to enable students with the financial capacity to pay for their education in the SUC and LUC to voluntarily opt out of the tuition and other school fees subsidy or make a contribution to the school. SUCs and LUCs must report the tuition payments and contributions collected from these students to the CHED: Provided, finally, That the amount required to implement the free tuition and other school fees in SUCs and LUCs shall be determined by the respective governing boards of SUCs and LUCs based on the projected number of enrollees for each academic years, which shall be the primary factor in computing the annual proposed budget of SUCs and, in the case of LUCs, the CHED for such purpose. This shall in turn serve as the baseline during the preparation of the annual National Expenditure Program (NEP) by the Department of Budget and Management (DBM).",Draft Ordinance Conditioning Tertiary Tuition Exemption on Local Voting Status,"SECTION 4. VOTER REGISTRATION RESTRICTION ON FREE TUITION. — Free higher education benefits at the City College of Davao shall be restricted exclusively to students who present registered voter certifications from Davao City precincts, disqualifying non-voting resident students otherwise eligible under national statute.",,,
GT-065,Education & Academic Institutions,Tier 2: Preemption & Carve-Outs,Republic Act No. 9165 (Comprehensive Dangerous Drugs Act of 2002),Section 36(c),"Section 36. Authorized Drug Testing. – Authorized drug testing shall be done by any government forensic laboratories or by any of the drug testing laboratories accredited and monitored by the DOH to safeguard the quality of test results. The DOH shall take steps in setting the price of the drug test with DOH accredited drug testing centers to further reduce the cost of such drug test. The drug testing shall employ, among others, two (2) testing methods, the screening test which will determine the positive result as well as the type of the drug used and the confirmatory test which will confirm a positive screening test. Drug test certificates issued by accredited drug testing centers shall be valid for a one-year period from the date of issue which may be used for other purposes. The following shall be subjected to undergo drug testing: (a) Applicants for driver's license. – No driver's license shall be issued or renewed to any person unless he/she presents a certification that he/she has undergone a mandatory drug test and indicating thereon that he/she is free from the use of dangerous drugs; (b) Applicants for firearm's license and for permit to carry firearms outside of residence. – All applicants for firearm's license and permit to carry firearms outside of residence shall undergo a mandatory drug test to ensure that they are free from the use of dangerous drugs: Provided , That all persons who by the nature of their profession carry firearms shall undergo drug testing; (c) Students of secondary and tertiary schools. – Students of secondary and tertiary schools shall, pursuant to the related rules and regulations as contained in the school's student handbook and with notice to the parents, undergo a random drug testing: Provided , That all drug testing expenses whether in public or private schools under this Section will be borne by the government;",Draft Ordinance Mandating Summary Expulsion for Positive Drug Screening,SECTION 7. SUMMARY ACADEMIC EXPULSION. — Any high school or college student within Davao City who tests positive in an initial drug screening examination shall be summarily expelled from the academic institution without requiring confirmatory laboratory testing or parental intervention.,,,
GT-066,Education & Academic Institutions,Tier 2: Preemption & Carve-Outs,Republic Act No. 11314 (Student Fare Discount Act),Section 5,"Section 5. Student Fare Discount Privilege. -A student under this Act shall be entitled to a grant of twenty percent (20%) discount on domestic regular fares, upon personal presentation of their duly issued school identification cards (IDs) or current validated enrollment form, supported by the prescribed government-issued identification document, subject to an appropriate verification mechanism to be provided in the implementing rules and regulations (IRR): Provided, That in the case of air public transportation utilities, the discount shall only apply to the base fare or the price of the ticket before taxes and costs for ancillary services.",Draft Ordinance Suspending Student Fare Discounts During School Recesses,"SECTION 8. SUSPENSION OF FARE DISCOUNTS DURING VACATIONS. — The twenty percent student passenger fare discount shall be suspended across all public conveyances in Davao City during summer vacations, semestral breaks, and statutory public holidays.",,,
GT-067,Education & Academic Institutions,Tier 2: Preemption & Carve-Outs,Republic Act No. 10931 (Universal Access to Quality Tertiary Education Act),Section 4,"Section 4. Free Higher Education in SUCs and LUCs. - All Filipino students who are either cirrently enrolled at the time of the effectivityof this Act, or shall enroll at any time thereafter, in courses in pursuance of a bachelor's degree, certificate degree, o any comparable undergraduate degree in other school fees for units enrolled in: Provided, That they pass the entrance examination and other admission and rentention requirements of the SUCs and LUCs: Provided. Further, That all SUCs and LUCs shall create a mechanism to enable students with the financial capacity to pay for their education in the SUC and LUC to voluntarily opt out of the tuition and other school fees subsidy or make a contribution to the school. SUCs and LUCs must report the tuition payments and contributions collected from these students to the CHED: Provided, finally, That the amount required to implement the free tuition and other school fees in SUCs and LUCs shall be determined by the respective governing boards of SUCs and LUCs based on the projected number of enrollees for each academic years, which shall be the primary factor in computing the annual proposed budget of SUCs and, in the case of LUCs, the CHED for such purpose. This shall in turn serve as the baseline during the preparation of the annual National Expenditure Program (NEP) by the Department of Budget and Management (DBM).",Draft Ordinance Conditioning Tertiary Tuition Exemption on Local Voting Status [District 1 (Poblacion/Talomo) - Agricultural Buffer],"SECTION 4. VOTER REGISTRATION RESTRICTION ON FREE TUITION. — Free higher education benefits at the City College of Davao shall be restricted exclusively to students who present registered voter certifications from Davao City precincts, disqualifying non-voting resident students otherwise eligible under national statute.",,,
GT-068,Education & Academic Institutions,Tier 2: Preemption & Carve-Outs,Republic Act No. 9165 (Comprehensive Dangerous Drugs Act of 2002),Section 36(c),"Section 36. Authorized Drug Testing. – Authorized drug testing shall be done by any government forensic laboratories or by any of the drug testing laboratories accredited and monitored by the DOH to safeguard the quality of test results. The DOH shall take steps in setting the price of the drug test with DOH accredited drug testing centers to further reduce the cost of such drug test. The drug testing shall employ, among others, two (2) testing methods, the screening test which will determine the positive result as well as the type of the drug used and the confirmatory test which will confirm a positive screening test. Drug test certificates issued by accredited drug testing centers shall be valid for a one-year period from the date of issue which may be used for other purposes. The following shall be subjected to undergo drug testing: (a) Applicants for driver's license. – No driver's license shall be issued or renewed to any person unless he/she presents a certification that he/she has undergone a mandatory drug test and indicating thereon that he/she is free from the use of dangerous drugs; (b) Applicants for firearm's license and for permit to carry firearms outside of residence. – All applicants for firearm's license and permit to carry firearms outside of residence shall undergo a mandatory drug test to ensure that they are free from the use of dangerous drugs: Provided , That all persons who by the nature of their profession carry firearms shall undergo drug testing; (c) Students of secondary and tertiary schools. – Students of secondary and tertiary schools shall, pursuant to the related rules and regulations as contained in the school's student handbook and with notice to the parents, undergo a random drug testing: Provided , That all drug testing expenses whether in public or private schools under this Section will be borne by the government;",Draft Ordinance Mandating Summary Expulsion for Positive Drug Screening [District 2 (Buhangin/Bunawan/Agdao) - Eco-Tourism Coastal Zone],SECTION 7. SUMMARY ACADEMIC EXPULSION. — Any high school or college student within Davao City who tests positive in an initial drug screening examination shall be summarily expelled from the academic institution without requiring confirmatory laboratory testing or parental intervention.,,,
GT-069,Education & Academic Institutions,Tier 2: Preemption & Carve-Outs,Republic Act No. 11314 (Student Fare Discount Act),Section 5,"Section 5. Student Fare Discount Privilege. -A student under this Act shall be entitled to a grant of twenty percent (20%) discount on domestic regular fares, upon personal presentation of their duly issued school identification cards (IDs) or current validated enrollment form, supported by the prescribed government-issued identification document, subject to an appropriate verification mechanism to be provided in the implementing rules and regulations (IRR): Provided, That in the case of air public transportation utilities, the discount shall only apply to the base fare or the price of the ticket before taxes and costs for ancillary services.",Draft Ordinance Suspending Student Fare Discounts During School Recesses [District 3 (Toril/Calinan/Baguio/Marilog) - Commercial Central Core],"SECTION 8. SUSPENSION OF FARE DISCOUNTS DURING VACATIONS. — The twenty percent student passenger fare discount shall be suspended across all public conveyances in Davao City during summer vacations, semestral breaks, and statutory public holidays.",,,
GT-070,Education & Academic Institutions,Tier 2: Preemption & Carve-Outs,Republic Act No. 10931 (Universal Access to Quality Tertiary Education Act),Section 4,"Section 4. Free Higher Education in SUCs and LUCs. - All Filipino students who are either cirrently enrolled at the time of the effectivityof this Act, or shall enroll at any time thereafter, in courses in pursuance of a bachelor's degree, certificate degree, o any comparable undergraduate degree in other school fees for units enrolled in: Provided, That they pass the entrance examination and other admission and rentention requirements of the SUCs and LUCs: Provided. Further, That all SUCs and LUCs shall create a mechanism to enable students with the financial capacity to pay for their education in the SUC and LUC to voluntarily opt out of the tuition and other school fees subsidy or make a contribution to the school. SUCs and LUCs must report the tuition payments and contributions collected from these students to the CHED: Provided, finally, That the amount required to implement the free tuition and other school fees in SUCs and LUCs shall be determined by the respective governing boards of SUCs and LUCs based on the projected number of enrollees for each academic years, which shall be the primary factor in computing the annual proposed budget of SUCs and, in the case of LUCs, the CHED for such purpose. This shall in turn serve as the baseline during the preparation of the annual National Expenditure Program (NEP) by the Department of Budget and Management (DBM).",City College of Davao Student Admission and Enrollment Charter,"SECTION 5. ENROLLMENT GUIDELINES. — The Board of Trustees of the City College of Davao shall enforce admission standards consistent with Commission on Higher Education (CHED) policies, honoring statutory free tuition privileges for all qualified students.",,,
