Pair_ID,Macro_Domain,Difficulty_Tier,National_Statute_Title,Exact_Section_Citation,National_Statutory_Text,Ordinance_Context_Title,Ordinance_Hypothesis_Text,Annotator_Decision (Select: Entailment | Contradiction | Neutral),Annotator_Confidence (1-5),Annotator_Notes_Rationale
GT-071,Education & Academic Institutions,Tier 2: Preemption & Carve-Outs,Republic Act No. 9165 (Comprehensive Dangerous Drugs Act of 2002),Section 36(c),"Section 36. Authorized Drug Testing. – Authorized drug testing shall be done by any government forensic laboratories or by any of the drug testing laboratories accredited and monitored by the DOH to safeguard the quality of test results. The DOH shall take steps in setting the price of the drug test with DOH accredited drug testing centers to further reduce the cost of such drug test. The drug testing shall employ, among others, two (2) testing methods, the screening test which will determine the positive result as well as the type of the drug used and the confirmatory test which will confirm a positive screening test. Drug test certificates issued by accredited drug testing centers shall be valid for a one-year period from the date of issue which may be used for other purposes. The following shall be subjected to undergo drug testing: (a) Applicants for driver's license. – No driver's license shall be issued or renewed to any person unless he/she presents a certification that he/she has undergone a mandatory drug test and indicating thereon that he/she is free from the use of dangerous drugs; (b) Applicants for firearm's license and for permit to carry firearms outside of residence. – All applicants for firearm's license and permit to carry firearms outside of residence shall undergo a mandatory drug test to ensure that they are free from the use of dangerous drugs: Provided , That all persons who by the nature of their profession carry firearms shall undergo drug testing; (c) Students of secondary and tertiary schools. – Students of secondary and tertiary schools shall, pursuant to the related rules and regulations as contained in the school's student handbook and with notice to the parents, undergo a random drug testing: Provided , That all drug testing expenses whether in public or private schools under this Section will be borne by the government;",Davao City Student Health Protection and Confidential Rehabilitation Protocol,"SECTION 6. CONFIDENTIALITY OF REHABILITATION RECORDS. — Positive drug screening results obtained during school random testing protocols shall remain strictly confidential, treated as medical records to guide therapeutic intervention without entry into police records.",,,
GT-072,Education & Academic Institutions,Tier 2: Preemption & Carve-Outs,Republic Act No. 11314 (Student Fare Discount Act),Section 5,"Section 5. Student Fare Discount Privilege. -A student under this Act shall be entitled to a grant of twenty percent (20%) discount on domestic regular fares, upon personal presentation of their duly issued school identification cards (IDs) or current validated enrollment form, supported by the prescribed government-issued identification document, subject to an appropriate verification mechanism to be provided in the implementing rules and regulations (IRR): Provided, That in the case of air public transportation utilities, the discount shall only apply to the base fare or the price of the ticket before taxes and costs for ancillary services.",Davao City Transport Fare Complaint Investigation Protocol,"SECTION 5. ENFORCEMENT ACROSS ALL CALENDAR DAYS. — The City Transport and Traffic Management Office (CTTMO) shall enforce student fare discounts continuously across all days of the year, including weekends, semestral breaks, and national holidays.",,,
GT-073,Education & Academic Institutions,Tier 2: Preemption & Carve-Outs,Republic Act No. 10931 (Universal Access to Quality Tertiary Education Act),Section 4,"Section 4. Free Higher Education in SUCs and LUCs. - All Filipino students who are either cirrently enrolled at the time of the effectivityof this Act, or shall enroll at any time thereafter, in courses in pursuance of a bachelor's degree, certificate degree, o any comparable undergraduate degree in other school fees for units enrolled in: Provided, That they pass the entrance examination and other admission and rentention requirements of the SUCs and LUCs: Provided. Further, That all SUCs and LUCs shall create a mechanism to enable students with the financial capacity to pay for their education in the SUC and LUC to voluntarily opt out of the tuition and other school fees subsidy or make a contribution to the school. SUCs and LUCs must report the tuition payments and contributions collected from these students to the CHED: Provided, finally, That the amount required to implement the free tuition and other school fees in SUCs and LUCs shall be determined by the respective governing boards of SUCs and LUCs based on the projected number of enrollees for each academic years, which shall be the primary factor in computing the annual proposed budget of SUCs and, in the case of LUCs, the CHED for such purpose. This shall in turn serve as the baseline during the preparation of the annual National Expenditure Program (NEP) by the Department of Budget and Management (DBM).",City College of Davao Student Admission and Enrollment Charter [District 1 (Poblacion/Talomo) - Agricultural Buffer],"SECTION 5. ENROLLMENT GUIDELINES. — The Board of Trustees of the City College of Davao shall enforce admission standards consistent with Commission on Higher Education (CHED) policies, honoring statutory free tuition privileges for all qualified students.",,,
GT-074,Education & Academic Institutions,Tier 2: Preemption & Carve-Outs,Republic Act No. 9165 (Comprehensive Dangerous Drugs Act of 2002),Section 36(c),"Section 36. Authorized Drug Testing. – Authorized drug testing shall be done by any government forensic laboratories or by any of the drug testing laboratories accredited and monitored by the DOH to safeguard the quality of test results. The DOH shall take steps in setting the price of the drug test with DOH accredited drug testing centers to further reduce the cost of such drug test. The drug testing shall employ, among others, two (2) testing methods, the screening test which will determine the positive result as well as the type of the drug used and the confirmatory test which will confirm a positive screening test. Drug test certificates issued by accredited drug testing centers shall be valid for a one-year period from the date of issue which may be used for other purposes. The following shall be subjected to undergo drug testing: (a) Applicants for driver's license. – No driver's license shall be issued or renewed to any person unless he/she presents a certification that he/she has undergone a mandatory drug test and indicating thereon that he/she is free from the use of dangerous drugs; (b) Applicants for firearm's license and for permit to carry firearms outside of residence. – All applicants for firearm's license and permit to carry firearms outside of residence shall undergo a mandatory drug test to ensure that they are free from the use of dangerous drugs: Provided , That all persons who by the nature of their profession carry firearms shall undergo drug testing; (c) Students of secondary and tertiary schools. – Students of secondary and tertiary schools shall, pursuant to the related rules and regulations as contained in the school's student handbook and with notice to the parents, undergo a random drug testing: Provided , That all drug testing expenses whether in public or private schools under this Section will be borne by the government;",Davao City Student Health Protection and Confidential Rehabilitation Protocol [District 2 (Buhangin/Bunawan/Agdao) - Eco-Tourism Coastal Zone],"SECTION 6. CONFIDENTIALITY OF REHABILITATION RECORDS. — Positive drug screening results obtained during school random testing protocols shall remain strictly confidential, treated as medical records to guide therapeutic intervention without entry into police records.",,,
GT-075,Education & Academic Institutions,Tier 2: Preemption & Carve-Outs,Republic Act No. 11314 (Student Fare Discount Act),Section 5,"Section 5. Student Fare Discount Privilege. -A student under this Act shall be entitled to a grant of twenty percent (20%) discount on domestic regular fares, upon personal presentation of their duly issued school identification cards (IDs) or current validated enrollment form, supported by the prescribed government-issued identification document, subject to an appropriate verification mechanism to be provided in the implementing rules and regulations (IRR): Provided, That in the case of air public transportation utilities, the discount shall only apply to the base fare or the price of the ticket before taxes and costs for ancillary services.",Davao City Transport Fare Complaint Investigation Protocol [District 3 (Toril/Calinan/Baguio/Marilog) - Commercial Central Core],"SECTION 5. ENFORCEMENT ACROSS ALL CALENDAR DAYS. — The City Transport and Traffic Management Office (CTTMO) shall enforce student fare discounts continuously across all days of the year, including weekends, semestral breaks, and national holidays.",,,
GT-076,Education & Academic Institutions,Tier 2: Preemption & Carve-Outs,Republic Act No. 10931 (Universal Access to Quality Tertiary Education Act),Section 4,"Section 4. Free Higher Education in SUCs and LUCs. - All Filipino students who are either cirrently enrolled at the time of the effectivityof this Act, or shall enroll at any time thereafter, in courses in pursuance of a bachelor's degree, certificate degree, o any comparable undergraduate degree in other school fees for units enrolled in: Provided, That they pass the entrance examination and other admission and rentention requirements of the SUCs and LUCs: Provided. Further, That all SUCs and LUCs shall create a mechanism to enable students with the financial capacity to pay for their education in the SUC and LUC to voluntarily opt out of the tuition and other school fees subsidy or make a contribution to the school. SUCs and LUCs must report the tuition payments and contributions collected from these students to the CHED: Provided, finally, That the amount required to implement the free tuition and other school fees in SUCs and LUCs shall be determined by the respective governing boards of SUCs and LUCs based on the projected number of enrollees for each academic years, which shall be the primary factor in computing the annual proposed budget of SUCs and, in the case of LUCs, the CHED for such purpose. This shall in turn serve as the baseline during the preparation of the annual National Expenditure Program (NEP) by the Department of Budget and Management (DBM).",City College of Davao Student Admission and Enrollment Charter [District 1 (Poblacion/Talomo) - Suburban Residential Zone],"SECTION 5. ENROLLMENT GUIDELINES. — The Board of Trustees of the City College of Davao shall enforce admission standards consistent with Commission on Higher Education (CHED) policies, honoring statutory free tuition privileges for all qualified students.",,,
GT-077,Education & Academic Institutions,Tier 2: Preemption & Carve-Outs,Republic Act No. 10931 (Universal Access to Quality Tertiary Education Act),Section 4,"Section 4. Free Higher Education in SUCs and LUCs. - All Filipino students who are either cirrently enrolled at the time of the effectivityof this Act, or shall enroll at any time thereafter, in courses in pursuance of a bachelor's degree, certificate degree, o any comparable undergraduate degree in other school fees for units enrolled in: Provided, That they pass the entrance examination and other admission and rentention requirements of the SUCs and LUCs: Provided. Further, That all SUCs and LUCs shall create a mechanism to enable students with the financial capacity to pay for their education in the SUC and LUC to voluntarily opt out of the tuition and other school fees subsidy or make a contribution to the school. SUCs and LUCs must report the tuition payments and contributions collected from these students to the CHED: Provided, finally, That the amount required to implement the free tuition and other school fees in SUCs and LUCs shall be determined by the respective governing boards of SUCs and LUCs based on the projected number of enrollees for each academic years, which shall be the primary factor in computing the annual proposed budget of SUCs and, in the case of LUCs, the CHED for such purpose. This shall in turn serve as the baseline during the preparation of the annual National Expenditure Program (NEP) by the Department of Budget and Management (DBM).",Davao City Public School Bus Parking and Staging Area Protocol,SECTION 6. SCHOOL BUS PARKING ZONES. — School transport buses serving public secondary schools shall park exclusively inside designated school campus parking loops during morning student drop-off hours.,,,
GT-078,Education & Academic Institutions,Tier 2: Preemption & Carve-Outs,Republic Act No. 9165 (Comprehensive Dangerous Drugs Act of 2002),Section 36(c),"Section 36. Authorized Drug Testing. – Authorized drug testing shall be done by any government forensic laboratories or by any of the drug testing laboratories accredited and monitored by the DOH to safeguard the quality of test results. The DOH shall take steps in setting the price of the drug test with DOH accredited drug testing centers to further reduce the cost of such drug test. The drug testing shall employ, among others, two (2) testing methods, the screening test which will determine the positive result as well as the type of the drug used and the confirmatory test which will confirm a positive screening test. Drug test certificates issued by accredited drug testing centers shall be valid for a one-year period from the date of issue which may be used for other purposes. The following shall be subjected to undergo drug testing: (a) Applicants for driver's license. – No driver's license shall be issued or renewed to any person unless he/she presents a certification that he/she has undergone a mandatory drug test and indicating thereon that he/she is free from the use of dangerous drugs; (b) Applicants for firearm's license and for permit to carry firearms outside of residence. – All applicants for firearm's license and permit to carry firearms outside of residence shall undergo a mandatory drug test to ensure that they are free from the use of dangerous drugs: Provided , That all persons who by the nature of their profession carry firearms shall undergo drug testing; (c) Students of secondary and tertiary schools. – Students of secondary and tertiary schools shall, pursuant to the related rules and regulations as contained in the school's student handbook and with notice to the parents, undergo a random drug testing: Provided , That all drug testing expenses whether in public or private schools under this Section will be borne by the government;",Davao City School Crossing Guard Equipment Directive,SECTION 5. CROSSING GUARD HIGH-VISIBILITY VESTS. — Municipal traffic marshals assigned to school pedestrian crosswalks shall wear high-visibility reflective safety vests during peak student arrival hours.,,,
GT-079,Education & Academic Institutions,Tier 2: Preemption & Carve-Outs,Republic Act No. 11314 (Student Fare Discount Act),Section 5,"Section 5. Student Fare Discount Privilege. -A student under this Act shall be entitled to a grant of twenty percent (20%) discount on domestic regular fares, upon personal presentation of their duly issued school identification cards (IDs) or current validated enrollment form, supported by the prescribed government-issued identification document, subject to an appropriate verification mechanism to be provided in the implementing rules and regulations (IRR): Provided, That in the case of air public transportation utilities, the discount shall only apply to the base fare or the price of the ticket before taxes and costs for ancillary services.",Davao City Transport Terminal Lost Property Inventory Protocol,SECTION 6. LOST PROPERTY CUSTODY. — Transport terminal dispatchers who recover unattended baggage inside public passenger waiting lounges shall log the items within the terminal lost-and-found ledger.,,,
GT-080,Education & Academic Institutions,Tier 2: Preemption & Carve-Outs,Republic Act No. 10931 (Universal Access to Quality Tertiary Education Act),Section 4,"Section 4. Free Higher Education in SUCs and LUCs. - All Filipino students who are either cirrently enrolled at the time of the effectivityof this Act, or shall enroll at any time thereafter, in courses in pursuance of a bachelor's degree, certificate degree, o any comparable undergraduate degree in other school fees for units enrolled in: Provided, That they pass the entrance examination and other admission and rentention requirements of the SUCs and LUCs: Provided. Further, That all SUCs and LUCs shall create a mechanism to enable students with the financial capacity to pay for their education in the SUC and LUC to voluntarily opt out of the tuition and other school fees subsidy or make a contribution to the school. SUCs and LUCs must report the tuition payments and contributions collected from these students to the CHED: Provided, finally, That the amount required to implement the free tuition and other school fees in SUCs and LUCs shall be determined by the respective governing boards of SUCs and LUCs based on the projected number of enrollees for each academic years, which shall be the primary factor in computing the annual proposed budget of SUCs and, in the case of LUCs, the CHED for such purpose. This shall in turn serve as the baseline during the preparation of the annual National Expenditure Program (NEP) by the Department of Budget and Management (DBM).",Davao City Public School Bus Parking and Staging Area Protocol [District 1 (Poblacion/Talomo) - Agricultural Buffer],SECTION 6. SCHOOL BUS PARKING ZONES. — School transport buses serving public secondary schools shall park exclusively inside designated school campus parking loops during morning student drop-off hours.,,,
GT-081,Education & Academic Institutions,Tier 2: Preemption & Carve-Outs,Republic Act No. 9165 (Comprehensive Dangerous Drugs Act of 2002),Section 36(c),"Section 36. Authorized Drug Testing. – Authorized drug testing shall be done by any government forensic laboratories or by any of the drug testing laboratories accredited and monitored by the DOH to safeguard the quality of test results. The DOH shall take steps in setting the price of the drug test with DOH accredited drug testing centers to further reduce the cost of such drug test. The drug testing shall employ, among others, two (2) testing methods, the screening test which will determine the positive result as well as the type of the drug used and the confirmatory test which will confirm a positive screening test. Drug test certificates issued by accredited drug testing centers shall be valid for a one-year period from the date of issue which may be used for other purposes. The following shall be subjected to undergo drug testing: (a) Applicants for driver's license. – No driver's license shall be issued or renewed to any person unless he/she presents a certification that he/she has undergone a mandatory drug test and indicating thereon that he/she is free from the use of dangerous drugs; (b) Applicants for firearm's license and for permit to carry firearms outside of residence. – All applicants for firearm's license and permit to carry firearms outside of residence shall undergo a mandatory drug test to ensure that they are free from the use of dangerous drugs: Provided , That all persons who by the nature of their profession carry firearms shall undergo drug testing; (c) Students of secondary and tertiary schools. – Students of secondary and tertiary schools shall, pursuant to the related rules and regulations as contained in the school's student handbook and with notice to the parents, undergo a random drug testing: Provided , That all drug testing expenses whether in public or private schools under this Section will be borne by the government;",Davao City School Crossing Guard Equipment Directive [District 2 (Buhangin/Bunawan/Agdao) - Eco-Tourism Coastal Zone],SECTION 5. CROSSING GUARD HIGH-VISIBILITY VESTS. — Municipal traffic marshals assigned to school pedestrian crosswalks shall wear high-visibility reflective safety vests during peak student arrival hours.,,,
GT-082,Education & Academic Institutions,Tier 2: Preemption & Carve-Outs,Republic Act No. 11314 (Student Fare Discount Act),Section 5,"Section 5. Student Fare Discount Privilege. -A student under this Act shall be entitled to a grant of twenty percent (20%) discount on domestic regular fares, upon personal presentation of their duly issued school identification cards (IDs) or current validated enrollment form, supported by the prescribed government-issued identification document, subject to an appropriate verification mechanism to be provided in the implementing rules and regulations (IRR): Provided, That in the case of air public transportation utilities, the discount shall only apply to the base fare or the price of the ticket before taxes and costs for ancillary services.",Davao City Transport Terminal Lost Property Inventory Protocol [District 3 (Toril/Calinan/Baguio/Marilog) - Commercial Central Core],SECTION 6. LOST PROPERTY CUSTODY. — Transport terminal dispatchers who recover unattended baggage inside public passenger waiting lounges shall log the items within the terminal lost-and-found ledger.,,,
GT-083,Education & Academic Institutions,Tier 3: Latent & Paraphrastic,Republic Act No. 10931 (Universal Access to Quality Tertiary Education Act),Section 4,"Section 4. Free Higher Education in SUCs and LUCs. - All Filipino students who are either cirrently enrolled at the time of the effectivityof this Act, or shall enroll at any time thereafter, in courses in pursuance of a bachelor's degree, certificate degree, o any comparable undergraduate degree in other school fees for units enrolled in: Provided, That they pass the entrance examination and other admission and rentention requirements of the SUCs and LUCs: Provided. Further, That all SUCs and LUCs shall create a mechanism to enable students with the financial capacity to pay for their education in the SUC and LUC to voluntarily opt out of the tuition and other school fees subsidy or make a contribution to the school. SUCs and LUCs must report the tuition payments and contributions collected from these students to the CHED: Provided, finally, That the amount required to implement the free tuition and other school fees in SUCs and LUCs shall be determined by the respective governing boards of SUCs and LUCs based on the projected number of enrollees for each academic years, which shall be the primary factor in computing the annual proposed budget of SUCs and, in the case of LUCs, the CHED for such purpose. This shall in turn serve as the baseline during the preparation of the annual National Expenditure Program (NEP) by the Department of Budget and Management (DBM).",Draft City College of Davao Academic Development Cost-Sharing Scheme,SECTION 8. MANDATORY CAMPUS CO-DEVELOPMENT CONTRIBUTIONS. — All undergraduate students attending the local college shall remit a recurring physical campus maintenance contribution prior to semester class admission to sustain facility air-conditioning and institutional power utility operations.,,,
GT-084,Education & Academic Institutions,Tier 3: Latent & Paraphrastic,Republic Act No. 9165 (Comprehensive Dangerous Drugs Act of 2002),Section 36(c),"Section 36. Authorized Drug Testing. – Authorized drug testing shall be done by any government forensic laboratories or by any of the drug testing laboratories accredited and monitored by the DOH to safeguard the quality of test results. The DOH shall take steps in setting the price of the drug test with DOH accredited drug testing centers to further reduce the cost of such drug test. The drug testing shall employ, among others, two (2) testing methods, the screening test which will determine the positive result as well as the type of the drug used and the confirmatory test which will confirm a positive screening test. Drug test certificates issued by accredited drug testing centers shall be valid for a one-year period from the date of issue which may be used for other purposes. The following shall be subjected to undergo drug testing: (a) Applicants for driver's license. – No driver's license shall be issued or renewed to any person unless he/she presents a certification that he/she has undergone a mandatory drug test and indicating thereon that he/she is free from the use of dangerous drugs; (b) Applicants for firearm's license and for permit to carry firearms outside of residence. – All applicants for firearm's license and permit to carry firearms outside of residence shall undergo a mandatory drug test to ensure that they are free from the use of dangerous drugs: Provided , That all persons who by the nature of their profession carry firearms shall undergo drug testing; (c) Students of secondary and tertiary schools. – Students of secondary and tertiary schools shall, pursuant to the related rules and regulations as contained in the school's student handbook and with notice to the parents, undergo a random drug testing: Provided , That all drug testing expenses whether in public or private schools under this Section will be borne by the government;",Draft Ordinance Establishing Campus Police Drug Inspection Brigades,"SECTION 5. POLICE-DIRECTED CAMPUS TOXICOLOGICAL TESTING. — Local law enforcement officers from the Davao City Police Office are authorized to enter school classrooms at unannounced intervals to administer chemical toxicology testing to students selected at police discretion, retaining testing logs for criminal intelligence files.",,,
GT-085,Education & Academic Institutions,Tier 3: Latent & Paraphrastic,Republic Act No. 11314 (Student Fare Discount Act),Section 5,"Section 5. Student Fare Discount Privilege. -A student under this Act shall be entitled to a grant of twenty percent (20%) discount on domestic regular fares, upon personal presentation of their duly issued school identification cards (IDs) or current validated enrollment form, supported by the prescribed government-issued identification document, subject to an appropriate verification mechanism to be provided in the implementing rules and regulations (IRR): Provided, That in the case of air public transportation utilities, the discount shall only apply to the base fare or the price of the ticket before taxes and costs for ancillary services.",Draft Davao City Transport Operator Revenue Protection Measure,SECTION 4. DISCRETIONARY COMMUTER DISCOUNTS. — Public utility vehicle drivers shall possess full administrative discretion to withhold passenger fare discounts from student commuters during peak traffic congestion periods to preserve route transport profitability.,,,
GT-086,Education & Academic Institutions,Tier 3: Latent & Paraphrastic,Republic Act No. 10931 (Universal Access to Quality Tertiary Education Act),Section 4,"Section 4. Free Higher Education in SUCs and LUCs. - All Filipino students who are either cirrently enrolled at the time of the effectivityof this Act, or shall enroll at any time thereafter, in courses in pursuance of a bachelor's degree, certificate degree, o any comparable undergraduate degree in other school fees for units enrolled in: Provided, That they pass the entrance examination and other admission and rentention requirements of the SUCs and LUCs: Provided. Further, That all SUCs and LUCs shall create a mechanism to enable students with the financial capacity to pay for their education in the SUC and LUC to voluntarily opt out of the tuition and other school fees subsidy or make a contribution to the school. SUCs and LUCs must report the tuition payments and contributions collected from these students to the CHED: Provided, finally, That the amount required to implement the free tuition and other school fees in SUCs and LUCs shall be determined by the respective governing boards of SUCs and LUCs based on the projected number of enrollees for each academic years, which shall be the primary factor in computing the annual proposed budget of SUCs and, in the case of LUCs, the CHED for such purpose. This shall in turn serve as the baseline during the preparation of the annual National Expenditure Program (NEP) by the Department of Budget and Management (DBM).",Draft City College of Davao Academic Development Cost-Sharing Scheme [District 1 (Poblacion/Talomo) - Agricultural Buffer],SECTION 8. MANDATORY CAMPUS CO-DEVELOPMENT CONTRIBUTIONS. — All undergraduate students attending the local college shall remit a recurring physical campus maintenance contribution prior to semester class admission to sustain facility air-conditioning and institutional power utility operations.,,,
GT-087,Education & Academic Institutions,Tier 3: Latent & Paraphrastic,Republic Act No. 10931 (Universal Access to Quality Tertiary Education Act),Section 4,"Section 4. Free Higher Education in SUCs and LUCs. - All Filipino students who are either cirrently enrolled at the time of the effectivityof this Act, or shall enroll at any time thereafter, in courses in pursuance of a bachelor's degree, certificate degree, o any comparable undergraduate degree in other school fees for units enrolled in: Provided, That they pass the entrance examination and other admission and rentention requirements of the SUCs and LUCs: Provided. Further, That all SUCs and LUCs shall create a mechanism to enable students with the financial capacity to pay for their education in the SUC and LUC to voluntarily opt out of the tuition and other school fees subsidy or make a contribution to the school. SUCs and LUCs must report the tuition payments and contributions collected from these students to the CHED: Provided, finally, That the amount required to implement the free tuition and other school fees in SUCs and LUCs shall be determined by the respective governing boards of SUCs and LUCs based on the projected number of enrollees for each academic years, which shall be the primary factor in computing the annual proposed budget of SUCs and, in the case of LUCs, the CHED for such purpose. This shall in turn serve as the baseline during the preparation of the annual National Expenditure Program (NEP) by the Department of Budget and Management (DBM).",Davao City Tertiary Education Accessibility Support Protocol,"SECTION 7. INSTITUTIONAL SUBSIDIZATION OF UNDERGRADUATE EDUCATION. — The City Government of Davao shall allocate municipal appropriations to cover instructional expenditures for students matriculated at the municipal tertiary college, guaranteeing open access to undergraduate credentials.",,,
GT-088,Education & Academic Institutions,Tier 3: Latent & Paraphrastic,Republic Act No. 9165 (Comprehensive Dangerous Drugs Act of 2002),Section 36(c),"Section 36. Authorized Drug Testing. – Authorized drug testing shall be done by any government forensic laboratories or by any of the drug testing laboratories accredited and monitored by the DOH to safeguard the quality of test results. The DOH shall take steps in setting the price of the drug test with DOH accredited drug testing centers to further reduce the cost of such drug test. The drug testing shall employ, among others, two (2) testing methods, the screening test which will determine the positive result as well as the type of the drug used and the confirmatory test which will confirm a positive screening test. Drug test certificates issued by accredited drug testing centers shall be valid for a one-year period from the date of issue which may be used for other purposes. The following shall be subjected to undergo drug testing: (a) Applicants for driver's license. – No driver's license shall be issued or renewed to any person unless he/she presents a certification that he/she has undergone a mandatory drug test and indicating thereon that he/she is free from the use of dangerous drugs; (b) Applicants for firearm's license and for permit to carry firearms outside of residence. – All applicants for firearm's license and permit to carry firearms outside of residence shall undergo a mandatory drug test to ensure that they are free from the use of dangerous drugs: Provided , That all persons who by the nature of their profession carry firearms shall undergo drug testing; (c) Students of secondary and tertiary schools. – Students of secondary and tertiary schools shall, pursuant to the related rules and regulations as contained in the school's student handbook and with notice to the parents, undergo a random drug testing: Provided , That all drug testing expenses whether in public or private schools under this Section will be borne by the government;",Davao City Youth Wellness and Guidance Counseling Protocol,SECTION 4. CAMPUS WELLNESS COUNSELING INTERVENTION. — Academic institutions shall utilize certified adolescent health counselors to guide students identified through substance screening toward community rehabilitation resources without academic forfeiture.,,,
GT-089,Education & Academic Institutions,Tier 3: Latent & Paraphrastic,Republic Act No. 11314 (Student Fare Discount Act),Section 5,"Section 5. Student Fare Discount Privilege. -A student under this Act shall be entitled to a grant of twenty percent (20%) discount on domestic regular fares, upon personal presentation of their duly issued school identification cards (IDs) or current validated enrollment form, supported by the prescribed government-issued identification document, subject to an appropriate verification mechanism to be provided in the implementing rules and regulations (IRR): Provided, That in the case of air public transportation utilities, the discount shall only apply to the base fare or the price of the ticket before taxes and costs for ancillary services.",Davao City Student Commuter Welfare and Protection Protocol,SECTION 7. COMMUTER PRIVILEGE COMPLIANCE MONITORING. — Traffic marshals shall monitor passenger transit queues to guarantee that registered learners presenting valid institutional credentials receive statutory transit rate reductions without driver refusal.,,,
GT-090,Education & Academic Institutions,Tier 3: Latent & Paraphrastic,Republic Act No. 10931 (Universal Access to Quality Tertiary Education Act),Section 4,"Section 4. Free Higher Education in SUCs and LUCs. - All Filipino students who are either cirrently enrolled at the time of the effectivityof this Act, or shall enroll at any time thereafter, in courses in pursuance of a bachelor's degree, certificate degree, o any comparable undergraduate degree in other school fees for units enrolled in: Provided, That they pass the entrance examination and other admission and rentention requirements of the SUCs and LUCs: Provided. Further, That all SUCs and LUCs shall create a mechanism to enable students with the financial capacity to pay for their education in the SUC and LUC to voluntarily opt out of the tuition and other school fees subsidy or make a contribution to the school. SUCs and LUCs must report the tuition payments and contributions collected from these students to the CHED: Provided, finally, That the amount required to implement the free tuition and other school fees in SUCs and LUCs shall be determined by the respective governing boards of SUCs and LUCs based on the projected number of enrollees for each academic years, which shall be the primary factor in computing the annual proposed budget of SUCs and, in the case of LUCs, the CHED for such purpose. This shall in turn serve as the baseline during the preparation of the annual National Expenditure Program (NEP) by the Department of Budget and Management (DBM).",Davao City Tertiary Education Accessibility Support Protocol [District 1 (Poblacion/Talomo) - Agricultural Buffer],"SECTION 7. INSTITUTIONAL SUBSIDIZATION OF UNDERGRADUATE EDUCATION. — The City Government of Davao shall allocate municipal appropriations to cover instructional expenditures for students matriculated at the municipal tertiary college, guaranteeing open access to undergraduate credentials.",,,
GT-091,Education & Academic Institutions,Tier 3: Latent & Paraphrastic,Republic Act No. 9165 (Comprehensive Dangerous Drugs Act of 2002),Section 36(c),"Section 36. Authorized Drug Testing. – Authorized drug testing shall be done by any government forensic laboratories or by any of the drug testing laboratories accredited and monitored by the DOH to safeguard the quality of test results. The DOH shall take steps in setting the price of the drug test with DOH accredited drug testing centers to further reduce the cost of such drug test. The drug testing shall employ, among others, two (2) testing methods, the screening test which will determine the positive result as well as the type of the drug used and the confirmatory test which will confirm a positive screening test. Drug test certificates issued by accredited drug testing centers shall be valid for a one-year period from the date of issue which may be used for other purposes. The following shall be subjected to undergo drug testing: (a) Applicants for driver's license. – No driver's license shall be issued or renewed to any person unless he/she presents a certification that he/she has undergone a mandatory drug test and indicating thereon that he/she is free from the use of dangerous drugs; (b) Applicants for firearm's license and for permit to carry firearms outside of residence. – All applicants for firearm's license and permit to carry firearms outside of residence shall undergo a mandatory drug test to ensure that they are free from the use of dangerous drugs: Provided , That all persons who by the nature of their profession carry firearms shall undergo drug testing; (c) Students of secondary and tertiary schools. – Students of secondary and tertiary schools shall, pursuant to the related rules and regulations as contained in the school's student handbook and with notice to the parents, undergo a random drug testing: Provided , That all drug testing expenses whether in public or private schools under this Section will be borne by the government;",Davao City Youth Wellness and Guidance Counseling Protocol [District 2 (Buhangin/Bunawan/Agdao) - Eco-Tourism Coastal Zone],SECTION 4. CAMPUS WELLNESS COUNSELING INTERVENTION. — Academic institutions shall utilize certified adolescent health counselors to guide students identified through substance screening toward community rehabilitation resources without academic forfeiture.,,,
GT-092,Education & Academic Institutions,Tier 3: Latent & Paraphrastic,Republic Act No. 10931 (Universal Access to Quality Tertiary Education Act),Section 4,"Section 4. Free Higher Education in SUCs and LUCs. - All Filipino students who are either cirrently enrolled at the time of the effectivityof this Act, or shall enroll at any time thereafter, in courses in pursuance of a bachelor's degree, certificate degree, o any comparable undergraduate degree in other school fees for units enrolled in: Provided, That they pass the entrance examination and other admission and rentention requirements of the SUCs and LUCs: Provided. Further, That all SUCs and LUCs shall create a mechanism to enable students with the financial capacity to pay for their education in the SUC and LUC to voluntarily opt out of the tuition and other school fees subsidy or make a contribution to the school. SUCs and LUCs must report the tuition payments and contributions collected from these students to the CHED: Provided, finally, That the amount required to implement the free tuition and other school fees in SUCs and LUCs shall be determined by the respective governing boards of SUCs and LUCs based on the projected number of enrollees for each academic years, which shall be the primary factor in computing the annual proposed budget of SUCs and, in the case of LUCs, the CHED for such purpose. This shall in turn serve as the baseline during the preparation of the annual National Expenditure Program (NEP) by the Department of Budget and Management (DBM).",Davao City School Textbook Storage Humidity Control Standard,SECTION 5. LIBRARY BOOK PRESERVATION. — Municipal public school libraries shall install dehumidification appliances in book archival annexes to protect printed instructional textbooks from tropical humidity damage.,,,
GT-093,Education & Academic Institutions,Tier 3: Latent & Paraphrastic,Republic Act No. 9165 (Comprehensive Dangerous Drugs Act of 2002),Section 36(c),"Section 36. Authorized Drug Testing. – Authorized drug testing shall be done by any government forensic laboratories or by any of the drug testing laboratories accredited and monitored by the DOH to safeguard the quality of test results. The DOH shall take steps in setting the price of the drug test with DOH accredited drug testing centers to further reduce the cost of such drug test. The drug testing shall employ, among others, two (2) testing methods, the screening test which will determine the positive result as well as the type of the drug used and the confirmatory test which will confirm a positive screening test. Drug test certificates issued by accredited drug testing centers shall be valid for a one-year period from the date of issue which may be used for other purposes. The following shall be subjected to undergo drug testing: (a) Applicants for driver's license. – No driver's license shall be issued or renewed to any person unless he/she presents a certification that he/she has undergone a mandatory drug test and indicating thereon that he/she is free from the use of dangerous drugs; (b) Applicants for firearm's license and for permit to carry firearms outside of residence. – All applicants for firearm's license and permit to carry firearms outside of residence shall undergo a mandatory drug test to ensure that they are free from the use of dangerous drugs: Provided , That all persons who by the nature of their profession carry firearms shall undergo drug testing; (c) Students of secondary and tertiary schools. – Students of secondary and tertiary schools shall, pursuant to the related rules and regulations as contained in the school's student handbook and with notice to the parents, undergo a random drug testing: Provided , That all drug testing expenses whether in public or private schools under this Section will be borne by the government;",Davao City Public Classroom Blackboard Surface Maintenance Standard,SECTION 3. CHALKBOARD SLATE RE-SURFACING. — Municipal school administrators shall re-coat classroom chalkboards with non-reflective matte slate paint annually to reduce visual ocular glare for attending pupils.,,,
GT-094,Education & Academic Institutions,Tier 3: Latent & Paraphrastic,Republic Act No. 11314 (Student Fare Discount Act),Section 5,"Section 5. Student Fare Discount Privilege. -A student under this Act shall be entitled to a grant of twenty percent (20%) discount on domestic regular fares, upon personal presentation of their duly issued school identification cards (IDs) or current validated enrollment form, supported by the prescribed government-issued identification document, subject to an appropriate verification mechanism to be provided in the implementing rules and regulations (IRR): Provided, That in the case of air public transportation utilities, the discount shall only apply to the base fare or the price of the ticket before taxes and costs for ancillary services.",Davao City Public Transit Passenger Shelter Upholstery Specification,SECTION 5. PASSENGER BENCH MATERIALS. — Waiting shed benches constructed at designated public passenger bus stops shall utilize weather-resistant composite fiberglass to endure tropical outdoor exposure.,,,
GT-095,Education & Academic Institutions,Tier 3: Latent & Paraphrastic,Republic Act No. 10931 (Universal Access to Quality Tertiary Education Act),Section 4,"Section 4. Free Higher Education in SUCs and LUCs. - All Filipino students who are either cirrently enrolled at the time of the effectivityof this Act, or shall enroll at any time thereafter, in courses in pursuance of a bachelor's degree, certificate degree, o any comparable undergraduate degree in other school fees for units enrolled in: Provided, That they pass the entrance examination and other admission and rentention requirements of the SUCs and LUCs: Provided. Further, That all SUCs and LUCs shall create a mechanism to enable students with the financial capacity to pay for their education in the SUC and LUC to voluntarily opt out of the tuition and other school fees subsidy or make a contribution to the school. SUCs and LUCs must report the tuition payments and contributions collected from these students to the CHED: Provided, finally, That the amount required to implement the free tuition and other school fees in SUCs and LUCs shall be determined by the respective governing boards of SUCs and LUCs based on the projected number of enrollees for each academic years, which shall be the primary factor in computing the annual proposed budget of SUCs and, in the case of LUCs, the CHED for such purpose. This shall in turn serve as the baseline during the preparation of the annual National Expenditure Program (NEP) by the Department of Budget and Management (DBM).",Davao City School Textbook Storage Humidity Control Standard [District 1 (Poblacion/Talomo) - Agricultural Buffer],SECTION 5. LIBRARY BOOK PRESERVATION. — Municipal public school libraries shall install dehumidification appliances in book archival annexes to protect printed instructional textbooks from tropical humidity damage.,,,
GT-096,Local Government & Territorial Boundaries,Tier 1: Surface & Quantitative,Republic Act No. 7160 (The Local Government Code of 1991),Section 458(a)(1)(iii),"Section 458. Powers, Duties, Functions and Compensation. (a) The sangguniang panlungsod, as the legislative body of the city, shall enact ordinances, approve resolutions and appropriate funds for the general welfare of the city and its inhabitants pursuant to Section 16 of this Code and in the proper exercise of the corporate powers of the city as provided for under Section 22 of this Code, and shall: (1) Approve ordinances and pass resolutions necessary for an efficient and effective city government, and in this connection, shall: (i) Review all ordinances approved by the sangguniang barangay and executive orders issued by the punong barangay to determine whether these are within the scope of the prescribed powers of the sanggunian and of the punong barangay; (ii) Maintain peace and order by enacting measures to prevent and suppress lawlessness, disorder, riot, violence, rebellion or sedition and impose penalties for violation of said ordinances; (iii) Approve ordinances imposing a fine not exceeding Five thousand pesos (P5,000.00) or an imprisonment for a period not exceeding one (1) year, or both in the discretion of the court, for the violation of a city ordinance;",Draft Davao City Environmental Protection and Waste Disposal Penal Measure,"SECTION 8. PROHIBITED DISPOSAL AND PENALTIES. — It shall be unlawful for any corporate entity or industrial establishment within the territorial jurisdiction of Davao City to discharge untreated industrial liquid waste into the Davao River or municipal drainage networks; and any violator found guilty shall, upon conviction before the proper court, be punished by a fine of Twenty-Five Thousand Pesos (PHP 25,000.00) per violation.",,,
GT-097,Local Government & Territorial Boundaries,Tier 1: Surface & Quantitative,Republic Act No. 9344 (Juvenile Justice and Welfare Act of 2006),Section 6,"SEC. 6. Minimum Age of Criminal Responsibility. - A child fifteen (15) years of age or under at the time of the commission of the offense shall be exempt from criminal liability. However, the child shall be subjected to an intervention program pursuant to Section 20 of this Act. A child above fifteen (15) years but below eighteen (18) years of age shall likewise be exempt from criminal liability and be subjected to an intervention program, unless he/she has acted with discernment, in which case, such child shall be subjected to the appropriate proceedings in accordance with this Act. The exemption from criminal liability herein established does not include exemption from civil liability, which shall be enforced in accordance with existing laws.",Draft Davao City Juvenile Delinquency Abatement Ordinance,"SECTION 5. LOWERING AGE OF JUVENILE CUSTODIAL PROSECUTION. — Any adolescent aged twelve (12) years or older apprehended committing property offenses or repeated nocturnal status offenses within Davao City shall be subjected to formal criminal arrest, detention in police lock-up facilities, and criminal trial before regular municipal trial courts.",,,
GT-098,Local Government & Territorial Boundaries,Tier 1: Surface & Quantitative,Republic Act No. 7160 (The Local Government Code of 1991),Section 152(c),"Section 152. Scope of Taxing Powers. - The barangays may levy taxes, fees, and charges, as provided in this Article, which shall exclusively accrue to them: (a) Taxes - On stores or retailers with fixed business establishments with gross sales of receipts of the preceding calendar year of Fifty thousand pesos (P50,000.00) or less, in the case of cities and Thirty thousand pesos (P30,000.00) or less, in the case of municipalities, at a rate not exceeding one percent (1%) on such gross sales or receipts. (b) Service Fees or Charges. - Barangays may collect reasonable fees or charges for services rendered in connection with the regulations or the use of barangay-owned properties or service facilities such as palay, copra, or tobacco dryers. (c) Barangay Clearance. - No city or municipality may issue any license or permit for any business or activity unless a clearance is first obtained from the barangay where such business or activity is located or conducted. For such clearance, the sangguniang barangay may impose a reasonable fee. The application for clearance shall be acted upon within seven (7) working days from the filing thereof. In the event that the clearance is not issued within the said period, the city or municipality may issue the said license or permit.",Draft Davao City Direct Commercial Permitting Measure,SECTION 4. DISPENSATION OF BARANGAY CLEARANCE REQUIREMENTS. — The Business Bureau of Davao City is authorized to issue annual Mayor's Business Permits directly to commercial enterprises without requiring prior barangay clearances from the host barangay council.,,,
GT-099,Local Government & Territorial Boundaries,Tier 1: Surface & Quantitative,Republic Act No. 7160 (The Local Government Code of 1991),Section 458(a)(1)(iii),"Section 458. Powers, Duties, Functions and Compensation. (a) The sangguniang panlungsod, as the legislative body of the city, shall enact ordinances, approve resolutions and appropriate funds for the general welfare of the city and its inhabitants pursuant to Section 16 of this Code and in the proper exercise of the corporate powers of the city as provided for under Section 22 of this Code, and shall: (1) Approve ordinances and pass resolutions necessary for an efficient and effective city government, and in this connection, shall: (i) Review all ordinances approved by the sangguniang barangay and executive orders issued by the punong barangay to determine whether these are within the scope of the prescribed powers of the sanggunian and of the punong barangay; (ii) Maintain peace and order by enacting measures to prevent and suppress lawlessness, disorder, riot, violence, rebellion or sedition and impose penalties for violation of said ordinances; (iii) Approve ordinances imposing a fine not exceeding Five thousand pesos (P5,000.00) or an imprisonment for a period not exceeding one (1) year, or both in the discretion of the court, for the violation of a city ordinance;",Draft Davao City Environmental Protection and Waste Disposal Penal Measure [District 1 (Poblacion/Talomo) - Agricultural Buffer],"SECTION 8. PROHIBITED DISPOSAL AND PENALTIES. — It shall be unlawful for any corporate entity or industrial establishment within the territorial jurisdiction of Davao City to discharge untreated industrial liquid waste into the Davao River or municipal drainage networks; and any violator found guilty shall, upon conviction before the proper court, be punished by a fine of Twenty-Five Thousand Pesos (PHP 25,000.00) per violation.",,,
GT-100,Local Government & Territorial Boundaries,Tier 1: Surface & Quantitative,Republic Act No. 9344 (Juvenile Justice and Welfare Act of 2006),Section 6,"SEC. 6. Minimum Age of Criminal Responsibility. - A child fifteen (15) years of age or under at the time of the commission of the offense shall be exempt from criminal liability. However, the child shall be subjected to an intervention program pursuant to Section 20 of this Act. A child above fifteen (15) years but below eighteen (18) years of age shall likewise be exempt from criminal liability and be subjected to an intervention program, unless he/she has acted with discernment, in which case, such child shall be subjected to the appropriate proceedings in accordance with this Act. The exemption from criminal liability herein established does not include exemption from civil liability, which shall be enforced in accordance with existing laws.",Draft Davao City Juvenile Delinquency Abatement Ordinance [District 2 (Buhangin/Bunawan/Agdao) - Eco-Tourism Coastal Zone],"SECTION 5. LOWERING AGE OF JUVENILE CUSTODIAL PROSECUTION. — Any adolescent aged twelve (12) years or older apprehended committing property offenses or repeated nocturnal status offenses within Davao City shall be subjected to formal criminal arrest, detention in police lock-up facilities, and criminal trial before regular municipal trial courts.",,,
GT-101,Local Government & Territorial Boundaries,Tier 1: Surface & Quantitative,Republic Act No. 7160 (The Local Government Code of 1991),Section 458(a)(1)(iii),"Section 458. Powers, Duties, Functions and Compensation. (a) The sangguniang panlungsod, as the legislative body of the city, shall enact ordinances, approve resolutions and appropriate funds for the general welfare of the city and its inhabitants pursuant to Section 16 of this Code and in the proper exercise of the corporate powers of the city as provided for under Section 22 of this Code, and shall: (1) Approve ordinances and pass resolutions necessary for an efficient and effective city government, and in this connection, shall: (i) Review all ordinances approved by the sangguniang barangay and executive orders issued by the punong barangay to determine whether these are within the scope of the prescribed powers of the sanggunian and of the punong barangay; (ii) Maintain peace and order by enacting measures to prevent and suppress lawlessness, disorder, riot, violence, rebellion or sedition and impose penalties for violation of said ordinances; (iii) Approve ordinances imposing a fine not exceeding Five thousand pesos (P5,000.00) or an imprisonment for a period not exceeding one (1) year, or both in the discretion of the court, for the violation of a city ordinance;",Davao City Anti-Littering and Solid Waste Penal Ordinance,"SECTION 6. PENAL PROVISIONS. — Any person who commits any of the prohibited acts under this Ordinance shall, upon conviction before the proper court, be penalized with a fine not exceeding Five Thousand Pesos (PHP 5,000.00) or imprisonment for a period not exceeding one (1) year, or both, at the discretion of the court.",,,
GT-102,Local Government & Territorial Boundaries,Tier 1: Surface & Quantitative,Republic Act No. 9344 (Juvenile Justice and Welfare Act of 2006),Section 6,"SEC. 6. Minimum Age of Criminal Responsibility. - A child fifteen (15) years of age or under at the time of the commission of the offense shall be exempt from criminal liability. However, the child shall be subjected to an intervention program pursuant to Section 20 of this Act. A child above fifteen (15) years but below eighteen (18) years of age shall likewise be exempt from criminal liability and be subjected to an intervention program, unless he/she has acted with discernment, in which case, such child shall be subjected to the appropriate proceedings in accordance with this Act. The exemption from criminal liability herein established does not include exemption from civil liability, which shall be enforced in accordance with existing laws.",Davao City Comprehensive Juvenile Intervention Program Ordinance,"SECTION 4. STATUTORY EXEMPTION FROM CRIMINAL LIABILITY. — In strict observance of Section 6 of Republic Act No. 9344, children fifteen (15) years of age or below who commit infractions within Davao City shall be unconditionally exempt from criminal prosecution, undergoing community-based diversion programs.",,,
GT-103,Local Government & Territorial Boundaries,Tier 1: Surface & Quantitative,Republic Act No. 7160 (The Local Government Code of 1991),Section 152(c),"Section 152. Scope of Taxing Powers. - The barangays may levy taxes, fees, and charges, as provided in this Article, which shall exclusively accrue to them: (a) Taxes - On stores or retailers with fixed business establishments with gross sales of receipts of the preceding calendar year of Fifty thousand pesos (P50,000.00) or less, in the case of cities and Thirty thousand pesos (P30,000.00) or less, in the case of municipalities, at a rate not exceeding one percent (1%) on such gross sales or receipts. (b) Service Fees or Charges. - Barangays may collect reasonable fees or charges for services rendered in connection with the regulations or the use of barangay-owned properties or service facilities such as palay, copra, or tobacco dryers. (c) Barangay Clearance. - No city or municipality may issue any license or permit for any business or activity unless a clearance is first obtained from the barangay where such business or activity is located or conducted. For such clearance, the sangguniang barangay may impose a reasonable fee. The application for clearance shall be acted upon within seven (7) working days from the filing thereof. In the event that the clearance is not issued within the said period, the city or municipality may issue the said license or permit.",Davao City Unified Business Permitting System Ordinance,"SECTION 3. PREREQUISITE BARANGAY CLEARANCE VERIFICATION. — Pursuant to Section 152(c) of Republic Act No. 7160, the Business Bureau shall require proof of an official barangay clearance issued by the host barangay prior to releasing any Mayor's Business Permit.",,,
GT-104,Local Government & Territorial Boundaries,Tier 1: Surface & Quantitative,Republic Act No. 7160 (The Local Government Code of 1991),Section 458(a)(1)(iii),"Section 458. Powers, Duties, Functions and Compensation. (a) The sangguniang panlungsod, as the legislative body of the city, shall enact ordinances, approve resolutions and appropriate funds for the general welfare of the city and its inhabitants pursuant to Section 16 of this Code and in the proper exercise of the corporate powers of the city as provided for under Section 22 of this Code, and shall: (1) Approve ordinances and pass resolutions necessary for an efficient and effective city government, and in this connection, shall: (i) Review all ordinances approved by the sangguniang barangay and executive orders issued by the punong barangay to determine whether these are within the scope of the prescribed powers of the sanggunian and of the punong barangay; (ii) Maintain peace and order by enacting measures to prevent and suppress lawlessness, disorder, riot, violence, rebellion or sedition and impose penalties for violation of said ordinances; (iii) Approve ordinances imposing a fine not exceeding Five thousand pesos (P5,000.00) or an imprisonment for a period not exceeding one (1) year, or both in the discretion of the court, for the violation of a city ordinance;",Davao City Anti-Littering and Solid Waste Penal Ordinance [District 1 (Poblacion/Talomo) - Agricultural Buffer],"SECTION 6. PENAL PROVISIONS. — Any person who commits any of the prohibited acts under this Ordinance shall, upon conviction before the proper court, be penalized with a fine not exceeding Five Thousand Pesos (PHP 5,000.00) or imprisonment for a period not exceeding one (1) year, or both, at the discretion of the court.",,,
GT-105,Local Government & Territorial Boundaries,Tier 1: Surface & Quantitative,Republic Act No. 9344 (Juvenile Justice and Welfare Act of 2006),Section 6,"SEC. 6. Minimum Age of Criminal Responsibility. - A child fifteen (15) years of age or under at the time of the commission of the offense shall be exempt from criminal liability. However, the child shall be subjected to an intervention program pursuant to Section 20 of this Act. A child above fifteen (15) years but below eighteen (18) years of age shall likewise be exempt from criminal liability and be subjected to an intervention program, unless he/she has acted with discernment, in which case, such child shall be subjected to the appropriate proceedings in accordance with this Act. The exemption from criminal liability herein established does not include exemption from civil liability, which shall be enforced in accordance with existing laws.",Davao City Comprehensive Juvenile Intervention Program Ordinance [District 2 (Buhangin/Bunawan/Agdao) - Eco-Tourism Coastal Zone],"SECTION 4. STATUTORY EXEMPTION FROM CRIMINAL LIABILITY. — In strict observance of Section 6 of Republic Act No. 9344, children fifteen (15) years of age or below who commit infractions within Davao City shall be unconditionally exempt from criminal prosecution, undergoing community-based diversion programs.",,,
GT-106,Local Government & Territorial Boundaries,Tier 1: Surface & Quantitative,Republic Act No. 7160 (The Local Government Code of 1991),Section 458(a)(1)(iii),"Section 458. Powers, Duties, Functions and Compensation. (a) The sangguniang panlungsod, as the legislative body of the city, shall enact ordinances, approve resolutions and appropriate funds for the general welfare of the city and its inhabitants pursuant to Section 16 of this Code and in the proper exercise of the corporate powers of the city as provided for under Section 22 of this Code, and shall: (1) Approve ordinances and pass resolutions necessary for an efficient and effective city government, and in this connection, shall: (i) Review all ordinances approved by the sangguniang barangay and executive orders issued by the punong barangay to determine whether these are within the scope of the prescribed powers of the sanggunian and of the punong barangay; (ii) Maintain peace and order by enacting measures to prevent and suppress lawlessness, disorder, riot, violence, rebellion or sedition and impose penalties for violation of said ordinances; (iii) Approve ordinances imposing a fine not exceeding Five thousand pesos (P5,000.00) or an imprisonment for a period not exceeding one (1) year, or both in the discretion of the court, for the violation of a city ordinance;",Davao City Traffic Enforcement Officer Uniform Allowance Directive,"SECTION 4. TRAFFIC ENFORCEMENT SUBSIDY. — The City Transport and Traffic Management Office shall provide active field traffic personnel with an annual uniform maintenance subsidy of Three Thousand Pesos (PHP 3,000.00) payable from the general administrative fund.",,,
GT-107,Local Government & Territorial Boundaries,Tier 1: Surface & Quantitative,Republic Act No. 9344 (Juvenile Justice and Welfare Act of 2006),Section 6,"SEC. 6. Minimum Age of Criminal Responsibility. - A child fifteen (15) years of age or under at the time of the commission of the offense shall be exempt from criminal liability. However, the child shall be subjected to an intervention program pursuant to Section 20 of this Act. A child above fifteen (15) years but below eighteen (18) years of age shall likewise be exempt from criminal liability and be subjected to an intervention program, unless he/she has acted with discernment, in which case, such child shall be subjected to the appropriate proceedings in accordance with this Act. The exemption from criminal liability herein established does not include exemption from civil liability, which shall be enforced in accordance with existing laws.",Davao City Daycare Center Floor Area Specification,SECTION 4. DAYCARE FLOOR AREA REQUIREMENTS. — Barangay daycare centers established within Davao City shall maintain an indoor instructional floor space of not less than thirty (30) square meters per class.,,,
GT-108,Local Government & Territorial Boundaries,Tier 1: Surface & Quantitative,Republic Act No. 7160 (The Local Government Code of 1991),Section 152(c),"Section 152. Scope of Taxing Powers. - The barangays may levy taxes, fees, and charges, as provided in this Article, which shall exclusively accrue to them: (a) Taxes - On stores or retailers with fixed business establishments with gross sales of receipts of the preceding calendar year of Fifty thousand pesos (P50,000.00) or less, in the case of cities and Thirty thousand pesos (P30,000.00) or less, in the case of municipalities, at a rate not exceeding one percent (1%) on such gross sales or receipts. (b) Service Fees or Charges. - Barangays may collect reasonable fees or charges for services rendered in connection with the regulations or the use of barangay-owned properties or service facilities such as palay, copra, or tobacco dryers. (c) Barangay Clearance. - No city or municipality may issue any license or permit for any business or activity unless a clearance is first obtained from the barangay where such business or activity is located or conducted. For such clearance, the sangguniang barangay may impose a reasonable fee. The application for clearance shall be acted upon within seven (7) working days from the filing thereof. In the event that the clearance is not issued within the said period, the city or municipality may issue the said license or permit.",Davao City Barangay Hall Community Hall Air-Conditioning Standard,SECTION 4. BARANGAY HALL COOLING SPECIFICATIONS. — Air-conditioning units installed inside newly constructed barangay community multi-purpose halls shall possess a minimum cooling capacity of two (2) horsepower.,,,
GT-109,Local Government & Territorial Boundaries,Tier 1: Surface & Quantitative,Republic Act No. 7160 (The Local Government Code of 1991),Section 458(a)(1)(iii),"Section 458. Powers, Duties, Functions and Compensation. (a) The sangguniang panlungsod, as the legislative body of the city, shall enact ordinances, approve resolutions and appropriate funds for the general welfare of the city and its inhabitants pursuant to Section 16 of this Code and in the proper exercise of the corporate powers of the city as provided for under Section 22 of this Code, and shall: (1) Approve ordinances and pass resolutions necessary for an efficient and effective city government, and in this connection, shall: (i) Review all ordinances approved by the sangguniang barangay and executive orders issued by the punong barangay to determine whether these are within the scope of the prescribed powers of the sanggunian and of the punong barangay; (ii) Maintain peace and order by enacting measures to prevent and suppress lawlessness, disorder, riot, violence, rebellion or sedition and impose penalties for violation of said ordinances; (iii) Approve ordinances imposing a fine not exceeding Five thousand pesos (P5,000.00) or an imprisonment for a period not exceeding one (1) year, or both in the discretion of the court, for the violation of a city ordinance;",Davao City Traffic Enforcement Officer Uniform Allowance Directive [District 1 (Poblacion/Talomo) - Agricultural Buffer],"SECTION 4. TRAFFIC ENFORCEMENT SUBSIDY. — The City Transport and Traffic Management Office shall provide active field traffic personnel with an annual uniform maintenance subsidy of Three Thousand Pesos (PHP 3,000.00) payable from the general administrative fund.",,,
GT-110,Local Government & Territorial Boundaries,Tier 1: Surface & Quantitative,Republic Act No. 9344 (Juvenile Justice and Welfare Act of 2006),Section 6,"SEC. 6. Minimum Age of Criminal Responsibility. - A child fifteen (15) years of age or under at the time of the commission of the offense shall be exempt from criminal liability. However, the child shall be subjected to an intervention program pursuant to Section 20 of this Act. A child above fifteen (15) years but below eighteen (18) years of age shall likewise be exempt from criminal liability and be subjected to an intervention program, unless he/she has acted with discernment, in which case, such child shall be subjected to the appropriate proceedings in accordance with this Act. The exemption from criminal liability herein established does not include exemption from civil liability, which shall be enforced in accordance with existing laws.",Davao City Daycare Center Floor Area Specification [District 2 (Buhangin/Bunawan/Agdao) - Eco-Tourism Coastal Zone],SECTION 4. DAYCARE FLOOR AREA REQUIREMENTS. — Barangay daycare centers established within Davao City shall maintain an indoor instructional floor space of not less than thirty (30) square meters per class.,,,
GT-111,Local Government & Territorial Boundaries,Tier 2: Preemption & Carve-Outs,Republic Act No. 7160 (The Local Government Code of 1991),Section 458(a)(1)(iii),"Section 458. Powers, Duties, Functions and Compensation. (a) The sangguniang panlungsod, as the legislative body of the city, shall enact ordinances, approve resolutions and appropriate funds for the general welfare of the city and its inhabitants pursuant to Section 16 of this Code and in the proper exercise of the corporate powers of the city as provided for under Section 22 of this Code, and shall: (1) Approve ordinances and pass resolutions necessary for an efficient and effective city government, and in this connection, shall: (i) Review all ordinances approved by the sangguniang barangay and executive orders issued by the punong barangay to determine whether these are within the scope of the prescribed powers of the sanggunian and of the punong barangay; (ii) Maintain peace and order by enacting measures to prevent and suppress lawlessness, disorder, riot, violence, rebellion or sedition and impose penalties for violation of said ordinances; (iii) Approve ordinances imposing a fine not exceeding Five thousand pesos (P5,000.00) or an imprisonment for a period not exceeding one (1) year, or both in the discretion of the court, for the violation of a city ordinance;",Draft Ordinance Penalizing Municipal Road Encroachments,SECTION 5. SUMMARY EASEMENT CLEARANCE AND FORFEITURE. — Property owners within Davao City who construct permanent structures or fences encroaching on public road easements shall suffer immediate summary demolition and municipal forfeiture of their registered land title without judicial expropriation or criminal court proceedings.,,,
GT-112,Local Government & Territorial Boundaries,Tier 2: Preemption & Carve-Outs,Republic Act No. 9344 (Juvenile Justice and Welfare Act of 2006),Section 6,"SEC. 6. Minimum Age of Criminal Responsibility. - A child fifteen (15) years of age or under at the time of the commission of the offense shall be exempt from criminal liability. However, the child shall be subjected to an intervention program pursuant to Section 20 of this Act. A child above fifteen (15) years but below eighteen (18) years of age shall likewise be exempt from criminal liability and be subjected to an intervention program, unless he/she has acted with discernment, in which case, such child shall be subjected to the appropriate proceedings in accordance with this Act. The exemption from criminal liability herein established does not include exemption from civil liability, which shall be enforced in accordance with existing laws.",Draft Ordinance Penalizing Curfew Violations by Minors with Confinement,SECTION 7. LOCK-UP CONFINEMENT FOR CURFEW INFRACTIONS. — Minors apprehended wandering on public thoroughfares between 10:00 PM and 5:00 AM without adult escort shall be remanded to the barangay police lock-up facility for mandatory three-day detention prior to parental release.,,,
GT-113,Local Government & Territorial Boundaries,Tier 2: Preemption & Carve-Outs,Republic Act No. 7160 (The Local Government Code of 1991),Section 152(c),"Section 152. Scope of Taxing Powers. - The barangays may levy taxes, fees, and charges, as provided in this Article, which shall exclusively accrue to them: (a) Taxes - On stores or retailers with fixed business establishments with gross sales of receipts of the preceding calendar year of Fifty thousand pesos (P50,000.00) or less, in the case of cities and Thirty thousand pesos (P30,000.00) or less, in the case of municipalities, at a rate not exceeding one percent (1%) on such gross sales or receipts. (b) Service Fees or Charges. - Barangays may collect reasonable fees or charges for services rendered in connection with the regulations or the use of barangay-owned properties or service facilities such as palay, copra, or tobacco dryers. (c) Barangay Clearance. - No city or municipality may issue any license or permit for any business or activity unless a clearance is first obtained from the barangay where such business or activity is located or conducted. For such clearance, the sangguniang barangay may impose a reasonable fee. The application for clearance shall be acted upon within seven (7) working days from the filing thereof. In the event that the clearance is not issued within the said period, the city or municipality may issue the said license or permit.",Draft Ordinance Restricting Barangay Clearance Authority for Major Commercial Centers,"SECTION 6. EXCLUSION OF COMMERCIAL ZONES FROM BARANGAY JURISDICTION. — Commercial shopping malls and heavy industrial plants operating within prime urban zones are hereby exempt from securing barangay clearances from host barangays, remitting all regulatory clearance fees exclusively to the City Treasurer.",,,
GT-114,Local Government & Territorial Boundaries,Tier 2: Preemption & Carve-Outs,Republic Act No. 7160 (The Local Government Code of 1991),Section 458(a)(1)(iii),"Section 458. Powers, Duties, Functions and Compensation. (a) The sangguniang panlungsod, as the legislative body of the city, shall enact ordinances, approve resolutions and appropriate funds for the general welfare of the city and its inhabitants pursuant to Section 16 of this Code and in the proper exercise of the corporate powers of the city as provided for under Section 22 of this Code, and shall: (1) Approve ordinances and pass resolutions necessary for an efficient and effective city government, and in this connection, shall: (i) Review all ordinances approved by the sangguniang barangay and executive orders issued by the punong barangay to determine whether these are within the scope of the prescribed powers of the sanggunian and of the punong barangay; (ii) Maintain peace and order by enacting measures to prevent and suppress lawlessness, disorder, riot, violence, rebellion or sedition and impose penalties for violation of said ordinances; (iii) Approve ordinances imposing a fine not exceeding Five thousand pesos (P5,000.00) or an imprisonment for a period not exceeding one (1) year, or both in the discretion of the court, for the violation of a city ordinance;",Draft Ordinance Penalizing Municipal Road Encroachments [District 1 (Poblacion/Talomo) - Agricultural Buffer],SECTION 5. SUMMARY EASEMENT CLEARANCE AND FORFEITURE. — Property owners within Davao City who construct permanent structures or fences encroaching on public road easements shall suffer immediate summary demolition and municipal forfeiture of their registered land title without judicial expropriation or criminal court proceedings.,,,
GT-115,Local Government & Territorial Boundaries,Tier 2: Preemption & Carve-Outs,Republic Act No. 9344 (Juvenile Justice and Welfare Act of 2006),Section 6,"SEC. 6. Minimum Age of Criminal Responsibility. - A child fifteen (15) years of age or under at the time of the commission of the offense shall be exempt from criminal liability. However, the child shall be subjected to an intervention program pursuant to Section 20 of this Act. A child above fifteen (15) years but below eighteen (18) years of age shall likewise be exempt from criminal liability and be subjected to an intervention program, unless he/she has acted with discernment, in which case, such child shall be subjected to the appropriate proceedings in accordance with this Act. The exemption from criminal liability herein established does not include exemption from civil liability, which shall be enforced in accordance with existing laws.",Draft Ordinance Penalizing Curfew Violations by Minors with Confinement [District 2 (Buhangin/Bunawan/Agdao) - Eco-Tourism Coastal Zone],SECTION 7. LOCK-UP CONFINEMENT FOR CURFEW INFRACTIONS. — Minors apprehended wandering on public thoroughfares between 10:00 PM and 5:00 AM without adult escort shall be remanded to the barangay police lock-up facility for mandatory three-day detention prior to parental release.,,,
GT-116,Local Government & Territorial Boundaries,Tier 2: Preemption & Carve-Outs,Republic Act No. 7160 (The Local Government Code of 1991),Section 152(c),"Section 152. Scope of Taxing Powers. - The barangays may levy taxes, fees, and charges, as provided in this Article, which shall exclusively accrue to them: (a) Taxes - On stores or retailers with fixed business establishments with gross sales of receipts of the preceding calendar year of Fifty thousand pesos (P50,000.00) or less, in the case of cities and Thirty thousand pesos (P30,000.00) or less, in the case of municipalities, at a rate not exceeding one percent (1%) on such gross sales or receipts. (b) Service Fees or Charges. - Barangays may collect reasonable fees or charges for services rendered in connection with the regulations or the use of barangay-owned properties or service facilities such as palay, copra, or tobacco dryers. (c) Barangay Clearance. - No city or municipality may issue any license or permit for any business or activity unless a clearance is first obtained from the barangay where such business or activity is located or conducted. For such clearance, the sangguniang barangay may impose a reasonable fee. The application for clearance shall be acted upon within seven (7) working days from the filing thereof. In the event that the clearance is not issued within the said period, the city or municipality may issue the said license or permit.",Draft Ordinance Restricting Barangay Clearance Authority for Major Commercial Centers [District 3 (Toril/Calinan/Baguio/Marilog) - Commercial Central Core],"SECTION 6. EXCLUSION OF COMMERCIAL ZONES FROM BARANGAY JURISDICTION. — Commercial shopping malls and heavy industrial plants operating within prime urban zones are hereby exempt from securing barangay clearances from host barangays, remitting all regulatory clearance fees exclusively to the City Treasurer.",,,
GT-117,Local Government & Territorial Boundaries,Tier 2: Preemption & Carve-Outs,Republic Act No. 7160 (The Local Government Code of 1991),Section 458(a)(1)(iii),"Section 458. Powers, Duties, Functions and Compensation. (a) The sangguniang panlungsod, as the legislative body of the city, shall enact ordinances, approve resolutions and appropriate funds for the general welfare of the city and its inhabitants pursuant to Section 16 of this Code and in the proper exercise of the corporate powers of the city as provided for under Section 22 of this Code, and shall: (1) Approve ordinances and pass resolutions necessary for an efficient and effective city government, and in this connection, shall: (i) Review all ordinances approved by the sangguniang barangay and executive orders issued by the punong barangay to determine whether these are within the scope of the prescribed powers of the sanggunian and of the punong barangay; (ii) Maintain peace and order by enacting measures to prevent and suppress lawlessness, disorder, riot, violence, rebellion or sedition and impose penalties for violation of said ordinances; (iii) Approve ordinances imposing a fine not exceeding Five thousand pesos (P5,000.00) or an imprisonment for a period not exceeding one (1) year, or both in the discretion of the court, for the violation of a city ordinance;",Davao City Traffic Code Administrative Citation Guidelines,SECTION 9. ADMINISTRATIVE COMPROMISE CITATION SCHEME. — Traffic violators apprehended by the City Transport and Traffic Management Office who elect to settle their administrative liabilities without court litigation may pay standard compromise settlement fees established strictly within statutory penal boundaries.,,,
GT-118,Local Government & Territorial Boundaries,Tier 2: Preemption & Carve-Outs,Republic Act No. 9344 (Juvenile Justice and Welfare Act of 2006),Section 6,"SEC. 6. Minimum Age of Criminal Responsibility. - A child fifteen (15) years of age or under at the time of the commission of the offense shall be exempt from criminal liability. However, the child shall be subjected to an intervention program pursuant to Section 20 of this Act. A child above fifteen (15) years but below eighteen (18) years of age shall likewise be exempt from criminal liability and be subjected to an intervention program, unless he/she has acted with discernment, in which case, such child shall be subjected to the appropriate proceedings in accordance with this Act. The exemption from criminal liability herein established does not include exemption from civil liability, which shall be enforced in accordance with existing laws.",Davao City Child-Friendly Nighttime Safety Protocol,"SECTION 6. NON-CUSTODIAL CURFEW ENFORCEMENT. — Minors found outside their residences after nighttime curfew hours shall not be subjected to arrest or incarceration, but shall be gently taken into protective custody by social workers and brought immediately to their homes.",,,
GT-119,Local Government & Territorial Boundaries,Tier 2: Preemption & Carve-Outs,Republic Act No. 7160 (The Local Government Code of 1991),Section 152(c),"Section 152. Scope of Taxing Powers. - The barangays may levy taxes, fees, and charges, as provided in this Article, which shall exclusively accrue to them: (a) Taxes - On stores or retailers with fixed business establishments with gross sales of receipts of the preceding calendar year of Fifty thousand pesos (P50,000.00) or less, in the case of cities and Thirty thousand pesos (P30,000.00) or less, in the case of municipalities, at a rate not exceeding one percent (1%) on such gross sales or receipts. (b) Service Fees or Charges. - Barangays may collect reasonable fees or charges for services rendered in connection with the regulations or the use of barangay-owned properties or service facilities such as palay, copra, or tobacco dryers. (c) Barangay Clearance. - No city or municipality may issue any license or permit for any business or activity unless a clearance is first obtained from the barangay where such business or activity is located or conducted. For such clearance, the sangguniang barangay may impose a reasonable fee. The application for clearance shall be acted upon within seven (7) working days from the filing thereof. In the event that the clearance is not issued within the said period, the city or municipality may issue the said license or permit.",Davao City Integrated Barangay Clearance Fee Collection Agreement,"SECTION 5. CONSOLIDATED BARANGAY FEE COLLECTION. — The City Treasurer may collect barangay clearance fees on behalf of barangays during the January business one-stop shop renewal period, remitting all collections strictly to host barangay accounts.",,,
GT-120,Local Government & Territorial Boundaries,Tier 2: Preemption & Carve-Outs,Republic Act No. 7160 (The Local Government Code of 1991),Section 458(a)(1)(iii),"Section 458. Powers, Duties, Functions and Compensation. (a) The sangguniang panlungsod, as the legislative body of the city, shall enact ordinances, approve resolutions and appropriate funds for the general welfare of the city and its inhabitants pursuant to Section 16 of this Code and in the proper exercise of the corporate powers of the city as provided for under Section 22 of this Code, and shall: (1) Approve ordinances and pass resolutions necessary for an efficient and effective city government, and in this connection, shall: (i) Review all ordinances approved by the sangguniang barangay and executive orders issued by the punong barangay to determine whether these are within the scope of the prescribed powers of the sanggunian and of the punong barangay; (ii) Maintain peace and order by enacting measures to prevent and suppress lawlessness, disorder, riot, violence, rebellion or sedition and impose penalties for violation of said ordinances; (iii) Approve ordinances imposing a fine not exceeding Five thousand pesos (P5,000.00) or an imprisonment for a period not exceeding one (1) year, or both in the discretion of the court, for the violation of a city ordinance;",Davao City Traffic Code Administrative Citation Guidelines [District 1 (Poblacion/Talomo) - Agricultural Buffer],SECTION 9. ADMINISTRATIVE COMPROMISE CITATION SCHEME. — Traffic violators apprehended by the City Transport and Traffic Management Office who elect to settle their administrative liabilities without court litigation may pay standard compromise settlement fees established strictly within statutory penal boundaries.,,,
GT-121,Local Government & Territorial Boundaries,Tier 2: Preemption & Carve-Outs,Republic Act No. 9344 (Juvenile Justice and Welfare Act of 2006),Section 6,"SEC. 6. Minimum Age of Criminal Responsibility. - A child fifteen (15) years of age or under at the time of the commission of the offense shall be exempt from criminal liability. However, the child shall be subjected to an intervention program pursuant to Section 20 of this Act. A child above fifteen (15) years but below eighteen (18) years of age shall likewise be exempt from criminal liability and be subjected to an intervention program, unless he/she has acted with discernment, in which case, such child shall be subjected to the appropriate proceedings in accordance with this Act. The exemption from criminal liability herein established does not include exemption from civil liability, which shall be enforced in accordance with existing laws.",Davao City Child-Friendly Nighttime Safety Protocol [District 2 (Buhangin/Bunawan/Agdao) - Eco-Tourism Coastal Zone],"SECTION 6. NON-CUSTODIAL CURFEW ENFORCEMENT. — Minors found outside their residences after nighttime curfew hours shall not be subjected to arrest or incarceration, but shall be gently taken into protective custody by social workers and brought immediately to their homes.",,,
GT-122,Local Government & Territorial Boundaries,Tier 2: Preemption & Carve-Outs,Republic Act No. 7160 (The Local Government Code of 1991),Section 152(c),"Section 152. Scope of Taxing Powers. - The barangays may levy taxes, fees, and charges, as provided in this Article, which shall exclusively accrue to them: (a) Taxes - On stores or retailers with fixed business establishments with gross sales of receipts of the preceding calendar year of Fifty thousand pesos (P50,000.00) or less, in the case of cities and Thirty thousand pesos (P30,000.00) or less, in the case of municipalities, at a rate not exceeding one percent (1%) on such gross sales or receipts. (b) Service Fees or Charges. - Barangays may collect reasonable fees or charges for services rendered in connection with the regulations or the use of barangay-owned properties or service facilities such as palay, copra, or tobacco dryers. (c) Barangay Clearance. - No city or municipality may issue any license or permit for any business or activity unless a clearance is first obtained from the barangay where such business or activity is located or conducted. For such clearance, the sangguniang barangay may impose a reasonable fee. The application for clearance shall be acted upon within seven (7) working days from the filing thereof. In the event that the clearance is not issued within the said period, the city or municipality may issue the said license or permit.",Davao City Integrated Barangay Clearance Fee Collection Agreement [District 3 (Toril/Calinan/Baguio/Marilog) - Commercial Central Core],"SECTION 5. CONSOLIDATED BARANGAY FEE COLLECTION. — The City Treasurer may collect barangay clearance fees on behalf of barangays during the January business one-stop shop renewal period, remitting all collections strictly to host barangay accounts.",,,
GT-123,Local Government & Territorial Boundaries,Tier 2: Preemption & Carve-Outs,Republic Act No. 7160 (The Local Government Code of 1991),Section 458(a)(1)(iii),"Section 458. Powers, Duties, Functions and Compensation. (a) The sangguniang panlungsod, as the legislative body of the city, shall enact ordinances, approve resolutions and appropriate funds for the general welfare of the city and its inhabitants pursuant to Section 16 of this Code and in the proper exercise of the corporate powers of the city as provided for under Section 22 of this Code, and shall: (1) Approve ordinances and pass resolutions necessary for an efficient and effective city government, and in this connection, shall: (i) Review all ordinances approved by the sangguniang barangay and executive orders issued by the punong barangay to determine whether these are within the scope of the prescribed powers of the sanggunian and of the punong barangay; (ii) Maintain peace and order by enacting measures to prevent and suppress lawlessness, disorder, riot, violence, rebellion or sedition and impose penalties for violation of said ordinances; (iii) Approve ordinances imposing a fine not exceeding Five thousand pesos (P5,000.00) or an imprisonment for a period not exceeding one (1) year, or both in the discretion of the court, for the violation of a city ordinance;",Davao City Traffic Code Administrative Citation Guidelines [District 1 (Poblacion/Talomo) - Suburban Residential Zone],SECTION 9. ADMINISTRATIVE COMPROMISE CITATION SCHEME. — Traffic violators apprehended by the City Transport and Traffic Management Office who elect to settle their administrative liabilities without court litigation may pay standard compromise settlement fees established strictly within statutory penal boundaries.,,,
GT-124,Local Government & Territorial Boundaries,Tier 2: Preemption & Carve-Outs,Republic Act No. 7160 (The Local Government Code of 1991),Section 458(a)(1)(iii),"Section 458. Powers, Duties, Functions and Compensation. (a) The sangguniang panlungsod, as the legislative body of the city, shall enact ordinances, approve resolutions and appropriate funds for the general welfare of the city and its inhabitants pursuant to Section 16 of this Code and in the proper exercise of the corporate powers of the city as provided for under Section 22 of this Code, and shall: (1) Approve ordinances and pass resolutions necessary for an efficient and effective city government, and in this connection, shall: (i) Review all ordinances approved by the sangguniang barangay and executive orders issued by the punong barangay to determine whether these are within the scope of the prescribed powers of the sanggunian and of the punong barangay; (ii) Maintain peace and order by enacting measures to prevent and suppress lawlessness, disorder, riot, violence, rebellion or sedition and impose penalties for violation of said ordinances; (iii) Approve ordinances imposing a fine not exceeding Five thousand pesos (P5,000.00) or an imprisonment for a period not exceeding one (1) year, or both in the discretion of the court, for the violation of a city ordinance;",Davao City Traffic Citation Booklet Printing Specifications,SECTION 3. CITATION BOOKLET SPECIFICATIONS. — Official traffic citation ticketing forms issued to City Transport and Traffic Management Office field personnel shall be printed on specialized carbonless paper bearing sequential control serial numbers registered with the City Treasurer.,,,
GT-125,Local Government & Territorial Boundaries,Tier 2: Preemption & Carve-Outs,Republic Act No. 9344 (Juvenile Justice and Welfare Act of 2006),Section 6,"SEC. 6. Minimum Age of Criminal Responsibility. - A child fifteen (15) years of age or under at the time of the commission of the offense shall be exempt from criminal liability. However, the child shall be subjected to an intervention program pursuant to Section 20 of this Act. A child above fifteen (15) years but below eighteen (18) years of age shall likewise be exempt from criminal liability and be subjected to an intervention program, unless he/she has acted with discernment, in which case, such child shall be subjected to the appropriate proceedings in accordance with this Act. The exemption from criminal liability herein established does not include exemption from civil liability, which shall be enforced in accordance with existing laws.",Davao City Children's Playground Rubber Flooring Specification,SECTION 5. PLAYGROUND IMPACT FLOORING. — Municipal public parks installing children's swing sets and climbing frames shall lay shock-absorbing recycled rubber safety flooring beneath all elevated play equipment.,,,
GT-126,Local Government & Territorial Boundaries,Tier 2: Preemption & Carve-Outs,Republic Act No. 7160 (The Local Government Code of 1991),Section 152(c),"Section 152. Scope of Taxing Powers. - The barangays may levy taxes, fees, and charges, as provided in this Article, which shall exclusively accrue to them: (a) Taxes - On stores or retailers with fixed business establishments with gross sales of receipts of the preceding calendar year of Fifty thousand pesos (P50,000.00) or less, in the case of cities and Thirty thousand pesos (P30,000.00) or less, in the case of municipalities, at a rate not exceeding one percent (1%) on such gross sales or receipts. (b) Service Fees or Charges. - Barangays may collect reasonable fees or charges for services rendered in connection with the regulations or the use of barangay-owned properties or service facilities such as palay, copra, or tobacco dryers. (c) Barangay Clearance. - No city or municipality may issue any license or permit for any business or activity unless a clearance is first obtained from the barangay where such business or activity is located or conducted. For such clearance, the sangguniang barangay may impose a reasonable fee. The application for clearance shall be acted upon within seven (7) working days from the filing thereof. In the event that the clearance is not issued within the said period, the city or municipality may issue the said license or permit.",Davao City Barangay Official Seal Graphical Heraldry Guidelines,SECTION 5. HERALDRY EMBLEM STANDARDIZATION. — Official heraldic emblems adopted by component barangays shall incorporate symbolic representations of local agricultural heritage and coastal geography.,,,
GT-127,Local Government & Territorial Boundaries,Tier 2: Preemption & Carve-Outs,Republic Act No. 7160 (The Local Government Code of 1991),Section 458(a)(1)(iii),"Section 458. Powers, Duties, Functions and Compensation. (a) The sangguniang panlungsod, as the legislative body of the city, shall enact ordinances, approve resolutions and appropriate funds for the general welfare of the city and its inhabitants pursuant to Section 16 of this Code and in the proper exercise of the corporate powers of the city as provided for under Section 22 of this Code, and shall: (1) Approve ordinances and pass resolutions necessary for an efficient and effective city government, and in this connection, shall: (i) Review all ordinances approved by the sangguniang barangay and executive orders issued by the punong barangay to determine whether these are within the scope of the prescribed powers of the sanggunian and of the punong barangay; (ii) Maintain peace and order by enacting measures to prevent and suppress lawlessness, disorder, riot, violence, rebellion or sedition and impose penalties for violation of said ordinances; (iii) Approve ordinances imposing a fine not exceeding Five thousand pesos (P5,000.00) or an imprisonment for a period not exceeding one (1) year, or both in the discretion of the court, for the violation of a city ordinance;",Davao City Traffic Citation Booklet Printing Specifications [District 1 (Poblacion/Talomo) - Agricultural Buffer],SECTION 3. CITATION BOOKLET SPECIFICATIONS. — Official traffic citation ticketing forms issued to City Transport and Traffic Management Office field personnel shall be printed on specialized carbonless paper bearing sequential control serial numbers registered with the City Treasurer.,,,
GT-128,Local Government & Territorial Boundaries,Tier 2: Preemption & Carve-Outs,Republic Act No. 9344 (Juvenile Justice and Welfare Act of 2006),Section 6,"SEC. 6. Minimum Age of Criminal Responsibility. - A child fifteen (15) years of age or under at the time of the commission of the offense shall be exempt from criminal liability. However, the child shall be subjected to an intervention program pursuant to Section 20 of this Act. A child above fifteen (15) years but below eighteen (18) years of age shall likewise be exempt from criminal liability and be subjected to an intervention program, unless he/she has acted with discernment, in which case, such child shall be subjected to the appropriate proceedings in accordance with this Act. The exemption from criminal liability herein established does not include exemption from civil liability, which shall be enforced in accordance with existing laws.",Davao City Children's Playground Rubber Flooring Specification [District 2 (Buhangin/Bunawan/Agdao) - Eco-Tourism Coastal Zone],SECTION 5. PLAYGROUND IMPACT FLOORING. — Municipal public parks installing children's swing sets and climbing frames shall lay shock-absorbing recycled rubber safety flooring beneath all elevated play equipment.,,,
GT-129,Local Government & Territorial Boundaries,Tier 2: Preemption & Carve-Outs,Republic Act No. 7160 (The Local Government Code of 1991),Section 152(c),"Section 152. Scope of Taxing Powers. - The barangays may levy taxes, fees, and charges, as provided in this Article, which shall exclusively accrue to them: (a) Taxes - On stores or retailers with fixed business establishments with gross sales of receipts of the preceding calendar year of Fifty thousand pesos (P50,000.00) or less, in the case of cities and Thirty thousand pesos (P30,000.00) or less, in the case of municipalities, at a rate not exceeding one percent (1%) on such gross sales or receipts. (b) Service Fees or Charges. - Barangays may collect reasonable fees or charges for services rendered in connection with the regulations or the use of barangay-owned properties or service facilities such as palay, copra, or tobacco dryers. (c) Barangay Clearance. - No city or municipality may issue any license or permit for any business or activity unless a clearance is first obtained from the barangay where such business or activity is located or conducted. For such clearance, the sangguniang barangay may impose a reasonable fee. The application for clearance shall be acted upon within seven (7) working days from the filing thereof. In the event that the clearance is not issued within the said period, the city or municipality may issue the said license or permit.",Davao City Barangay Official Seal Graphical Heraldry Guidelines [District 3 (Toril/Calinan/Baguio/Marilog) - Commercial Central Core],SECTION 5. HERALDRY EMBLEM STANDARDIZATION. — Official heraldic emblems adopted by component barangays shall incorporate symbolic representations of local agricultural heritage and coastal geography.,,,
GT-130,Local Government & Territorial Boundaries,Tier 2: Preemption & Carve-Outs,Republic Act No. 7160 (The Local Government Code of 1991),Section 458(a)(1)(iii),"Section 458. Powers, Duties, Functions and Compensation. (a) The sangguniang panlungsod, as the legislative body of the city, shall enact ordinances, approve resolutions and appropriate funds for the general welfare of the city and its inhabitants pursuant to Section 16 of this Code and in the proper exercise of the corporate powers of the city as provided for under Section 22 of this Code, and shall: (1) Approve ordinances and pass resolutions necessary for an efficient and effective city government, and in this connection, shall: (i) Review all ordinances approved by the sangguniang barangay and executive orders issued by the punong barangay to determine whether these are within the scope of the prescribed powers of the sanggunian and of the punong barangay; (ii) Maintain peace and order by enacting measures to prevent and suppress lawlessness, disorder, riot, violence, rebellion or sedition and impose penalties for violation of said ordinances; (iii) Approve ordinances imposing a fine not exceeding Five thousand pesos (P5,000.00) or an imprisonment for a period not exceeding one (1) year, or both in the discretion of the court, for the violation of a city ordinance;",Davao City Traffic Citation Booklet Printing Specifications [District 1 (Poblacion/Talomo) - Suburban Residential Zone],SECTION 3. CITATION BOOKLET SPECIFICATIONS. — Official traffic citation ticketing forms issued to City Transport and Traffic Management Office field personnel shall be printed on specialized carbonless paper bearing sequential control serial numbers registered with the City Treasurer.,,,
GT-131,Local Government & Territorial Boundaries,Tier 3: Latent & Paraphrastic,Republic Act No. 7160 (The Local Government Code of 1991),Section 458(a)(1)(iii),"Section 458. Powers, Duties, Functions and Compensation. (a) The sangguniang panlungsod, as the legislative body of the city, shall enact ordinances, approve resolutions and appropriate funds for the general welfare of the city and its inhabitants pursuant to Section 16 of this Code and in the proper exercise of the corporate powers of the city as provided for under Section 22 of this Code, and shall: (1) Approve ordinances and pass resolutions necessary for an efficient and effective city government, and in this connection, shall: (i) Review all ordinances approved by the sangguniang barangay and executive orders issued by the punong barangay to determine whether these are within the scope of the prescribed powers of the sanggunian and of the punong barangay; (ii) Maintain peace and order by enacting measures to prevent and suppress lawlessness, disorder, riot, violence, rebellion or sedition and impose penalties for violation of said ordinances; (iii) Approve ordinances imposing a fine not exceeding Five thousand pesos (P5,000.00) or an imprisonment for a period not exceeding one (1) year, or both in the discretion of the court, for the violation of a city ordinance;",Draft Davao City Public Order and Traffic Obstruction Accountability Ordinance,"SECTION 12. SPECIAL PENALTIES FOR CHRONIC TRAFFIC OBSTRUCTION. — To deter persistent vehicular obstruction along municipal thoroughfares, the City Transport and Traffic Management Office is authorized to impound offending private vehicles and condition administrative release upon the vehicle owner surrendering all commercial vending licenses held by their registered enterprise within the City of Davao.",,,
GT-132,Local Government & Territorial Boundaries,Tier 3: Latent & Paraphrastic,Republic Act No. 9344 (Juvenile Justice and Welfare Act of 2006),Section 6,"SEC. 6. Minimum Age of Criminal Responsibility. - A child fifteen (15) years of age or under at the time of the commission of the offense shall be exempt from criminal liability. However, the child shall be subjected to an intervention program pursuant to Section 20 of this Act. A child above fifteen (15) years but below eighteen (18) years of age shall likewise be exempt from criminal liability and be subjected to an intervention program, unless he/she has acted with discernment, in which case, such child shall be subjected to the appropriate proceedings in accordance with this Act. The exemption from criminal liability herein established does not include exemption from civil liability, which shall be enforced in accordance with existing laws.",Draft Davao City Youth Protective Custody and Civic Discipline Protocol,SECTION 8. BARANGAY OVERNIGHT DETENTION MEASURE. — Barangay tanods are directed to escort unaccompanied adolescents found wandering after dusk into locked community holding rooms overnight to instill civil obedience prior to morning parental notification.,,,
GT-133,Local Government & Territorial Boundaries,Tier 3: Latent & Paraphrastic,Republic Act No. 7160 (The Local Government Code of 1991),Section 152(c),"Section 152. Scope of Taxing Powers. - The barangays may levy taxes, fees, and charges, as provided in this Article, which shall exclusively accrue to them: (a) Taxes - On stores or retailers with fixed business establishments with gross sales of receipts of the preceding calendar year of Fifty thousand pesos (P50,000.00) or less, in the case of cities and Thirty thousand pesos (P30,000.00) or less, in the case of municipalities, at a rate not exceeding one percent (1%) on such gross sales or receipts. (b) Service Fees or Charges. - Barangays may collect reasonable fees or charges for services rendered in connection with the regulations or the use of barangay-owned properties or service facilities such as palay, copra, or tobacco dryers. (c) Barangay Clearance. - No city or municipality may issue any license or permit for any business or activity unless a clearance is first obtained from the barangay where such business or activity is located or conducted. For such clearance, the sangguniang barangay may impose a reasonable fee. The application for clearance shall be acted upon within seven (7) working days from the filing thereof. In the event that the clearance is not issued within the said period, the city or municipality may issue the said license or permit.",Draft Davao City Strategic Investment Licensing Fast-Track Code,"SECTION 9. UNILATERAL CENTRAL PERMIT ISSUANCE. — For high-value commercial investments certified by the City Investment Board, the Business Bureau shall issue final operating authorizations through a centralized portal, deeming host community clearances wholly unnecessary.",,,
GT-134,Local Government & Territorial Boundaries,Tier 3: Latent & Paraphrastic,Republic Act No. 7160 (The Local Government Code of 1991),Section 458(a)(1)(iii),"Section 458. Powers, Duties, Functions and Compensation. (a) The sangguniang panlungsod, as the legislative body of the city, shall enact ordinances, approve resolutions and appropriate funds for the general welfare of the city and its inhabitants pursuant to Section 16 of this Code and in the proper exercise of the corporate powers of the city as provided for under Section 22 of this Code, and shall: (1) Approve ordinances and pass resolutions necessary for an efficient and effective city government, and in this connection, shall: (i) Review all ordinances approved by the sangguniang barangay and executive orders issued by the punong barangay to determine whether these are within the scope of the prescribed powers of the sanggunian and of the punong barangay; (ii) Maintain peace and order by enacting measures to prevent and suppress lawlessness, disorder, riot, violence, rebellion or sedition and impose penalties for violation of said ordinances; (iii) Approve ordinances imposing a fine not exceeding Five thousand pesos (P5,000.00) or an imprisonment for a period not exceeding one (1) year, or both in the discretion of the court, for the violation of a city ordinance;",Draft Davao City Public Order and Traffic Obstruction Accountability Ordinance [District 1 (Poblacion/Talomo) - Agricultural Buffer],"SECTION 12. SPECIAL PENALTIES FOR CHRONIC TRAFFIC OBSTRUCTION. — To deter persistent vehicular obstruction along municipal thoroughfares, the City Transport and Traffic Management Office is authorized to impound offending private vehicles and condition administrative release upon the vehicle owner surrendering all commercial vending licenses held by their registered enterprise within the City of Davao.",,,
GT-135,Local Government & Territorial Boundaries,Tier 3: Latent & Paraphrastic,Republic Act No. 9344 (Juvenile Justice and Welfare Act of 2006),Section 6,"SEC. 6. Minimum Age of Criminal Responsibility. - A child fifteen (15) years of age or under at the time of the commission of the offense shall be exempt from criminal liability. However, the child shall be subjected to an intervention program pursuant to Section 20 of this Act. A child above fifteen (15) years but below eighteen (18) years of age shall likewise be exempt from criminal liability and be subjected to an intervention program, unless he/she has acted with discernment, in which case, such child shall be subjected to the appropriate proceedings in accordance with this Act. The exemption from criminal liability herein established does not include exemption from civil liability, which shall be enforced in accordance with existing laws.",Draft Davao City Youth Protective Custody and Civic Discipline Protocol [District 2 (Buhangin/Bunawan/Agdao) - Eco-Tourism Coastal Zone],SECTION 8. BARANGAY OVERNIGHT DETENTION MEASURE. — Barangay tanods are directed to escort unaccompanied adolescents found wandering after dusk into locked community holding rooms overnight to instill civil obedience prior to morning parental notification.,,,
GT-136,Local Government & Territorial Boundaries,Tier 3: Latent & Paraphrastic,Republic Act No. 7160 (The Local Government Code of 1991),Section 458(a)(1)(iii),"Section 458. Powers, Duties, Functions and Compensation. (a) The sangguniang panlungsod, as the legislative body of the city, shall enact ordinances, approve resolutions and appropriate funds for the general welfare of the city and its inhabitants pursuant to Section 16 of this Code and in the proper exercise of the corporate powers of the city as provided for under Section 22 of this Code, and shall: (1) Approve ordinances and pass resolutions necessary for an efficient and effective city government, and in this connection, shall: (i) Review all ordinances approved by the sangguniang barangay and executive orders issued by the punong barangay to determine whether these are within the scope of the prescribed powers of the sanggunian and of the punong barangay; (ii) Maintain peace and order by enacting measures to prevent and suppress lawlessness, disorder, riot, violence, rebellion or sedition and impose penalties for violation of said ordinances; (iii) Approve ordinances imposing a fine not exceeding Five thousand pesos (P5,000.00) or an imprisonment for a period not exceeding one (1) year, or both in the discretion of the court, for the violation of a city ordinance;",Davao City Municipal Ordinance Penal Harmonization Protocol,"SECTION 14. STATUTORY PENAL HARMONIZATION. — Penal clauses enacted across all local city ordinances shall remain strictly subordinate to national statutory ceilings, ensuring that imposable judicial fines and terms of custodial confinement conform to legislative boundaries prescribed by national law.",,,
GT-137,Local Government & Territorial Boundaries,Tier 3: Latent & Paraphrastic,Republic Act No. 9344 (Juvenile Justice and Welfare Act of 2006),Section 6,"SEC. 6. Minimum Age of Criminal Responsibility. - A child fifteen (15) years of age or under at the time of the commission of the offense shall be exempt from criminal liability. However, the child shall be subjected to an intervention program pursuant to Section 20 of this Act. A child above fifteen (15) years but below eighteen (18) years of age shall likewise be exempt from criminal liability and be subjected to an intervention program, unless he/she has acted with discernment, in which case, such child shall be subjected to the appropriate proceedings in accordance with this Act. The exemption from criminal liability herein established does not include exemption from civil liability, which shall be enforced in accordance with existing laws.",Davao City Youth Restorative Justice and Diversion Charter,SECTION 5. COMMUNITY RESTORATIVE REDIRECTION. — The City Social Welfare and Development Office shall enroll youth who commit ordinance infractions into restorative community mentoring programs to support personal development without criminal stigmatization.,,,
GT-138,Local Government & Territorial Boundaries,Tier 3: Latent & Paraphrastic,Republic Act No. 7160 (The Local Government Code of 1991),Section 152(c),"Section 152. Scope of Taxing Powers. - The barangays may levy taxes, fees, and charges, as provided in this Article, which shall exclusively accrue to them: (a) Taxes - On stores or retailers with fixed business establishments with gross sales of receipts of the preceding calendar year of Fifty thousand pesos (P50,000.00) or less, in the case of cities and Thirty thousand pesos (P30,000.00) or less, in the case of municipalities, at a rate not exceeding one percent (1%) on such gross sales or receipts. (b) Service Fees or Charges. - Barangays may collect reasonable fees or charges for services rendered in connection with the regulations or the use of barangay-owned properties or service facilities such as palay, copra, or tobacco dryers. (c) Barangay Clearance. - No city or municipality may issue any license or permit for any business or activity unless a clearance is first obtained from the barangay where such business or activity is located or conducted. For such clearance, the sangguniang barangay may impose a reasonable fee. The application for clearance shall be acted upon within seven (7) working days from the filing thereof. In the event that the clearance is not issued within the said period, the city or municipality may issue the said license or permit.",Davao City Inter-Governmental Commercial Licensing Coordination Protocol,SECTION 4. LOCAL COMMUNITY LOCATION VALIDATION. — Municipal licensing examiners shall verify that neighborhood councils confirm neighborhood regulatory conformance before authorizing commercial operations in residential districts.,,,
GT-139,Local Government & Territorial Boundaries,Tier 3: Latent & Paraphrastic,Republic Act No. 7160 (The Local Government Code of 1991),Section 458(a)(1)(iii),"Section 458. Powers, Duties, Functions and Compensation. (a) The sangguniang panlungsod, as the legislative body of the city, shall enact ordinances, approve resolutions and appropriate funds for the general welfare of the city and its inhabitants pursuant to Section 16 of this Code and in the proper exercise of the corporate powers of the city as provided for under Section 22 of this Code, and shall: (1) Approve ordinances and pass resolutions necessary for an efficient and effective city government, and in this connection, shall: (i) Review all ordinances approved by the sangguniang barangay and executive orders issued by the punong barangay to determine whether these are within the scope of the prescribed powers of the sanggunian and of the punong barangay; (ii) Maintain peace and order by enacting measures to prevent and suppress lawlessness, disorder, riot, violence, rebellion or sedition and impose penalties for violation of said ordinances; (iii) Approve ordinances imposing a fine not exceeding Five thousand pesos (P5,000.00) or an imprisonment for a period not exceeding one (1) year, or both in the discretion of the court, for the violation of a city ordinance;",Davao City Municipal Ordinance Penal Harmonization Protocol [District 1 (Poblacion/Talomo) - Agricultural Buffer],"SECTION 14. STATUTORY PENAL HARMONIZATION. — Penal clauses enacted across all local city ordinances shall remain strictly subordinate to national statutory ceilings, ensuring that imposable judicial fines and terms of custodial confinement conform to legislative boundaries prescribed by national law.",,,
GT-140,Local Government & Territorial Boundaries,Tier 3: Latent & Paraphrastic,Republic Act No. 9344 (Juvenile Justice and Welfare Act of 2006),Section 6,"SEC. 6. Minimum Age of Criminal Responsibility. - A child fifteen (15) years of age or under at the time of the commission of the offense shall be exempt from criminal liability. However, the child shall be subjected to an intervention program pursuant to Section 20 of this Act. A child above fifteen (15) years but below eighteen (18) years of age shall likewise be exempt from criminal liability and be subjected to an intervention program, unless he/she has acted with discernment, in which case, such child shall be subjected to the appropriate proceedings in accordance with this Act. The exemption from criminal liability herein established does not include exemption from civil liability, which shall be enforced in accordance with existing laws.",Davao City Youth Restorative Justice and Diversion Charter [District 2 (Buhangin/Bunawan/Agdao) - Eco-Tourism Coastal Zone],SECTION 5. COMMUNITY RESTORATIVE REDIRECTION. — The City Social Welfare and Development Office shall enroll youth who commit ordinance infractions into restorative community mentoring programs to support personal development without criminal stigmatization.,,,
